image_filename,object_a_desc,object_b_desc,label,gap_bucket,random_balanced_pred,random_balanced_correct,lower_pixel_y_pred,lower_pixel_y_correct,higher_pixel_y_pred,higher_pixel_y_correct,larger_object_pred,larger_object_correct,left_object_pred,left_object_correct,right_object_pred,right_object_correct
CLEVR_val_000222.png,small blue rubber sphere,large blue rubber sphere,a_front,large,a_front,True,a_front,True,b_front,False,b_front,False,a_front,True,b_front,False
CLEVR_val_000104.png,large yellow metal cube,large cyan rubber sphere,b_front,medium,b_front,True,b_front,True,a_front,False,b_front,True,b_front,True,a_front,False
CLEVR_val_000001.png,large blue rubber cylinder,small green metal cylinder,b_front,medium,a_front,False,b_front,True,a_front,False,a_front,False,b_front,True,a_front,False
CLEVR_val_000175.png,large purple rubber cube,large cyan rubber cube,b_front,medium,b_front,True,b_front,True,a_front,False,b_front,True,b_front,True,a_front,False
CLEVR_val_000001.png,small cyan rubber cylinder,small green metal cylinder,a_front,medium,a_front,True,a_front,True,b_front,False,a_front,True,b_front,False,a_front,True
CLEVR_val_000152.png,small purple rubber cylinder,large red metal cylinder,a_front,large,b_front,False,a_front,True,b_front,False,b_front,False,a_front,True,b_front,False
CLEVR_val_000095.png,small gray rubber cylinder,small yellow rubber cube,b_front,large,a_front,False,b_front,True,a_front,False,a_front,False,a_front,False,b_front,True
CLEVR_val_000196.png,small yellow rubber sphere,small yellow metal cube,a_front,small,b_front,False,a_front,True,b_front,False,b_front,False,b_front,False,a_front,True
CLEVR_val_000172.png,small brown metal cube,small gray metal cube,a_front,medium,a_front,True,a_front,True,b_front,False,a_front,True,b_front,False,a_front,True
CLEVR_val_000020.png,large gray metal cube,large blue rubber cube,b_front,large,b_front,True,b_front,True,a_front,False,b_front,True,a_front,False,b_front,True
CLEVR_val_000217.png,large green rubber sphere,large brown rubber sphere,a_front,large,a_front,True,a_front,True,b_front,False,a_front,True,b_front,False,a_front,True
CLEVR_val_000105.png,large brown rubber cube,small yellow rubber cube,b_front,medium,b_front,True,b_front,True,a_front,False,a_front,False,a_front,False,b_front,True
CLEVR_val_000102.png,large yellow metal sphere,small red rubber cube,b_front,medium,a_front,False,b_front,True,a_front,False,a_front,False,a_front,False,b_front,True
CLEVR_val_000071.png,small gray metal cylinder,small purple rubber cylinder,a_front,medium,b_front,False,a_front,True,b_front,False,b_front,False,a_front,True,b_front,False
CLEVR_val_000227.png,large yellow rubber cube,small purple rubber cylinder,b_front,large,a_front,False,b_front,True,a_front,False,a_front,False,b_front,True,a_front,False
CLEVR_val_000149.png,large purple metal sphere,large cyan rubber cube,b_front,large,b_front,True,b_front,True,a_front,False,b_front,True,a_front,False,b_front,True
CLEVR_val_000066.png,small green rubber cylinder,large blue rubber cube,b_front,large,a_front,False,b_front,True,a_front,False,b_front,True,a_front,False,b_front,True
CLEVR_val_000282.png,large purple metal sphere,small green metal sphere,a_front,large,b_front,False,a_front,True,b_front,False,a_front,True,a_front,True,b_front,False
CLEVR_val_000196.png,large cyan rubber sphere,large red rubber cube,b_front,medium,a_front,False,b_front,True,a_front,False,a_front,False,a_front,False,b_front,True
CLEVR_val_000101.png,small cyan metal cube,large cyan rubber cube,b_front,medium,b_front,True,b_front,True,a_front,False,b_front,True,a_front,False,b_front,True
CLEVR_val_000191.png,small green metal cube,small red rubber cylinder,a_front,large,a_front,True,a_front,True,b_front,False,a_front,True,b_front,False,a_front,True
CLEVR_val_000028.png,large brown rubber cube,small blue rubber cube,a_front,large,b_front,False,a_front,True,b_front,False,a_front,True,b_front,False,a_front,True
CLEVR_val_000130.png,large red rubber cylinder,small green rubber cylinder,a_front,medium,a_front,True,a_front,True,b_front,False,a_front,True,a_front,True,b_front,False
CLEVR_val_000171.png,small brown rubber cylinder,small purple rubber sphere,a_front,large,b_front,False,a_front,True,b_front,False,b_front,False,a_front,True,b_front,False
CLEVR_val_000181.png,small brown rubber sphere,small blue rubber sphere,a_front,medium,a_front,True,a_front,True,b_front,False,a_front,True,a_front,True,b_front,False
CLEVR_val_000185.png,small brown metal cube,large purple rubber sphere,a_front,large,b_front,False,a_front,True,b_front,False,b_front,False,b_front,False,a_front,True
CLEVR_val_000077.png,large blue metal sphere,small brown rubber sphere,a_front,large,a_front,True,a_front,True,b_front,False,a_front,True,a_front,True,b_front,False
CLEVR_val_000000.png,large brown rubber cylinder,small gray metal cube,b_front,large,b_front,True,b_front,True,a_front,False,a_front,False,a_front,False,b_front,True
CLEVR_val_000078.png,small purple metal cylinder,small gray metal cylinder,b_front,medium,a_front,False,b_front,True,a_front,False,a_front,False,b_front,True,a_front,False
CLEVR_val_000218.png,small red metal sphere,large green metal cube,a_front,medium,b_front,False,a_front,True,b_front,False,b_front,False,a_front,True,b_front,False
CLEVR_val_000112.png,large red metal cylinder,large gray metal cube,a_front,large,a_front,True,a_front,True,b_front,False,a_front,True,a_front,True,b_front,False
CLEVR_val_000195.png,large purple metal cube,small cyan rubber cube,a_front,large,b_front,False,a_front,True,b_front,False,a_front,True,b_front,False,a_front,True
CLEVR_val_000176.png,small gray rubber cylinder,large brown metal sphere,b_front,medium,a_front,False,b_front,True,a_front,False,b_front,True,a_front,False,b_front,True
CLEVR_val_000020.png,small cyan metal cube,large cyan metal sphere,a_front,medium,b_front,False,a_front,True,b_front,False,b_front,False,b_front,False,a_front,True
CLEVR_val_000240.png,large blue rubber cube,large cyan metal cube,a_front,large,a_front,True,a_front,True,b_front,False,a_front,True,a_front,True,b_front,False
CLEVR_val_000156.png,large green rubber cube,small red rubber cylinder,b_front,large,b_front,True,b_front,True,a_front,False,a_front,False,a_front,False,b_front,True
CLEVR_val_000114.png,small purple rubber cube,large blue rubber cylinder,a_front,large,a_front,True,a_front,True,b_front,False,b_front,False,b_front,False,a_front,True
CLEVR_val_000175.png,large gray rubber cube,small purple metal sphere,a_front,large,b_front,False,a_front,True,b_front,False,a_front,True,b_front,False,a_front,True
CLEVR_val_000160.png,large green metal cube,small gray rubber cylinder,b_front,large,a_front,False,b_front,True,a_front,False,a_front,False,b_front,True,a_front,False
CLEVR_val_000188.png,small brown metal cylinder,large gray metal cylinder,a_front,large,b_front,False,a_front,True,b_front,False,b_front,False,b_front,False,a_front,True
CLEVR_val_000198.png,large blue rubber sphere,small blue metal cylinder,b_front,small,a_front,False,b_front,True,a_front,False,a_front,False,b_front,True,a_front,False
CLEVR_val_000250.png,large purple metal sphere,small yellow metal cube,a_front,small,b_front,False,b_front,False,a_front,True,a_front,True,a_front,True,b_front,False
CLEVR_val_000227.png,large green metal cylinder,large gray metal cylinder,b_front,large,a_front,False,b_front,True,a_front,False,a_front,False,b_front,True,a_front,False
CLEVR_val_000278.png,large blue metal cube,small purple metal sphere,b_front,small,b_front,True,b_front,True,a_front,False,a_front,False,a_front,False,b_front,True
CLEVR_val_000239.png,large cyan rubber cylinder,large blue rubber cylinder,a_front,medium,a_front,True,a_front,True,b_front,False,a_front,True,b_front,False,a_front,True
CLEVR_val_000212.png,large blue rubber cylinder,large yellow metal cube,b_front,large,b_front,True,b_front,True,a_front,False,b_front,True,a_front,False,b_front,True
CLEVR_val_000273.png,large purple metal sphere,small yellow metal sphere,a_front,large,a_front,True,a_front,True,b_front,False,a_front,True,b_front,False,a_front,True
CLEVR_val_000237.png,small red rubber cylinder,large brown metal sphere,b_front,large,b_front,True,b_front,True,a_front,False,b_front,True,b_front,True,a_front,False
CLEVR_val_000076.png,large red rubber cube,large blue rubber cube,a_front,large,a_front,True,a_front,True,b_front,False,a_front,True,a_front,True,b_front,False
CLEVR_val_000170.png,large green metal cube,small purple rubber sphere,a_front,medium,b_front,False,a_front,True,b_front,False,a_front,True,b_front,False,a_front,True
CLEVR_val_000152.png,small blue rubber cube,small brown metal sphere,a_front,large,a_front,True,a_front,True,b_front,False,a_front,True,a_front,True,b_front,False
CLEVR_val_000161.png,small blue rubber cube,large cyan metal sphere,b_front,medium,b_front,True,b_front,True,a_front,False,b_front,True,a_front,False,b_front,True
CLEVR_val_000158.png,large purple rubber sphere,large gray rubber cube,a_front,small,a_front,True,a_front,True,b_front,False,a_front,True,a_front,True,b_front,False
CLEVR_val_000196.png,large cyan rubber sphere,small purple rubber cube,b_front,small,b_front,True,b_front,True,a_front,False,a_front,False,b_front,True,a_front,False
CLEVR_val_000047.png,small red metal cube,small cyan rubber sphere,a_front,small,a_front,True,a_front,True,b_front,False,a_front,True,a_front,True,b_front,False
CLEVR_val_000181.png,small blue rubber sphere,small brown metal cube,b_front,large,b_front,True,b_front,True,a_front,False,b_front,True,b_front,True,a_front,False
CLEVR_val_000228.png,small gray metal sphere,small yellow metal cylinder,b_front,large,a_front,False,b_front,True,a_front,False,a_front,False,a_front,False,b_front,True
CLEVR_val_000095.png,large yellow metal cylinder,large purple rubber cylinder,a_front,small,b_front,False,a_front,True,b_front,False,b_front,False,b_front,False,a_front,True
CLEVR_val_000081.png,small cyan metal sphere,small brown metal sphere,b_front,medium,a_front,False,b_front,True,a_front,False,a_front,False,b_front,True,a_front,False
CLEVR_val_000131.png,small brown metal cube,small gray rubber cube,b_front,medium,b_front,True,b_front,True,a_front,False,b_front,True,b_front,True,a_front,False
CLEVR_val_000234.png,large purple rubber cube,large gray metal cube,b_front,large,a_front,False,b_front,True,a_front,False,a_front,False,a_front,False,b_front,True
CLEVR_val_000209.png,small cyan metal cylinder,small cyan rubber sphere,a_front,large,b_front,False,a_front,True,b_front,False,b_front,False,b_front,False,a_front,True
CLEVR_val_000111.png,small yellow metal cube,large cyan metal sphere,b_front,large,a_front,False,b_front,True,a_front,False,b_front,True,a_front,False,b_front,True
CLEVR_val_000157.png,small cyan rubber cube,large red rubber sphere,a_front,medium,b_front,False,a_front,True,b_front,False,b_front,False,a_front,True,b_front,False
CLEVR_val_000241.png,large green metal cube,small yellow rubber cube,b_front,large,a_front,False,b_front,True,a_front,False,a_front,False,a_front,False,b_front,True
CLEVR_val_000053.png,large brown rubber cylinder,small yellow metal cylinder,b_front,large,b_front,True,b_front,True,a_front,False,a_front,False,a_front,False,b_front,True
CLEVR_val_000057.png,small cyan metal sphere,large purple metal cube,a_front,small,a_front,True,a_front,True,b_front,False,b_front,False,b_front,False,a_front,True
CLEVR_val_000259.png,large brown rubber sphere,small blue rubber cylinder,b_front,large,b_front,True,b_front,True,a_front,False,a_front,False,b_front,True,a_front,False
CLEVR_val_000252.png,large red metal cube,small green rubber cube,a_front,large,a_front,True,a_front,True,b_front,False,a_front,True,a_front,True,b_front,False
CLEVR_val_000156.png,small green rubber cylinder,small purple metal sphere,a_front,medium,b_front,False,a_front,True,b_front,False,b_front,False,a_front,True,b_front,False
CLEVR_val_000126.png,small yellow metal cylinder,small red metal cube,b_front,large,a_front,False,b_front,True,a_front,False,a_front,False,b_front,True,a_front,False
CLEVR_val_000217.png,small red metal cube,small cyan metal cube,a_front,large,b_front,False,a_front,True,b_front,False,b_front,False,a_front,True,b_front,False
CLEVR_val_000100.png,small green rubber sphere,small red metal cube,a_front,small,a_front,True,a_front,True,b_front,False,a_front,True,a_front,True,b_front,False
CLEVR_val_000258.png,small cyan metal sphere,small gray metal sphere,a_front,large,b_front,False,a_front,True,b_front,False,b_front,False,b_front,False,a_front,True
CLEVR_val_000106.png,large green rubber cube,large blue metal cube,a_front,medium,a_front,True,a_front,True,b_front,False,a_front,True,a_front,True,b_front,False
CLEVR_val_000185.png,small brown metal cylinder,large red rubber cube,b_front,large,b_front,True,b_front,True,a_front,False,b_front,True,a_front,False,b_front,True
CLEVR_val_000283.png,small purple rubber cylinder,large brown metal cube,b_front,medium,a_front,False,b_front,True,a_front,False,b_front,True,a_front,False,b_front,True
CLEVR_val_000073.png,small blue rubber sphere,large red rubber sphere,a_front,large,b_front,False,a_front,True,b_front,False,b_front,False,b_front,False,a_front,True
CLEVR_val_000008.png,small gray metal sphere,large purple metal sphere,a_front,small,a_front,True,a_front,True,b_front,False,b_front,False,a_front,True,b_front,False
CLEVR_val_000131.png,large gray metal sphere,small gray rubber cube,a_front,large,b_front,False,a_front,True,b_front,False,a_front,True,b_front,False,a_front,True
CLEVR_val_000277.png,small purple metal cylinder,small yellow metal cube,a_front,small,a_front,True,a_front,True,b_front,False,a_front,True,b_front,False,a_front,True
CLEVR_val_000165.png,small blue metal sphere,large brown metal cube,a_front,medium,b_front,False,a_front,True,b_front,False,b_front,False,b_front,False,a_front,True
CLEVR_val_000246.png,large cyan rubber cylinder,small green rubber sphere,a_front,large,a_front,True,a_front,True,b_front,False,a_front,True,b_front,False,a_front,True
CLEVR_val_000204.png,large green rubber sphere,large red metal cylinder,b_front,large,b_front,True,b_front,True,a_front,False,b_front,True,a_front,False,b_front,True
CLEVR_val_000121.png,large blue metal cylinder,large blue rubber sphere,b_front,large,a_front,False,b_front,True,a_front,False,a_front,False,a_front,False,b_front,True
CLEVR_val_000168.png,large yellow metal cylinder,large gray metal cube,a_front,medium,b_front,False,a_front,True,b_front,False,b_front,False,a_front,True,b_front,False
CLEVR_val_000068.png,large cyan rubber cylinder,small red rubber cylinder,b_front,large,a_front,False,b_front,True,a_front,False,a_front,False,a_front,False,b_front,True
CLEVR_val_000182.png,large brown metal cube,large blue metal sphere,b_front,large,b_front,True,b_front,True,a_front,False,b_front,True,b_front,True,a_front,False
CLEVR_val_000283.png,small purple rubber cylinder,small yellow rubber sphere,b_front,large,a_front,False,b_front,True,a_front,False,a_front,False,b_front,True,a_front,False
CLEVR_val_000023.png,small blue rubber sphere,small red rubber sphere,b_front,large,b_front,True,b_front,True,a_front,False,b_front,True,b_front,True,a_front,False
CLEVR_val_000071.png,small blue metal sphere,small green rubber sphere,b_front,medium,a_front,False,b_front,True,a_front,False,a_front,False,b_front,True,a_front,False
CLEVR_val_000170.png,small red rubber cube,small yellow metal sphere,b_front,medium,b_front,True,b_front,True,a_front,False,b_front,True,b_front,True,a_front,False
CLEVR_val_000159.png,small brown metal cube,large brown metal cylinder,b_front,large,a_front,False,b_front,True,a_front,False,b_front,True,b_front,True,a_front,False
CLEVR_val_000077.png,large blue rubber cube,small green rubber cube,b_front,medium,b_front,True,b_front,True,a_front,False,a_front,False,a_front,False,b_front,True
CLEVR_val_000036.png,large cyan metal cube,small yellow metal cylinder,a_front,medium,a_front,True,a_front,True,b_front,False,a_front,True,b_front,False,a_front,True
CLEVR_val_000162.png,large purple metal cylinder,large brown rubber cube,b_front,large,b_front,True,b_front,True,a_front,False,b_front,True,b_front,True,a_front,False
CLEVR_val_000191.png,small green metal cube,small red metal sphere,a_front,medium,a_front,True,a_front,True,b_front,False,a_front,True,b_front,False,a_front,True
CLEVR_val_000131.png,small brown metal cube,small red metal cube,b_front,medium,b_front,True,b_front,True,a_front,False,b_front,True,b_front,True,a_front,False
CLEVR_val_000240.png,large brown metal sphere,small purple metal sphere,b_front,small,a_front,False,b_front,True,a_front,False,a_front,False,b_front,True,a_front,False
CLEVR_val_000049.png,small brown rubber sphere,large purple metal cylinder,a_front,medium,b_front,False,a_front,True,b_front,False,b_front,False,b_front,False,a_front,True
CLEVR_val_000157.png,small brown rubber cylinder,large green rubber cylinder,a_front,small,a_front,True,a_front,True,b_front,False,b_front,False,b_front,False,a_front,True
CLEVR_val_000236.png,large green rubber cylinder,small blue rubber cylinder,a_front,large,b_front,False,a_front,True,b_front,False,a_front,True,b_front,False,a_front,True
CLEVR_val_000025.png,small cyan rubber sphere,large gray metal cylinder,b_front,medium,a_front,False,b_front,True,a_front,False,b_front,True,b_front,True,a_front,False
CLEVR_val_000271.png,large gray rubber cylinder,large yellow rubber cube,a_front,medium,b_front,False,a_front,True,b_front,False,b_front,False,b_front,False,a_front,True
CLEVR_val_000073.png,large purple rubber sphere,small green metal cylinder,b_front,medium,a_front,False,b_front,True,a_front,False,a_front,False,a_front,False,b_front,True
CLEVR_val_000193.png,large gray metal cube,small gray rubber cylinder,b_front,large,b_front,True,b_front,True,a_front,False,a_front,False,b_front,True,a_front,False
CLEVR_val_000095.png,small yellow metal cube,large yellow metal cylinder,b_front,medium,a_front,False,b_front,True,a_front,False,b_front,True,a_front,False,b_front,True
CLEVR_val_000274.png,large cyan rubber cube,large purple rubber cube,b_front,large,b_front,True,b_front,True,a_front,False,b_front,True,a_front,False,b_front,True
CLEVR_val_000050.png,small yellow rubber cylinder,large green rubber sphere,b_front,large,a_front,False,b_front,True,a_front,False,b_front,True,a_front,False,b_front,True
CLEVR_val_000257.png,large purple rubber cylinder,large green metal cylinder,a_front,large,b_front,False,a_front,True,b_front,False,b_front,False,b_front,False,a_front,True
CLEVR_val_000032.png,large brown rubber cylinder,large yellow rubber sphere,b_front,large,a_front,False,b_front,True,a_front,False,a_front,False,b_front,True,a_front,False
CLEVR_val_000255.png,large gray rubber sphere,large green metal cylinder,a_front,medium,b_front,False,a_front,True,b_front,False,b_front,False,b_front,False,a_front,True
CLEVR_val_000078.png,small purple metal cylinder,small blue rubber sphere,b_front,large,a_front,False,b_front,True,a_front,False,a_front,False,b_front,True,a_front,False
CLEVR_val_000192.png,large brown metal cylinder,small purple rubber cube,b_front,large,b_front,True,b_front,True,a_front,False,a_front,False,b_front,True,a_front,False
CLEVR_val_000123.png,small brown metal cube,small gray metal sphere,a_front,small,a_front,True,a_front,True,b_front,False,a_front,True,b_front,False,a_front,True
CLEVR_val_000254.png,large brown rubber cylinder,large yellow metal cube,a_front,large,b_front,False,a_front,True,b_front,False,b_front,False,b_front,False,a_front,True
CLEVR_val_000239.png,large cyan rubber cylinder,small gray rubber cube,b_front,medium,a_front,False,b_front,True,a_front,False,a_front,False,a_front,False,b_front,True
CLEVR_val_000049.png,small yellow metal sphere,small green metal cube,a_front,small,b_front,False,a_front,True,b_front,False,b_front,False,b_front,False,a_front,True
CLEVR_val_000215.png,small yellow metal sphere,small brown rubber sphere,b_front,large,a_front,False,b_front,True,a_front,False,a_front,False,a_front,False,b_front,True
CLEVR_val_000104.png,large cyan rubber sphere,large brown metal sphere,b_front,large,b_front,True,b_front,True,a_front,False,b_front,True,a_front,False,b_front,True
CLEVR_val_000114.png,small gray rubber cylinder,small brown rubber cube,a_front,medium,a_front,True,a_front,True,b_front,False,a_front,True,a_front,True,b_front,False
CLEVR_val_000092.png,large brown rubber sphere,large red rubber cube,b_front,large,b_front,True,b_front,True,a_front,False,b_front,True,b_front,True,a_front,False
CLEVR_val_000181.png,small brown metal cylinder,small brown metal cube,b_front,medium,a_front,False,b_front,True,a_front,False,a_front,False,b_front,True,a_front,False
CLEVR_val_000155.png,large blue metal sphere,large blue metal cylinder,a_front,large,b_front,False,a_front,True,b_front,False,b_front,False,a_front,True,b_front,False
CLEVR_val_000222.png,large blue metal sphere,large yellow metal cylinder,a_front,large,a_front,True,a_front,True,b_front,False,a_front,True,a_front,True,b_front,False
CLEVR_val_000126.png,large blue metal cylinder,small cyan metal cylinder,a_front,medium,b_front,False,a_front,True,b_front,False,a_front,True,a_front,True,b_front,False
CLEVR_val_000188.png,large green rubber sphere,large purple metal cylinder,a_front,large,a_front,True,a_front,True,b_front,False,a_front,True,a_front,True,b_front,False
CLEVR_val_000191.png,large purple rubber sphere,small green metal cube,b_front,medium,b_front,True,b_front,True,a_front,False,a_front,False,a_front,False,b_front,True
CLEVR_val_000225.png,large brown metal cube,small cyan rubber cube,a_front,large,a_front,True,a_front,True,b_front,False,a_front,True,b_front,False,a_front,True
CLEVR_val_000213.png,small gray rubber cube,large purple metal sphere,a_front,medium,b_front,False,a_front,True,b_front,False,b_front,False,b_front,False,a_front,True
CLEVR_val_000011.png,large brown rubber cylinder,small gray rubber sphere,a_front,medium,a_front,True,a_front,True,b_front,False,a_front,True,a_front,True,b_front,False
CLEVR_val_000077.png,large blue metal sphere,small brown metal sphere,a_front,large,b_front,False,a_front,True,b_front,False,a_front,True,b_front,False,a_front,True
CLEVR_val_000075.png,small brown metal cube,small red rubber cube,b_front,large,a_front,False,b_front,True,a_front,False,a_front,False,a_front,False,b_front,True
CLEVR_val_000023.png,large brown metal sphere,large brown rubber cube,b_front,small,b_front,True,b_front,True,a_front,False,b_front,True,a_front,False,b_front,True
CLEVR_val_000023.png,small green rubber cube,large gray metal cylinder,b_front,large,a_front,False,b_front,True,a_front,False,b_front,True,b_front,True,a_front,False
CLEVR_val_000104.png,large purple metal sphere,small brown metal cylinder,a_front,large,b_front,False,a_front,True,b_front,False,a_front,True,a_front,True,b_front,False
CLEVR_val_000031.png,small red rubber cylinder,small green rubber sphere,b_front,large,a_front,False,b_front,True,a_front,False,a_front,False,a_front,False,b_front,True
CLEVR_val_000228.png,large gray rubber cylinder,small yellow metal cylinder,b_front,large,b_front,True,b_front,True,a_front,False,a_front,False,a_front,False,b_front,True
CLEVR_val_000267.png,small green rubber cube,large red rubber cylinder,a_front,large,a_front,True,a_front,True,b_front,False,b_front,False,a_front,True,b_front,False
CLEVR_val_000125.png,large green rubber sphere,large green rubber cube,b_front,large,b_front,True,b_front,True,a_front,False,b_front,True,b_front,True,a_front,False
CLEVR_val_000263.png,large purple metal cube,small gray rubber cube,b_front,large,a_front,False,b_front,True,a_front,False,a_front,False,a_front,False,b_front,True
CLEVR_val_000055.png,small gray metal cube,large yellow metal cylinder,a_front,large,b_front,False,a_front,True,b_front,False,b_front,False,a_front,True,b_front,False
CLEVR_val_000243.png,large green metal sphere,large brown metal cube,b_front,large,a_front,False,b_front,True,a_front,False,a_front,False,a_front,False,b_front,True
CLEVR_val_000232.png,large cyan metal sphere,small purple metal cube,b_front,large,b_front,True,b_front,True,a_front,False,a_front,False,b_front,True,a_front,False
CLEVR_val_000181.png,small blue rubber sphere,large green metal cube,a_front,large,a_front,True,a_front,True,b_front,False,b_front,False,b_front,False,a_front,True
CLEVR_val_000181.png,small brown metal cylinder,large brown metal cylinder,a_front,large,b_front,False,a_front,True,b_front,False,b_front,False,b_front,False,a_front,True
CLEVR_val_000061.png,small gray rubber cylinder,small green metal cylinder,a_front,medium,a_front,True,a_front,True,b_front,False,a_front,True,b_front,False,a_front,True
CLEVR_val_000083.png,large blue metal cube,small green rubber cylinder,b_front,medium,b_front,True,b_front,True,a_front,False,a_front,False,a_front,False,b_front,True
CLEVR_val_000287.png,small brown rubber sphere,small blue metal cylinder,b_front,large,a_front,False,b_front,True,a_front,False,a_front,False,b_front,True,a_front,False
CLEVR_val_000151.png,small brown metal sphere,small brown rubber sphere,a_front,large,b_front,False,a_front,True,b_front,False,b_front,False,b_front,False,a_front,True
CLEVR_val_000156.png,large green rubber cube,small blue metal cube,b_front,large,a_front,False,b_front,True,a_front,False,a_front,False,b_front,True,a_front,False
CLEVR_val_000092.png,small green metal sphere,large cyan rubber cube,b_front,large,b_front,True,b_front,True,a_front,False,b_front,True,a_front,False,b_front,True
CLEVR_val_000077.png,small brown rubber sphere,large cyan metal cube,b_front,large,a_front,False,b_front,True,a_front,False,b_front,True,a_front,False,b_front,True
CLEVR_val_000151.png,small brown metal sphere,small cyan rubber cylinder,a_front,large,b_front,False,a_front,True,b_front,False,b_front,False,a_front,True,b_front,False
CLEVR_val_000105.png,small blue metal cube,large red metal sphere,a_front,large,a_front,True,a_front,True,b_front,False,b_front,False,a_front,True,b_front,False
CLEVR_val_000008.png,small brown rubber cube,small yellow metal cube,b_front,large,b_front,True,b_front,True,a_front,False,b_front,True,a_front,False,b_front,True
CLEVR_val_000188.png,large brown rubber cylinder,large green rubber sphere,b_front,large,a_front,False,b_front,True,a_front,False,a_front,False,a_front,False,b_front,True
CLEVR_val_000277.png,large purple rubber sphere,small yellow metal cube,a_front,large,b_front,False,a_front,True,b_front,False,a_front,True,a_front,True,b_front,False
CLEVR_val_000009.png,small brown metal sphere,small gray metal sphere,b_front,medium,a_front,False,b_front,True,a_front,False,a_front,False,b_front,True,a_front,False
CLEVR_val_000192.png,small purple rubber sphere,large purple metal cylinder,b_front,small,b_front,True,a_front,False,b_front,True,b_front,True,a_front,False,b_front,True
CLEVR_val_000142.png,large purple metal sphere,small green metal cylinder,a_front,large,a_front,True,a_front,True,b_front,False,a_front,True,b_front,False,a_front,True
CLEVR_val_000134.png,small gray rubber cylinder,large green metal sphere,a_front,large,b_front,False,a_front,True,b_front,False,b_front,False,b_front,False,a_front,True
CLEVR_val_000209.png,small cyan rubber sphere,large green metal cylinder,b_front,large,a_front,False,b_front,True,a_front,False,b_front,True,a_front,False,b_front,True
CLEVR_val_000262.png,large blue metal cylinder,small brown rubber sphere,b_front,large,b_front,True,b_front,True,a_front,False,a_front,False,b_front,True,a_front,False
CLEVR_val_000237.png,small green metal cylinder,small red rubber cylinder,a_front,large,a_front,True,a_front,True,b_front,False,a_front,True,a_front,True,b_front,False
CLEVR_val_000078.png,large red metal cube,large gray rubber cube,a_front,small,b_front,False,a_front,True,b_front,False,b_front,False,b_front,False,a_front,True
CLEVR_val_000073.png,small purple metal sphere,small blue rubber sphere,b_front,large,a_front,False,b_front,True,a_front,False,a_front,False,a_front,False,b_front,True
CLEVR_val_000270.png,large yellow rubber sphere,small yellow metal cylinder,b_front,large,b_front,True,b_front,True,a_front,False,a_front,False,a_front,False,b_front,True
CLEVR_val_000237.png,small blue rubber sphere,large gray rubber cylinder,a_front,small,a_front,True,a_front,True,b_front,False,b_front,False,b_front,False,a_front,True
CLEVR_val_000137.png,small purple metal cube,large yellow rubber sphere,b_front,medium,b_front,True,b_front,True,a_front,False,b_front,True,a_front,False,b_front,True
CLEVR_val_000171.png,small green metal cube,small purple rubber sphere,a_front,small,a_front,True,a_front,True,b_front,False,a_front,True,a_front,True,b_front,False
CLEVR_val_000225.png,large yellow rubber sphere,large brown metal cube,b_front,large,b_front,True,b_front,True,a_front,False,b_front,True,b_front,True,a_front,False
CLEVR_val_000273.png,small yellow metal sphere,large brown rubber cube,a_front,large,a_front,True,a_front,True,b_front,False,b_front,False,a_front,True,b_front,False
CLEVR_val_000178.png,small red metal cylinder,small brown rubber sphere,b_front,large,b_front,True,b_front,True,a_front,False,b_front,True,a_front,False,b_front,True
CLEVR_val_000051.png,small cyan metal cylinder,small red metal sphere,b_front,large,a_front,False,b_front,True,a_front,False,a_front,False,a_front,False,b_front,True
CLEVR_val_000156.png,large red metal cylinder,small gray metal cylinder,b_front,small,b_front,True,b_front,True,a_front,False,a_front,False,a_front,False,b_front,True
CLEVR_val_000273.png,small blue rubber sphere,small cyan metal sphere,b_front,large,a_front,False,b_front,True,a_front,False,a_front,False,b_front,True,a_front,False
CLEVR_val_000174.png,small purple metal sphere,large blue rubber cylinder,a_front,small,b_front,False,a_front,True,b_front,False,b_front,False,a_front,True,b_front,False
CLEVR_val_000017.png,small gray rubber sphere,large cyan rubber cube,a_front,small,a_front,True,a_front,True,b_front,False,b_front,False,b_front,False,a_front,True
CLEVR_val_000160.png,small blue metal cylinder,large red rubber cylinder,a_front,medium,b_front,False,a_front,True,b_front,False,b_front,False,a_front,True,b_front,False
CLEVR_val_000244.png,large blue metal cylinder,large blue rubber sphere,b_front,large,a_front,False,b_front,True,a_front,False,a_front,False,b_front,True,a_front,False
CLEVR_val_000192.png,small green rubber cube,small gray metal cylinder,a_front,large,b_front,False,a_front,True,b_front,False,b_front,False,b_front,False,a_front,True
CLEVR_val_000017.png,large brown metal cylinder,small brown metal cylinder,a_front,large,a_front,True,a_front,True,b_front,False,a_front,True,b_front,False,a_front,True
CLEVR_val_000065.png,large cyan rubber sphere,large purple rubber cube,b_front,large,b_front,True,b_front,True,a_front,False,b_front,True,a_front,False,b_front,True
CLEVR_val_000156.png,small green rubber cylinder,small blue metal cube,b_front,large,a_front,False,b_front,True,a_front,False,a_front,False,a_front,False,b_front,True
CLEVR_val_000053.png,small yellow rubber cube,small yellow rubber sphere,a_front,large,b_front,False,a_front,True,b_front,False,b_front,False,a_front,True,b_front,False
CLEVR_val_000112.png,large brown rubber cube,large red metal sphere,a_front,large,a_front,True,a_front,True,b_front,False,a_front,True,b_front,False,a_front,True
CLEVR_val_000165.png,small brown metal cylinder,large brown rubber cube,b_front,small,b_front,True,b_front,True,b_front,True,b_front,True,b_front,True,a_front,False
CLEVR_val_000234.png,large green rubber cylinder,small cyan metal cube,a_front,large,a_front,True,a_front,True,b_front,False,a_front,True,b_front,False,a_front,True
CLEVR_val_000134.png,large red rubber sphere,large brown metal cylinder,b_front,medium,b_front,True,b_front,True,a_front,False,b_front,True,b_front,True,a_front,False
CLEVR_val_000208.png,small purple metal sphere,small brown metal sphere,b_front,large,a_front,False,b_front,True,a_front,False,a_front,False,b_front,True,a_front,False
CLEVR_val_000225.png,large blue metal cylinder,small gray metal cube,a_front,large,b_front,False,a_front,True,b_front,False,a_front,True,a_front,True,b_front,False
CLEVR_val_000084.png,large brown metal sphere,large purple metal cylinder,b_front,large,a_front,False,b_front,True,a_front,False,a_front,False,a_front,False,b_front,True
CLEVR_val_000033.png,small green metal cube,small yellow metal sphere,b_front,small,b_front,True,b_front,True,a_front,False,b_front,True,b_front,True,a_front,False
CLEVR_val_000240.png,large blue metal cube,large blue rubber cube,b_front,large,a_front,False,b_front,True,a_front,False,a_front,False,b_front,True,a_front,False
CLEVR_val_000229.png,large yellow metal cube,large brown metal cube,a_front,large,b_front,False,a_front,True,b_front,False,b_front,False,a_front,True,b_front,False
CLEVR_val_000186.png,small green metal cylinder,large gray metal cube,a_front,medium,a_front,True,a_front,True,b_front,False,b_front,False,a_front,True,b_front,False
CLEVR_val_000101.png,small yellow rubber sphere,small cyan metal cube,b_front,small,b_front,True,b_front,True,a_front,False,b_front,True,b_front,True,a_front,False
CLEVR_val_000201.png,small yellow rubber sphere,large green metal cylinder,b_front,medium,a_front,False,b_front,True,a_front,False,b_front,True,a_front,False,b_front,True
CLEVR_val_000023.png,large brown rubber sphere,small blue rubber sphere,a_front,medium,b_front,False,a_front,True,b_front,False,a_front,True,a_front,True,b_front,False
CLEVR_val_000243.png,small brown rubber cylinder,small purple metal cylinder,b_front,medium,a_front,False,b_front,True,a_front,False,a_front,False,a_front,False,b_front,True
CLEVR_val_000219.png,large red metal cube,large gray metal sphere,a_front,large,b_front,False,a_front,True,b_front,False,b_front,False,b_front,False,a_front,True
CLEVR_val_000263.png,small yellow rubber cube,small gray rubber cube,b_front,large,a_front,False,b_front,True,a_front,False,a_front,False,b_front,True,a_front,False
CLEVR_val_000157.png,small cyan rubber cube,large green rubber cylinder,b_front,medium,b_front,True,b_front,True,a_front,False,b_front,True,b_front,True,a_front,False
CLEVR_val_000217.png,small red metal cube,large brown rubber sphere,a_front,large,a_front,True,a_front,True,b_front,False,b_front,False,a_front,True,b_front,False
CLEVR_val_000149.png,large green rubber sphere,large gray rubber cube,b_front,medium,b_front,True,b_front,True,a_front,False,b_front,True,b_front,True,a_front,False
CLEVR_val_000155.png,large red rubber cube,large blue metal cube,b_front,large,a_front,False,b_front,True,a_front,False,a_front,False,a_front,False,b_front,True
CLEVR_val_000239.png,small purple rubber cylinder,small gray rubber cube,a_front,medium,b_front,False,a_front,True,b_front,False,b_front,False,b_front,False,a_front,True
CLEVR_val_000013.png,large purple metal cube,small red metal cube,b_front,large,a_front,False,b_front,True,a_front,False,a_front,False,b_front,True,a_front,False
CLEVR_val_000056.png,large red rubber sphere,small brown rubber sphere,b_front,large,b_front,True,b_front,True,a_front,False,a_front,False,a_front,False,b_front,True
CLEVR_val_000047.png,large purple metal sphere,small cyan rubber cylinder,a_front,large,a_front,True,a_front,True,b_front,False,a_front,True,b_front,False,a_front,True
CLEVR_val_000059.png,large gray metal cube,small purple rubber cylinder,a_front,large,b_front,False,a_front,True,b_front,False,a_front,True,b_front,False,a_front,True
CLEVR_val_000216.png,small blue rubber cylinder,small brown rubber sphere,a_front,small,a_front,True,a_front,True,b_front,False,a_front,True,b_front,False,a_front,True
CLEVR_val_000255.png,large blue rubber cube,small cyan rubber cube,b_front,large,b_front,True,b_front,True,a_front,False,a_front,False,b_front,True,a_front,False
CLEVR_val_000178.png,large yellow rubber cylinder,small cyan metal cylinder,a_front,large,a_front,True,a_front,True,b_front,False,a_front,True,a_front,True,b_front,False
CLEVR_val_000024.png,small yellow metal cylinder,large blue metal cube,b_front,medium,b_front,True,b_front,True,a_front,False,b_front,True,b_front,True,a_front,False
CLEVR_val_000160.png,large yellow metal cylinder,large green metal cube,a_front,large,a_front,True,a_front,True,b_front,False,a_front,True,a_front,True,b_front,False
CLEVR_val_000152.png,large yellow metal sphere,small brown metal sphere,a_front,small,b_front,False,b_front,False,a_front,True,a_front,True,b_front,False,a_front,True
CLEVR_val_000160.png,small cyan metal sphere,small gray rubber cylinder,b_front,large,a_front,False,b_front,True,a_front,False,a_front,False,b_front,True,a_front,False
CLEVR_val_000283.png,large purple rubber cube,large red rubber cube,a_front,large,b_front,False,a_front,True,b_front,False,b_front,False,a_front,True,b_front,False
CLEVR_val_000239.png,small purple rubber cylinder,large blue rubber cylinder,a_front,large,a_front,True,a_front,True,b_front,False,b_front,False,b_front,False,a_front,True
CLEVR_val_000205.png,large gray rubber cylinder,large red metal sphere,b_front,large,b_front,True,b_front,True,a_front,False,b_front,True,b_front,True,a_front,False
CLEVR_val_000086.png,small purple metal cube,large cyan rubber cylinder,b_front,large,a_front,False,b_front,True,a_front,False,b_front,True,b_front,True,a_front,False
CLEVR_val_000236.png,small green metal sphere,large green metal cylinder,a_front,large,b_front,False,a_front,True,b_front,False,b_front,False,b_front,False,a_front,True
CLEVR_val_000205.png,small blue rubber cylinder,large red metal sphere,b_front,medium,a_front,False,b_front,True,a_front,False,b_front,True,a_front,False,b_front,True
CLEVR_val_000158.png,small cyan rubber sphere,large green rubber cylinder,b_front,large,b_front,True,b_front,True,a_front,False,b_front,True,b_front,True,a_front,False
CLEVR_val_000054.png,large purple metal cylinder,small brown metal sphere,a_front,large,a_front,True,a_front,True,b_front,False,a_front,True,b_front,False,a_front,True
CLEVR_val_000245.png,large red rubber sphere,small blue metal cube,b_front,medium,b_front,True,b_front,True,a_front,False,a_front,False,a_front,False,b_front,True
CLEVR_val_000124.png,small red rubber cube,small blue rubber sphere,a_front,medium,a_front,True,a_front,True,b_front,False,a_front,True,b_front,False,a_front,True
CLEVR_val_000084.png,large brown metal sphere,large purple metal sphere,b_front,large,b_front,True,b_front,True,a_front,False,b_front,True,a_front,False,b_front,True
CLEVR_val_000127.png,large cyan metal cylinder,large gray rubber cylinder,b_front,large,a_front,False,b_front,True,a_front,False,a_front,False,a_front,False,b_front,True
CLEVR_val_000017.png,large brown metal cylinder,large cyan rubber cube,b_front,small,b_front,True,b_front,True,a_front,False,b_front,True,b_front,True,a_front,False
CLEVR_val_000049.png,large yellow metal cylinder,small yellow rubber sphere,b_front,small,a_front,False,b_front,True,a_front,False,a_front,False,a_front,False,b_front,True
CLEVR_val_000055.png,large green metal cube,small green metal sphere,b_front,large,b_front,True,b_front,True,a_front,False,a_front,False,a_front,False,b_front,True
CLEVR_val_000049.png,small green metal cube,small yellow rubber sphere,b_front,large,a_front,False,b_front,True,a_front,False,a_front,False,a_front,False,b_front,True
CLEVR_val_000126.png,large purple metal sphere,small cyan metal cylinder,b_front,small,b_front,True,b_front,True,a_front,False,a_front,False,a_front,False,b_front,True
CLEVR_val_000201.png,small gray rubber cube,large green metal cylinder,b_front,large,a_front,False,b_front,True,a_front,False,b_front,True,a_front,False,b_front,True
CLEVR_val_000080.png,large red metal cube,large yellow rubber cylinder,a_front,medium,b_front,False,a_front,True,b_front,False,b_front,False,b_front,False,a_front,True
CLEVR_val_000174.png,small blue rubber cube,small purple metal sphere,a_front,large,a_front,True,a_front,True,b_front,False,a_front,True,b_front,False,a_front,True
CLEVR_val_000244.png,large red rubber cube,large cyan metal cube,b_front,large,b_front,True,b_front,True,a_front,False,b_front,True,a_front,False,b_front,True
CLEVR_val_000221.png,large gray metal sphere,small gray rubber cylinder,a_front,medium,a_front,True,a_front,True,b_front,False,a_front,True,b_front,False,a_front,True
CLEVR_val_000129.png,small red rubber sphere,large gray metal sphere,a_front,large,b_front,False,a_front,True,b_front,False,b_front,False,b_front,False,a_front,True
CLEVR_val_000243.png,small purple metal cylinder,large cyan metal sphere,b_front,medium,a_front,False,b_front,True,a_front,False,b_front,True,b_front,True,a_front,False
CLEVR_val_000198.png,small green rubber cylinder,large red metal cube,a_front,medium,b_front,False,a_front,True,b_front,False,b_front,False,b_front,False,a_front,True
CLEVR_val_000192.png,small red metal sphere,large brown metal cylinder,a_front,large,a_front,True,a_front,True,b_front,False,b_front,False,a_front,True,b_front,False
CLEVR_val_000126.png,small green metal cube,small gray rubber cylinder,b_front,large,b_front,True,b_front,True,a_front,False,b_front,True,a_front,False,b_front,True
CLEVR_val_000134.png,small yellow rubber cube,large cyan metal sphere,a_front,medium,a_front,True,a_front,True,b_front,False,b_front,False,a_front,True,b_front,False
CLEVR_val_000252.png,large red metal cube,large cyan metal cube,b_front,small,b_front,True,b_front,True,a_front,False,b_front,True,a_front,False,b_front,True
CLEVR_val_000015.png,large gray metal cylinder,large gray rubber sphere,b_front,large,a_front,False,b_front,True,a_front,False,a_front,False,b_front,True,a_front,False
CLEVR_val_000113.png,large gray rubber cylinder,small green metal cylinder,a_front,large,b_front,False,a_front,True,b_front,False,a_front,True,b_front,False,a_front,True
CLEVR_val_000077.png,small brown rubber sphere,small brown metal cylinder,b_front,medium,a_front,False,b_front,True,a_front,False,a_front,False,b_front,True,a_front,False
CLEVR_val_000061.png,small brown metal cylinder,small green metal cylinder,b_front,large,b_front,True,b_front,True,a_front,False,b_front,True,b_front,True,a_front,False
CLEVR_val_000064.png,small blue rubber sphere,small yellow rubber cube,a_front,large,a_front,True,a_front,True,b_front,False,a_front,True,a_front,True,b_front,False
CLEVR_val_000066.png,large yellow rubber cube,large blue rubber cube,a_front,small,b_front,False,a_front,True,b_front,False,b_front,False,a_front,True,b_front,False
CLEVR_val_000023.png,small yellow metal sphere,small blue rubber sphere,a_front,large,a_front,True,a_front,True,b_front,False,a_front,True,a_front,True,b_front,False
CLEVR_val_000075.png,large blue rubber cube,small brown metal cube,a_front,large,b_front,False,a_front,True,b_front,False,a_front,True,b_front,False,a_front,True
CLEVR_val_000111.png,large cyan rubber cylinder,large purple rubber cylinder,a_front,large,a_front,True,a_front,True,b_front,False,a_front,True,a_front,True,b_front,False
CLEVR_val_000270.png,small blue rubber cube,small gray rubber sphere,b_front,large,b_front,True,b_front,True,a_front,False,b_front,True,b_front,True,a_front,False
CLEVR_val_000215.png,small yellow rubber cylinder,large brown rubber cube,a_front,large,a_front,True,a_front,True,b_front,False,b_front,False,a_front,True,b_front,False
CLEVR_val_000020.png,small cyan metal cube,small purple rubber sphere,b_front,large,b_front,True,b_front,True,a_front,False,b_front,True,b_front,True,a_front,False
CLEVR_val_000080.png,small red rubber sphere,small cyan rubber cylinder,b_front,medium,a_front,False,b_front,True,a_front,False,a_front,False,b_front,True,a_front,False
CLEVR_val_000032.png,small green metal cylinder,small purple metal cylinder,a_front,medium,b_front,False,a_front,True,b_front,False,b_front,False,a_front,True,b_front,False
CLEVR_val_000111.png,large cyan rubber cylinder,large cyan metal sphere,a_front,large,a_front,True,a_front,True,b_front,False,a_front,True,b_front,False,a_front,True
CLEVR_val_000133.png,small blue metal sphere,large yellow metal sphere,a_front,large,b_front,False,a_front,True,b_front,False,b_front,False,a_front,True,b_front,False
CLEVR_val_000084.png,small green rubber cylinder,large brown metal sphere,a_front,large,a_front,True,a_front,True,b_front,False,b_front,False,a_front,True,b_front,False
CLEVR_val_000266.png,large brown rubber cylinder,small blue metal cube,b_front,small,b_front,True,b_front,True,a_front,False,a_front,False,b_front,True,a_front,False
CLEVR_val_000174.png,large green metal sphere,small purple metal sphere,b_front,large,a_front,False,b_front,True,a_front,False,a_front,False,b_front,True,a_front,False
CLEVR_val_000001.png,small cyan metal cube,small cyan rubber cylinder,b_front,large,b_front,True,b_front,True,a_front,False,b_front,True,a_front,False,b_front,True
CLEVR_val_000210.png,small brown rubber cylinder,small yellow rubber sphere,a_front,medium,a_front,True,a_front,True,b_front,False,a_front,True,a_front,True,b_front,False
CLEVR_val_000072.png,large yellow metal cylinder,large purple rubber sphere,b_front,large,b_front,True,b_front,True,a_front,False,b_front,True,b_front,True,a_front,False
CLEVR_val_000283.png,large brown metal cylinder,large brown metal cube,a_front,medium,a_front,True,a_front,True,b_front,False,a_front,True,b_front,False,a_front,True
CLEVR_val_000252.png,small blue rubber cube,large gray metal sphere,a_front,medium,b_front,False,a_front,True,b_front,False,b_front,False,b_front,False,a_front,True
CLEVR_val_000198.png,small green rubber cylinder,small cyan metal cube,b_front,small,a_front,False,b_front,True,a_front,False,a_front,False,a_front,False,b_front,True
CLEVR_val_000261.png,large red metal cylinder,large green rubber cube,a_front,large,b_front,False,a_front,True,b_front,False,b_front,False,b_front,False,a_front,True
CLEVR_val_000235.png,small cyan rubber cylinder,large gray metal cube,b_front,large,a_front,False,b_front,True,a_front,False,b_front,True,a_front,False,b_front,True
CLEVR_val_000239.png,large cyan rubber cylinder,small green metal cylinder,b_front,large,b_front,True,b_front,True,a_front,False,a_front,False,b_front,True,a_front,False
CLEVR_val_000245.png,small green metal cube,large cyan rubber cube,a_front,medium,a_front,True,a_front,True,b_front,False,b_front,False,a_front,True,b_front,False
CLEVR_val_000237.png,large gray rubber cube,large gray rubber cylinder,a_front,large,b_front,False,a_front,True,b_front,False,b_front,False,a_front,True,b_front,False
CLEVR_val_000031.png,small yellow rubber sphere,small green rubber cube,a_front,small,a_front,True,a_front,True,b_front,False,a_front,True,b_front,False,a_front,True
CLEVR_val_000217.png,large green rubber sphere,small brown metal sphere,b_front,small,b_front,True,b_front,True,a_front,False,a_front,False,b_front,True,a_front,False
CLEVR_val_000155.png,large blue metal cube,small purple metal cylinder,b_front,large,a_front,False,b_front,True,a_front,False,a_front,False,b_front,True,a_front,False
CLEVR_val_000077.png,large purple rubber sphere,large brown metal cylinder,a_front,medium,b_front,False,a_front,True,b_front,False,b_front,False,b_front,False,a_front,True
CLEVR_val_000111.png,small gray metal cylinder,large green rubber sphere,a_front,large,a_front,True,a_front,True,b_front,False,b_front,False,b_front,False,a_front,True
CLEVR_val_000228.png,small red metal cylinder,small yellow metal cylinder,b_front,large,b_front,True,b_front,True,a_front,False,b_front,True,b_front,True,a_front,False
CLEVR_val_000129.png,large gray metal sphere,large blue metal cube,b_front,large,a_front,False,b_front,True,a_front,False,a_front,False,b_front,True,a_front,False
CLEVR_val_000110.png,small brown rubber cylinder,small purple metal cylinder,b_front,large,b_front,True,b_front,True,a_front,False,b_front,True,b_front,True,a_front,False
CLEVR_val_000002.png,small brown metal cylinder,large gray rubber cylinder,b_front,large,a_front,False,b_front,True,a_front,False,b_front,True,a_front,False,b_front,True
CLEVR_val_000061.png,small red metal cylinder,small purple metal sphere,a_front,small,b_front,False,a_front,True,b_front,False,b_front,False,b_front,False,a_front,True
CLEVR_val_000193.png,large green metal cube,small green metal sphere,a_front,medium,a_front,True,a_front,True,b_front,False,a_front,True,a_front,True,b_front,False
CLEVR_val_000166.png,large green rubber cube,large gray metal cylinder,a_front,large,b_front,False,a_front,True,b_front,False,b_front,False,b_front,False,a_front,True
CLEVR_val_000033.png,small green metal cube,small cyan rubber sphere,b_front,large,a_front,False,b_front,True,a_front,False,a_front,False,b_front,True,a_front,False
CLEVR_val_000112.png,large brown rubber cube,large gray metal cube,a_front,large,b_front,False,a_front,True,b_front,False,b_front,False,a_front,True,b_front,False
CLEVR_val_000054.png,small yellow metal cylinder,large yellow rubber cylinder,a_front,large,a_front,True,a_front,True,b_front,False,b_front,False,a_front,True,b_front,False
CLEVR_val_000243.png,large cyan metal sphere,small purple metal sphere,a_front,large,b_front,False,a_front,True,b_front,False,a_front,True,a_front,True,b_front,False
CLEVR_val_000011.png,large brown rubber cylinder,large red rubber cube,b_front,large,a_front,False,b_front,True,a_front,False,a_front,False,a_front,False,b_front,True
CLEVR_val_000187.png,small cyan metal sphere,small green metal cube,b_front,small,b_front,True,b_front,True,a_front,False,b_front,True,b_front,True,a_front,False
CLEVR_val_000155.png,large red rubber cube,large purple metal sphere,b_front,large,a_front,False,b_front,True,a_front,False,a_front,False,b_front,True,a_front,False
CLEVR_val_000166.png,large green rubber cube,large red metal cylinder,a_front,large,b_front,False,a_front,True,b_front,False,b_front,False,a_front,True,b_front,False
CLEVR_val_000129.png,small brown metal cylinder,large blue metal cube,a_front,medium,a_front,True,a_front,True,b_front,False,b_front,False,b_front,False,a_front,True
CLEVR_val_000178.png,large cyan metal cube,large yellow rubber cylinder,b_front,medium,b_front,True,b_front,True,a_front,False,b_front,True,b_front,True,a_front,False
CLEVR_val_000112.png,large brown rubber cube,large red metal cylinder,b_front,medium,a_front,False,b_front,True,a_front,False,a_front,False,b_front,True,a_front,False
CLEVR_val_000119.png,large gray rubber cube,small red metal cube,a_front,small,b_front,False,b_front,False,a_front,True,a_front,True,a_front,True,b_front,False
CLEVR_val_000161.png,large green metal cylinder,large green rubber cube,a_front,small,a_front,True,a_front,True,b_front,False,a_front,True,a_front,True,b_front,False
CLEVR_val_000059.png,large brown rubber sphere,large gray metal cube,b_front,medium,b_front,True,b_front,True,a_front,False,b_front,True,a_front,False,b_front,True
CLEVR_val_000057.png,small brown rubber cylinder,small yellow metal cube,b_front,small,a_front,False,b_front,True,a_front,False,a_front,False,a_front,False,b_front,True
CLEVR_val_000017.png,large red rubber sphere,small gray rubber cylinder,b_front,large,b_front,True,b_front,True,a_front,False,a_front,False,a_front,False,b_front,True
CLEVR_val_000129.png,large gray metal sphere,small gray metal cylinder,b_front,medium,a_front,False,b_front,True,a_front,False,a_front,False,b_front,True,a_front,False
CLEVR_val_000173.png,small gray rubber sphere,small cyan rubber cylinder,a_front,large,b_front,False,a_front,True,b_front,False,b_front,False,a_front,True,b_front,False
CLEVR_val_000165.png,large red metal cube,large cyan rubber sphere,a_front,large,a_front,True,a_front,True,b_front,False,a_front,True,b_front,False,a_front,True
CLEVR_val_000118.png,small green metal sphere,small blue rubber cube,b_front,medium,b_front,True,b_front,True,a_front,False,b_front,True,b_front,True,a_front,False
CLEVR_val_000222.png,small blue metal cube,small yellow metal cube,a_front,large,a_front,True,a_front,True,b_front,False,a_front,True,a_front,True,b_front,False
CLEVR_val_000225.png,large brown metal cube,small red rubber cube,a_front,small,b_front,False,b_front,False,b_front,False,a_front,True,a_front,True,b_front,False
CLEVR_val_000111.png,large yellow metal cube,large green rubber sphere,a_front,large,a_front,True,a_front,True,b_front,False,a_front,True,a_front,True,b_front,False
CLEVR_val_000072.png,large purple rubber cylinder,small yellow metal sphere,a_front,medium,b_front,False,a_front,True,b_front,False,a_front,True,b_front,False,a_front,True
CLEVR_val_000261.png,large blue rubber sphere,large green rubber cube,a_front,small,a_front,True,a_front,True,b_front,False,a_front,True,b_front,False,a_front,True
CLEVR_val_000099.png,small gray metal cube,large blue rubber sphere,b_front,small,b_front,True,a_front,False,b_front,True,b_front,True,a_front,False,b_front,True
CLEVR_val_000142.png,large purple metal sphere,large yellow rubber sphere,b_front,medium,a_front,False,b_front,True,a_front,False,a_front,False,b_front,True,a_front,False
CLEVR_val_000011.png,large red rubber cube,small red metal cube,a_front,large,b_front,False,a_front,True,b_front,False,a_front,True,a_front,True,b_front,False
CLEVR_val_000195.png,large cyan metal sphere,small purple metal sphere,b_front,medium,a_front,False,b_front,True,a_front,False,a_front,False,a_front,False,b_front,True
CLEVR_val_000237.png,small red rubber cylinder,large gray rubber cylinder,a_front,medium,b_front,False,a_front,True,b_front,False,b_front,False,b_front,False,a_front,True
CLEVR_val_000020.png,small cyan metal cube,small green rubber sphere,b_front,large,a_front,False,b_front,True,a_front,False,a_front,False,b_front,True,a_front,False
CLEVR_val_000274.png,small red rubber cube,small purple rubber cylinder,a_front,medium,b_front,False,a_front,True,b_front,False,b_front,False,b_front,False,a_front,True
CLEVR_val_000195.png,large gray rubber cylinder,small cyan rubber cube,a_front,large,a_front,True,a_front,True,b_front,False,a_front,True,b_front,False,a_front,True
CLEVR_val_000270.png,small yellow metal cylinder,small gray rubber sphere,b_front,small,b_front,True,b_front,True,a_front,False,b_front,True,b_front,True,a_front,False
CLEVR_val_000087.png,large purple metal cube,large purple metal cylinder,a_front,medium,a_front,True,a_front,True,b_front,False,a_front,True,b_front,False,a_front,True
CLEVR_val_000033.png,small blue rubber cube,small red metal sphere,b_front,small,b_front,True,b_front,True,a_front,False,b_front,True,a_front,False,b_front,True
CLEVR_val_000254.png,large green metal cube,small cyan rubber cube,a_front,medium,a_front,True,a_front,True,b_front,False,a_front,True,b_front,False,a_front,True
CLEVR_val_000126.png,large blue metal cylinder,small yellow metal cylinder,a_front,large,b_front,False,a_front,True,b_front,False,a_front,True,a_front,True,b_front,False
CLEVR_val_000246.png,large blue rubber sphere,small purple rubber sphere,b_front,large,a_front,False,b_front,True,a_front,False,a_front,False,a_front,False,b_front,True
CLEVR_val_000137.png,small gray metal sphere,large cyan rubber cube,b_front,medium,b_front,True,b_front,True,a_front,False,b_front,True,b_front,True,a_front,False
CLEVR_val_000026.png,large red metal cylinder,small cyan metal sphere,a_front,small,a_front,True,b_front,False,a_front,True,a_front,True,b_front,False,a_front,True
CLEVR_val_000133.png,small blue metal sphere,small brown metal cylinder,a_front,large,b_front,False,a_front,True,b_front,False,b_front,False,a_front,True,b_front,False
CLEVR_val_000273.png,small blue metal cube,small yellow rubber cube,b_front,small,a_front,False,b_front,True,a_front,False,a_front,False,a_front,False,b_front,True
CLEVR_val_000166.png,small cyan metal cylinder,large gray metal cylinder,a_front,large,b_front,False,a_front,True,b_front,False,b_front,False,b_front,False,a_front,True
CLEVR_val_000198.png,large red metal cube,small green metal cylinder,a_front,small,a_front,True,a_front,True,b_front,False,a_front,True,a_front,True,b_front,False
CLEVR_val_000155.png,large blue metal cube,small blue rubber cylinder,b_front,large,b_front,True,b_front,True,a_front,False,a_front,False,b_front,True,a_front,False
CLEVR_val_000095.png,small gray rubber cylinder,large yellow metal sphere,b_front,large,a_front,False,b_front,True,a_front,False,b_front,True,a_front,False,b_front,True
CLEVR_val_000287.png,small red metal cube,large green metal cylinder,a_front,large,b_front,False,a_front,True,b_front,False,b_front,False,a_front,True,b_front,False
CLEVR_val_000056.png,large cyan metal cube,large red rubber sphere,a_front,large,a_front,True,a_front,True,b_front,False,a_front,True,b_front,False,a_front,True
CLEVR_val_000164.png,small gray metal cube,large green metal sphere,b_front,small,b_front,True,a_front,False,b_front,True,b_front,True,a_front,False,b_front,True
CLEVR_val_000198.png,large gray rubber cylinder,small blue rubber cube,a_front,large,a_front,True,a_front,True,b_front,False,a_front,True,b_front,False,a_front,True
CLEVR_val_000151.png,small green rubber cube,small yellow rubber cube,a_front,large,b_front,False,a_front,True,b_front,False,b_front,False,a_front,True,b_front,False
CLEVR_val_000174.png,large purple rubber cylinder,large blue rubber cylinder,a_front,large,a_front,True,a_front,True,b_front,False,a_front,True,b_front,False,a_front,True
CLEVR_val_000008.png,small yellow metal cube,small brown rubber sphere,a_front,medium,b_front,False,a_front,True,b_front,False,b_front,False,a_front,True,b_front,False
CLEVR_val_000160.png,small brown rubber cylinder,large green metal cube,b_front,medium,a_front,False,b_front,True,a_front,False,b_front,True,a_front,False,b_front,True
CLEVR_val_000023.png,small yellow metal sphere,small yellow metal cylinder,a_front,large,b_front,False,a_front,True,b_front,False,b_front,False,a_front,True,b_front,False
CLEVR_val_000201.png,small purple metal cylinder,large brown metal cube,b_front,large,a_front,False,b_front,True,a_front,False,b_front,True,b_front,True,a_front,False
CLEVR_val_000170.png,large purple metal cylinder,small purple rubber sphere,a_front,large,b_front,False,a_front,True,b_front,False,a_front,True,b_front,False,a_front,True
CLEVR_val_000087.png,small green metal sphere,large purple metal cylinder,a_front,large,a_front,True,a_front,True,b_front,False,b_front,False,b_front,False,a_front,True
CLEVR_val_000204.png,large cyan rubber sphere,small yellow rubber cylinder,b_front,medium,b_front,True,b_front,True,a_front,False,a_front,False,b_front,True,a_front,False
CLEVR_val_000023.png,large brown metal sphere,small blue rubber sphere,b_front,medium,a_front,False,b_front,True,a_front,False,a_front,False,a_front,False,b_front,True
CLEVR_val_000278.png,small blue metal cube,large red rubber sphere,a_front,large,b_front,False,a_front,True,b_front,False,b_front,False,b_front,False,a_front,True
CLEVR_val_000068.png,small yellow rubber sphere,small red metal cube,b_front,small,a_front,False,b_front,True,a_front,False,a_front,False,a_front,False,b_front,True
CLEVR_val_000078.png,large red metal cube,small blue rubber sphere,b_front,large,b_front,True,b_front,True,a_front,False,a_front,False,b_front,True,a_front,False
CLEVR_val_000189.png,large brown rubber cylinder,large cyan rubber cylinder,a_front,medium,a_front,True,a_front,True,b_front,False,a_front,True,a_front,True,b_front,False
CLEVR_val_000164.png,small brown metal cylinder,small gray metal cube,b_front,medium,b_front,True,b_front,True,a_front,False,b_front,True,b_front,True,a_front,False
CLEVR_val_000161.png,large green rubber cube,large cyan metal sphere,a_front,medium,a_front,True,a_front,True,b_front,False,a_front,True,b_front,False,a_front,True
CLEVR_val_000267.png,large red rubber cylinder,large blue metal cube,b_front,medium,b_front,True,b_front,True,a_front,False,b_front,True,b_front,True,a_front,False
CLEVR_val_000038.png,small blue metal cylinder,small red metal sphere,a_front,large,a_front,True,a_front,True,b_front,False,a_front,True,b_front,False,a_front,True
CLEVR_val_000066.png,small blue rubber sphere,large red metal sphere,a_front,medium,b_front,False,a_front,True,b_front,False,b_front,False,b_front,False,a_front,True
CLEVR_val_000008.png,large yellow rubber cylinder,large purple metal sphere,b_front,large,a_front,False,b_front,True,a_front,False,a_front,False,a_front,False,b_front,True
CLEVR_val_000078.png,small gray rubber cylinder,small blue rubber sphere,b_front,large,b_front,True,b_front,True,a_front,False,b_front,True,b_front,True,a_front,False
CLEVR_val_000219.png,large gray metal sphere,large red metal sphere,a_front,medium,a_front,True,a_front,True,b_front,False,a_front,True,b_front,False,a_front,True
CLEVR_val_000152.png,small blue rubber cube,small green metal sphere,a_front,large,b_front,False,a_front,True,b_front,False,b_front,False,a_front,True,b_front,False
CLEVR_val_000028.png,large red metal cube,large purple rubber sphere,a_front,medium,a_front,True,a_front,True,b_front,False,a_front,True,b_front,False,a_front,True
CLEVR_val_000215.png,large yellow rubber cylinder,small brown rubber sphere,b_front,medium,b_front,True,b_front,True,a_front,False,a_front,False,a_front,False,b_front,True
CLEVR_val_000173.png,large gray metal cube,large blue rubber cube,a_front,large,a_front,True,a_front,True,b_front,False,a_front,True,a_front,True,b_front,False
CLEVR_val_000195.png,small red rubber cylinder,large purple metal cube,b_front,large,b_front,True,b_front,True,a_front,False,b_front,True,a_front,False,b_front,True
CLEVR_val_000269.png,small yellow metal cylinder,small blue rubber sphere,b_front,large,a_front,False,b_front,True,a_front,False,a_front,False,b_front,True,a_front,False
CLEVR_val_000041.png,large cyan rubber cylinder,large brown metal cube,b_front,medium,b_front,True,b_front,True,a_front,False,b_front,True,a_front,False,b_front,True
CLEVR_val_000147.png,small red metal cylinder,large cyan metal cube,a_front,large,a_front,True,a_front,True,b_front,False,b_front,False,b_front,False,a_front,True
CLEVR_val_000098.png,large cyan metal sphere,small blue metal sphere,b_front,small,b_front,True,b_front,True,a_front,False,a_front,False,a_front,False,b_front,True
CLEVR_val_000164.png,small brown metal sphere,large green metal sphere,a_front,medium,a_front,True,a_front,True,b_front,False,b_front,False,a_front,True,b_front,False
CLEVR_val_000191.png,small yellow metal cube,large gray metal sphere,a_front,large,b_front,False,a_front,True,b_front,False,b_front,False,a_front,True,b_front,False
CLEVR_val_000274.png,small red rubber cube,large cyan rubber cube,a_front,medium,a_front,True,a_front,True,b_front,False,b_front,False,a_front,True,b_front,False
CLEVR_val_000200.png,large gray rubber cylinder,large purple metal cube,a_front,large,b_front,False,a_front,True,b_front,False,b_front,False,b_front,False,a_front,True
CLEVR_val_000169.png,large brown metal sphere,large cyan rubber sphere,a_front,medium,a_front,True,a_front,True,b_front,False,a_front,True,b_front,False,a_front,True
CLEVR_val_000141.png,large purple metal sphere,small gray rubber cube,b_front,medium,b_front,True,b_front,True,a_front,False,a_front,False,b_front,True,a_front,False
CLEVR_val_000114.png,small gray rubber cylinder,small purple rubber cube,b_front,medium,a_front,False,b_front,True,a_front,False,a_front,False,b_front,True,a_front,False
CLEVR_val_000234.png,large green rubber cylinder,large purple rubber cube,b_front,medium,b_front,True,b_front,True,a_front,False,b_front,True,b_front,True,a_front,False
CLEVR_val_000057.png,large red metal sphere,small brown rubber cylinder,b_front,large,a_front,False,b_front,True,a_front,False,a_front,False,b_front,True,a_front,False
CLEVR_val_000001.png,small yellow metal cube,large gray metal cylinder,b_front,large,b_front,True,b_front,True,a_front,False,b_front,True,b_front,True,a_front,False
CLEVR_val_000243.png,large green metal sphere,small purple metal sphere,a_front,large,a_front,True,a_front,True,b_front,False,a_front,True,a_front,True,b_front,False
CLEVR_val_000101.png,small green rubber sphere,large cyan rubber cube,b_front,large,b_front,True,b_front,True,a_front,False,b_front,True,a_front,False,b_front,True
CLEVR_val_000273.png,small cyan metal sphere,small yellow rubber cube,a_front,large,a_front,True,a_front,True,b_front,False,a_front,True,a_front,True,b_front,False
CLEVR_val_000004.png,small purple rubber cylinder,large gray rubber cylinder,b_front,large,b_front,True,b_front,True,a_front,False,b_front,True,a_front,False,b_front,True
CLEVR_val_000087.png,large green metal sphere,small purple rubber cylinder,b_front,small,a_front,False,b_front,True,a_front,False,a_front,False,a_front,False,b_front,True
CLEVR_val_000020.png,small purple rubber sphere,large cyan metal sphere,a_front,large,b_front,False,a_front,True,b_front,False,b_front,False,b_front,False,a_front,True
CLEVR_val_000066.png,small blue rubber sphere,large blue rubber cube,b_front,medium,a_front,False,b_front,True,a_front,False,b_front,True,a_front,False,b_front,True
CLEVR_val_000237.png,large gray rubber cube,small red rubber cylinder,a_front,large,b_front,False,a_front,True,b_front,False,a_front,True,a_front,True,b_front,False
CLEVR_val_000232.png,small red metal cube,large purple metal cylinder,b_front,small,a_front,False,a_front,False,b_front,True,b_front,True,a_front,False,b_front,True
CLEVR_val_000066.png,small green rubber cylinder,large red metal sphere,a_front,medium,b_front,False,a_front,True,b_front,False,b_front,False,a_front,True,b_front,False
CLEVR_val_000228.png,large purple rubber cylinder,small yellow metal cylinder,b_front,large,a_front,False,b_front,True,a_front,False,a_front,False,a_front,False,b_front,True
CLEVR_val_000068.png,small yellow rubber sphere,small red rubber cylinder,b_front,large,b_front,True,b_front,True,a_front,False,b_front,True,a_front,False,b_front,True
CLEVR_val_000020.png,large gray metal cube,large cyan rubber cylinder,a_front,medium,a_front,True,a_front,True,b_front,False,a_front,True,b_front,False,a_front,True
CLEVR_val_000217.png,small red metal cube,large cyan rubber cylinder,a_front,large,b_front,False,a_front,True,b_front,False,b_front,False,a_front,True,b_front,False
CLEVR_val_000238.png,large purple rubber sphere,small red metal cylinder,b_front,large,a_front,False,b_front,True,a_front,False,a_front,False,a_front,False,b_front,True
CLEVR_val_000030.png,large green rubber sphere,small cyan rubber sphere,b_front,large,b_front,True,b_front,True,a_front,False,a_front,False,b_front,True,a_front,False
CLEVR_val_000191.png,small yellow metal cube,small red rubber cylinder,a_front,large,a_front,True,a_front,True,b_front,False,a_front,True,a_front,True,b_front,False
CLEVR_val_000234.png,large green rubber cylinder,small gray metal sphere,b_front,large,b_front,True,b_front,True,a_front,False,a_front,False,b_front,True,a_front,False
CLEVR_val_000149.png,large cyan rubber cube,large red rubber sphere,b_front,large,a_front,False,b_front,True,a_front,False,a_front,False,a_front,False,b_front,True
CLEVR_val_000008.png,small purple rubber cylinder,large yellow metal sphere,a_front,medium,b_front,False,a_front,True,b_front,False,b_front,False,b_front,False,a_front,True
CLEVR_val_000080.png,large purple metal cylinder,small cyan metal sphere,a_front,medium,a_front,True,a_front,True,b_front,False,a_front,True,a_front,True,b_front,False
CLEVR_val_000109.png,small yellow rubber cylinder,small yellow rubber cube,b_front,large,b_front,True,b_front,True,a_front,False,b_front,True,b_front,True,a_front,False
CLEVR_val_000047.png,large red metal cube,small cyan rubber sphere,a_front,large,a_front,True,a_front,True,b_front,False,a_front,True,b_front,False,a_front,True
CLEVR_val_000114.png,small gray rubber cylinder,small brown metal cube,a_front,large,b_front,False,a_front,True,b_front,False,b_front,False,b_front,False,a_front,True
CLEVR_val_000165.png,large red metal cylinder,large brown metal cube,a_front,large,a_front,True,a_front,True,b_front,False,a_front,True,a_front,True,b_front,False
CLEVR_val_000138.png,small yellow rubber cube,small green rubber sphere,b_front,medium,b_front,True,b_front,True,a_front,False,b_front,True,a_front,False,b_front,True
CLEVR_val_000017.png,small gray rubber sphere,small brown rubber cylinder,a_front,large,a_front,True,a_front,True,b_front,False,a_front,True,b_front,False,a_front,True
CLEVR_val_000009.png,large brown rubber cylinder,small gray metal sphere,b_front,medium,b_front,True,b_front,True,a_front,False,a_front,False,b_front,True,a_front,False
CLEVR_val_000244.png,large cyan metal cube,small yellow metal cylinder,b_front,medium,a_front,False,b_front,True,a_front,False,a_front,False,b_front,True,a_front,False
CLEVR_val_000283.png,small yellow rubber sphere,large brown metal cube,a_front,medium,b_front,False,a_front,True,b_front,False,b_front,False,a_front,True,b_front,False
CLEVR_val_000129.png,large red metal sphere,large blue metal cube,b_front,large,a_front,False,b_front,True,a_front,False,a_front,False,a_front,False,b_front,True
CLEVR_val_000144.png,small cyan rubber cube,small green metal sphere,b_front,large,b_front,True,b_front,True,a_front,False,b_front,True,b_front,True,a_front,False
CLEVR_val_000157.png,large cyan rubber cylinder,large red rubber sphere,a_front,medium,a_front,True,a_front,True,b_front,False,a_front,True,b_front,False,a_front,True
CLEVR_val_000066.png,small green rubber cylinder,small yellow rubber sphere,b_front,large,b_front,True,b_front,True,a_front,False,b_front,True,a_front,False,b_front,True
CLEVR_val_000218.png,small green metal sphere,large green metal cube,a_front,large,a_front,True,a_front,True,b_front,False,b_front,False,b_front,False,a_front,True
CLEVR_val_000228.png,small red metal cylinder,large purple metal cube,b_front,large,b_front,True,b_front,True,a_front,False,b_front,True,b_front,True,a_front,False
CLEVR_val_000229.png,small cyan rubber cube,small yellow metal sphere,a_front,large,a_front,True,a_front,True,b_front,False,a_front,True,a_front,True,b_front,False
CLEVR_val_000137.png,small gray metal sphere,small blue rubber sphere,a_front,medium,b_front,False,a_front,True,b_front,False,b_front,False,a_front,True,b_front,False
CLEVR_val_000130.png,large brown rubber cylinder,small green rubber cylinder,a_front,large,a_front,True,a_front,True,b_front,False,a_front,True,b_front,False,a_front,True
CLEVR_val_000064.png,large gray rubber cube,large purple metal sphere,a_front,small,b_front,False,a_front,True,b_front,False,b_front,False,b_front,False,a_front,True
CLEVR_val_000278.png,large cyan metal cube,large red rubber sphere,b_front,medium,a_front,False,b_front,True,a_front,False,a_front,False,b_front,True,a_front,False
CLEVR_val_000091.png,large cyan metal cylinder,large green metal cube,a_front,medium,b_front,False,a_front,True,b_front,False,b_front,False,a_front,True,b_front,False
CLEVR_val_000036.png,small red metal cylinder,small green rubber cube,b_front,large,a_front,False,b_front,True,a_front,False,a_front,False,b_front,True,a_front,False
CLEVR_val_000096.png,large red metal cylinder,small green metal cube,a_front,medium,b_front,False,a_front,True,b_front,False,a_front,True,b_front,False,a_front,True
CLEVR_val_000112.png,small yellow metal cube,large red metal sphere,a_front,medium,a_front,True,a_front,True,b_front,False,b_front,False,b_front,False,a_front,True
CLEVR_val_000142.png,small cyan rubber cube,small blue metal cylinder,a_front,medium,b_front,False,a_front,True,b_front,False,b_front,False,b_front,False,a_front,True
CLEVR_val_000095.png,large blue metal sphere,large purple rubber cylinder,a_front,large,a_front,True,a_front,True,b_front,False,a_front,True,b_front,False,a_front,True
CLEVR_val_000092.png,large red rubber cube,small blue rubber cylinder,a_front,large,b_front,False,a_front,True,b_front,False,a_front,True,b_front,False,a_front,True
CLEVR_val_000043.png,large green rubber cylinder,large red rubber sphere,b_front,large,a_front,False,b_front,True,a_front,False,a_front,False,a_front,False,b_front,True
CLEVR_val_000038.png,small blue metal cylinder,large cyan metal cube,a_front,large,b_front,False,a_front,True,b_front,False,b_front,False,b_front,False,a_front,True
CLEVR_val_000080.png,large cyan rubber cube,small cyan rubber cylinder,b_front,large,a_front,False,b_front,True,a_front,False,a_front,False,b_front,True,a_front,False
CLEVR_val_000081.png,large blue metal cylinder,large red rubber sphere,a_front,large,b_front,False,a_front,True,b_front,False,b_front,False,b_front,False,a_front,True
CLEVR_val_000135.png,large green metal cube,small red rubber cylinder,a_front,large,a_front,True,a_front,True,b_front,False,a_front,True,a_front,True,b_front,False
CLEVR_val_000172.png,small brown metal cube,small blue metal sphere,b_front,large,b_front,True,b_front,True,a_front,False,b_front,True,b_front,True,a_front,False
CLEVR_val_000138.png,large purple rubber cylinder,large brown rubber cube,b_front,large,a_front,False,b_front,True,a_front,False,a_front,False,a_front,False,b_front,True
CLEVR_val_000230.png,large cyan rubber cylinder,small green metal cylinder,a_front,large,b_front,False,a_front,True,b_front,False,a_front,True,b_front,False,a_front,True
CLEVR_val_000075.png,small brown rubber sphere,small cyan rubber cube,b_front,medium,a_front,False,b_front,True,a_front,False,a_front,False,b_front,True,a_front,False
CLEVR_val_000269.png,small red metal sphere,large green rubber cube,a_front,small,b_front,False,a_front,True,b_front,False,b_front,False,a_front,True,b_front,False
CLEVR_val_000255.png,large purple metal cube,small purple rubber sphere,b_front,large,a_front,False,b_front,True,a_front,False,a_front,False,b_front,True,a_front,False
CLEVR_val_000191.png,small green metal cube,small red rubber sphere,b_front,small,b_front,True,b_front,True,a_front,False,b_front,True,b_front,True,a_front,False
CLEVR_val_000271.png,large red metal sphere,small green rubber sphere,a_front,medium,a_front,True,a_front,True,b_front,False,a_front,True,b_front,False,a_front,True
CLEVR_val_000071.png,small red metal cube,small purple rubber cylinder,a_front,large,b_front,False,a_front,True,b_front,False,b_front,False,b_front,False,a_front,True
CLEVR_val_000061.png,small green metal cylinder,small red metal cylinder,a_front,medium,a_front,True,a_front,True,b_front,False,a_front,True,b_front,False,a_front,True
CLEVR_val_000245.png,small purple metal sphere,small green metal cube,b_front,small,b_front,True,b_front,True,a_front,False,b_front,True,a_front,False,b_front,True
CLEVR_val_000173.png,small blue rubber sphere,large gray metal cube,b_front,small,a_front,False,a_front,False,a_front,False,b_front,True,b_front,True,a_front,False
CLEVR_val_000234.png,small cyan metal cube,small gray metal sphere,b_front,large,b_front,True,b_front,True,a_front,False,b_front,True,b_front,True,a_front,False
CLEVR_val_000235.png,large green metal sphere,small cyan rubber cylinder,a_front,medium,a_front,True,a_front,True,a_front,True,a_front,True,a_front,True,b_front,False
CLEVR_val_000011.png,small gray rubber sphere,small red metal cube,b_front,medium,b_front,True,b_front,True,a_front,False,b_front,True,a_front,False,b_front,True
CLEVR_val_000114.png,small gray rubber cylinder,small yellow metal sphere,a_front,large,a_front,True,a_front,True,b_front,False,a_front,True,a_front,True,b_front,False
CLEVR_val_000230.png,large gray metal sphere,small blue metal cube,a_front,small,b_front,False,b_front,False,a_front,True,a_front,True,a_front,True,b_front,False
CLEVR_val_000098.png,large blue metal cylinder,small blue metal sphere,a_front,large,a_front,True,a_front,True,b_front,False,a_front,True,a_front,True,b_front,False
CLEVR_val_000277.png,large brown rubber sphere,small cyan metal sphere,a_front,large,b_front,False,a_front,True,b_front,False,a_front,True,a_front,True,b_front,False
CLEVR_val_000148.png,large blue metal cylinder,small gray rubber sphere,b_front,medium,a_front,False,b_front,True,a_front,False,a_front,False,a_front,False,b_front,True
CLEVR_val_000144.png,large brown metal sphere,small cyan rubber cube,a_front,large,b_front,False,a_front,True,b_front,False,a_front,True,b_front,False,a_front,True
CLEVR_val_000095.png,small red rubber sphere,small yellow rubber cube,b_front,large,a_front,False,b_front,True,a_front,False,a_front,False,a_front,False,b_front,True
CLEVR_val_000075.png,large blue rubber cube,small purple rubber sphere,a_front,large,b_front,False,a_front,True,b_front,False,a_front,True,b_front,False,a_front,True
CLEVR_val_000076.png,large gray rubber cube,small yellow metal cube,a_front,medium,a_front,True,a_front,True,b_front,False,a_front,True,b_front,False,a_front,True
CLEVR_val_000059.png,large green metal cube,small cyan metal sphere,b_front,large,b_front,True,b_front,True,a_front,False,a_front,False,b_front,True,a_front,False
CLEVR_val_000229.png,small cyan rubber cube,large brown metal cube,a_front,large,a_front,True,a_front,True,b_front,False,b_front,False,a_front,True,b_front,False
CLEVR_val_000212.png,small brown metal cube,small cyan metal cube,b_front,large,b_front,True,b_front,True,a_front,False,b_front,True,a_front,False,b_front,True
CLEVR_val_000036.png,small red metal cylinder,large cyan metal cube,b_front,medium,a_front,False,b_front,True,a_front,False,b_front,True,a_front,False,b_front,True
CLEVR_val_000110.png,small brown rubber cylinder,large red metal sphere,b_front,large,b_front,True,b_front,True,a_front,False,b_front,True,b_front,True,a_front,False
CLEVR_val_000125.png,small brown rubber sphere,small purple rubber cube,b_front,medium,a_front,False,b_front,True,a_front,False,a_front,False,b_front,True,a_front,False
CLEVR_val_000168.png,small brown rubber sphere,large gray metal sphere,b_front,medium,b_front,True,b_front,True,a_front,False,b_front,True,a_front,False,b_front,True
CLEVR_val_000059.png,small gray rubber cylinder,small purple rubber cylinder,b_front,small,a_front,False,b_front,True,a_front,False,a_front,False,b_front,True,a_front,False
CLEVR_val_000218.png,large green rubber cube,large green metal cube,a_front,large,b_front,False,a_front,True,b_front,False,b_front,False,a_front,True,b_front,False
CLEVR_val_000192.png,small green rubber cube,small red metal sphere,a_front,large,a_front,True,a_front,True,b_front,False,a_front,True,b_front,False,a_front,True
CLEVR_val_000077.png,small brown rubber sphere,small green rubber cube,b_front,large,b_front,True,b_front,True,a_front,False,b_front,True,b_front,True,a_front,False
CLEVR_val_000161.png,large brown rubber sphere,small blue rubber cube,a_front,large,a_front,True,a_front,True,b_front,False,a_front,True,b_front,False,a_front,True
CLEVR_val_000114.png,large blue rubber sphere,small purple rubber cube,b_front,medium,b_front,True,b_front,True,a_front,False,a_front,False,a_front,False,b_front,True
CLEVR_val_000028.png,small gray rubber cylinder,large yellow rubber sphere,b_front,large,a_front,False,b_front,True,a_front,False,b_front,True,b_front,True,a_front,False
CLEVR_val_000146.png,small red rubber cylinder,small cyan rubber cube,a_front,large,b_front,False,a_front,True,b_front,False,b_front,False,a_front,True,b_front,False
CLEVR_val_000018.png,large cyan metal cylinder,small cyan rubber cylinder,a_front,large,a_front,True,a_front,True,b_front,False,a_front,True,b_front,False,a_front,True
CLEVR_val_000161.png,large green metal cylinder,large green rubber cylinder,a_front,medium,b_front,False,a_front,True,b_front,False,b_front,False,b_front,False,a_front,True
CLEVR_val_000030.png,small purple metal cube,small green rubber sphere,b_front,large,a_front,False,b_front,True,a_front,False,a_front,False,a_front,False,b_front,True
CLEVR_val_000173.png,small red metal cube,large purple rubber cube,a_front,large,b_front,False,a_front,True,b_front,False,b_front,False,b_front,False,a_front,True
CLEVR_val_000095.png,small yellow rubber cube,large purple rubber cylinder,a_front,medium,a_front,True,a_front,True,b_front,False,b_front,False,b_front,False,a_front,True
CLEVR_val_000160.png,large yellow metal cylinder,small brown rubber cylinder,a_front,large,b_front,False,a_front,True,b_front,False,a_front,True,a_front,True,b_front,False
CLEVR_val_000028.png,large red metal cube,small gray rubber cylinder,a_front,large,a_front,True,a_front,True,b_front,False,a_front,True,b_front,False,a_front,True
CLEVR_val_000183.png,small blue metal cube,small purple rubber cube,b_front,medium,b_front,True,b_front,True,a_front,False,b_front,True,b_front,True,a_front,False
CLEVR_val_000278.png,small purple metal sphere,large red rubber sphere,a_front,medium,a_front,True,a_front,True,b_front,False,b_front,False,b_front,False,a_front,True
CLEVR_val_000178.png,large green rubber sphere,large yellow rubber cylinder,b_front,large,b_front,True,b_front,True,a_front,False,b_front,True,a_front,False,b_front,True
CLEVR_val_000160.png,small blue metal cylinder,large green metal cube,a_front,medium,a_front,True,a_front,True,b_front,False,b_front,False,a_front,True,b_front,False
CLEVR_val_000170.png,small cyan metal cylinder,large purple metal cylinder,b_front,small,b_front,True,a_front,False,b_front,True,b_front,True,a_front,False,b_front,True
CLEVR_val_000081.png,large purple rubber cylinder,small cyan metal sphere,a_front,large,a_front,True,a_front,True,b_front,False,a_front,True,a_front,True,b_front,False
CLEVR_val_000266.png,small brown metal cylinder,large brown rubber cylinder,a_front,large,b_front,False,a_front,True,b_front,False,b_front,False,a_front,True,b_front,False
CLEVR_val_000071.png,small green rubber sphere,small gray metal cylinder,a_front,large,a_front,True,a_front,True,b_front,False,a_front,True,a_front,True,b_front,False
CLEVR_val_000053.png,small yellow metal cylinder,small yellow metal cube,a_front,large,b_front,False,a_front,True,b_front,False,b_front,False,b_front,False,a_front,True
CLEVR_val_000004.png,large brown rubber sphere,large gray rubber cylinder,a_front,medium,a_front,True,a_front,True,b_front,False,a_front,True,a_front,True,b_front,False
CLEVR_val_000002.png,small blue metal cube,large yellow rubber cube,b_front,large,b_front,True,b_front,True,a_front,False,b_front,True,a_front,False,b_front,True
CLEVR_val_000082.png,small gray rubber cylinder,small green metal sphere,a_front,small,a_front,True,a_front,True,b_front,False,a_front,True,a_front,True,b_front,False
CLEVR_val_000222.png,large yellow metal cylinder,small yellow metal cube,a_front,large,b_front,False,a_front,True,b_front,False,a_front,True,a_front,True,b_front,False
CLEVR_val_000104.png,large purple metal sphere,large brown metal sphere,b_front,large,a_front,False,b_front,True,a_front,False,a_front,False,a_front,False,b_front,True
CLEVR_val_000227.png,small cyan rubber sphere,large green metal cylinder,a_front,large,b_front,False,a_front,True,b_front,False,b_front,False,b_front,False,a_front,True
CLEVR_val_000287.png,large blue metal sphere,small blue metal cylinder,a_front,large,a_front,True,a_front,True,b_front,False,a_front,True,b_front,False,a_front,True
CLEVR_val_000051.png,small red rubber cylinder,small red metal sphere,b_front,medium,b_front,True,b_front,True,a_front,False,b_front,True,a_front,False,b_front,True
CLEVR_val_000059.png,large blue metal sphere,small gray rubber cylinder,a_front,large,a_front,True,a_front,True,b_front,False,a_front,True,a_front,True,b_front,False
CLEVR_val_000156.png,large red metal cylinder,large yellow rubber cube,a_front,medium,b_front,False,a_front,True,b_front,False,b_front,False,b_front,False,a_front,True
CLEVR_val_000243.png,small green rubber cube,large yellow metal sphere,a_front,large,a_front,True,a_front,True,b_front,False,b_front,False,a_front,True,b_front,False
CLEVR_val_000146.png,small purple metal cylinder,small gray metal sphere,a_front,medium,b_front,False,a_front,True,b_front,False,b_front,False,b_front,False,a_front,True
CLEVR_val_000189.png,large brown rubber cylinder,small brown metal cylinder,a_front,large,a_front,True,a_front,True,b_front,False,a_front,True,a_front,True,b_front,False
CLEVR_val_000228.png,large purple metal cube,small yellow metal cylinder,b_front,small,b_front,True,b_front,True,a_front,False,a_front,False,a_front,False,b_front,True
CLEVR_val_000163.png,small blue metal cylinder,small cyan rubber cube,b_front,large,a_front,False,b_front,True,a_front,False,a_front,False,a_front,False,b_front,True
CLEVR_val_000080.png,small purple metal cylinder,small cyan metal sphere,a_front,large,b_front,False,a_front,True,b_front,False,b_front,False,b_front,False,a_front,True
CLEVR_val_000030.png,small purple metal cube,small cyan rubber sphere,b_front,large,a_front,False,b_front,True,a_front,False,a_front,False,b_front,True,a_front,False
CLEVR_val_000087.png,small red metal cylinder,large purple metal cylinder,b_front,small,b_front,True,a_front,False,b_front,True,b_front,True,a_front,False,b_front,True
CLEVR_val_000227.png,small red metal cube,large green metal cylinder,a_front,medium,a_front,True,a_front,True,b_front,False,b_front,False,a_front,True,b_front,False
CLEVR_val_000026.png,small purple rubber cylinder,small cyan metal sphere,b_front,medium,b_front,True,b_front,True,a_front,False,b_front,True,b_front,True,a_front,False
CLEVR_val_000157.png,large cyan metal cylinder,small blue rubber cube,b_front,medium,a_front,False,b_front,True,a_front,False,a_front,False,b_front,True,a_front,False
CLEVR_val_000247.png,large cyan rubber cube,large green metal cylinder,b_front,large,b_front,True,b_front,True,a_front,False,b_front,True,a_front,False,b_front,True
CLEVR_val_000071.png,small red metal cube,small blue metal sphere,b_front,large,a_front,False,b_front,True,a_front,False,a_front,False,b_front,True,a_front,False
CLEVR_val_000236.png,small green metal sphere,large gray rubber cube,a_front,large,b_front,False,a_front,True,b_front,False,b_front,False,b_front,False,a_front,True
CLEVR_val_000287.png,small purple metal sphere,large green metal cylinder,a_front,medium,a_front,True,a_front,True,b_front,False,b_front,False,b_front,False,a_front,True
CLEVR_val_000053.png,large brown rubber cylinder,small yellow rubber sphere,a_front,medium,b_front,False,a_front,True,b_front,False,a_front,True,a_front,True,b_front,False
CLEVR_val_000003.png,large gray rubber cube,small brown rubber cylinder,a_front,large,a_front,True,a_front,True,b_front,False,a_front,True,a_front,True,b_front,False
CLEVR_val_000268.png,small yellow metal sphere,large red rubber cylinder,a_front,medium,b_front,False,a_front,True,b_front,False,b_front,False,a_front,True,b_front,False
CLEVR_val_000137.png,small brown metal sphere,large cyan rubber cube,b_front,large,a_front,False,b_front,True,a_front,False,b_front,True,b_front,True,a_front,False
CLEVR_val_000225.png,large gray rubber cube,large brown rubber cube,a_front,small,b_front,False,a_front,True,b_front,False,b_front,False,a_front,True,b_front,False
CLEVR_val_000020.png,small purple rubber sphere,small green rubber sphere,b_front,medium,a_front,False,b_front,True,a_front,False,a_front,False,a_front,False,b_front,True
CLEVR_val_000016.png,small red rubber cylinder,small blue rubber sphere,b_front,large,b_front,True,b_front,True,a_front,False,b_front,True,b_front,True,a_front,False
CLEVR_val_000132.png,small yellow metal cube,small blue metal sphere,b_front,large,a_front,False,b_front,True,a_front,False,a_front,False,b_front,True,a_front,False
CLEVR_val_000244.png,small red metal cylinder,large cyan metal cube,b_front,large,b_front,True,b_front,True,a_front,False,b_front,True,a_front,False,b_front,True
CLEVR_val_000073.png,small purple metal sphere,large cyan metal cylinder,a_front,medium,a_front,True,a_front,True,b_front,False,b_front,False,b_front,False,a_front,True
CLEVR_val_000124.png,small blue metal sphere,small blue rubber sphere,a_front,medium,b_front,False,a_front,True,b_front,False,b_front,False,a_front,True,b_front,False
CLEVR_val_000020.png,small cyan metal cube,small blue rubber sphere,b_front,large,a_front,False,b_front,True,a_front,False,a_front,False,a_front,False,b_front,True
CLEVR_val_000072.png,small purple metal cylinder,small green rubber cylinder,a_front,large,b_front,False,a_front,True,b_front,False,b_front,False,b_front,False,a_front,True
CLEVR_val_000121.png,large purple metal sphere,small red rubber cylinder,b_front,large,a_front,False,b_front,True,a_front,False,a_front,False,b_front,True,a_front,False
CLEVR_val_000111.png,small gray metal cylinder,large cyan metal sphere,a_front,large,b_front,False,a_front,True,b_front,False,b_front,False,a_front,True,b_front,False
CLEVR_val_000146.png,small red metal sphere,small yellow metal sphere,a_front,large,a_front,True,a_front,True,b_front,False,a_front,True,b_front,False,a_front,True
CLEVR_val_000283.png,small purple rubber cylinder,large red rubber cube,a_front,small,b_front,False,a_front,True,b_front,False,b_front,False,a_front,True,b_front,False
CLEVR_val_000266.png,large brown rubber sphere,small purple rubber sphere,a_front,medium,a_front,True,a_front,True,b_front,False,a_front,True,a_front,True,b_front,False
CLEVR_val_000043.png,large blue metal sphere,small gray rubber sphere,b_front,large,b_front,True,b_front,True,a_front,False,a_front,False,b_front,True,a_front,False
CLEVR_val_000114.png,large blue rubber cylinder,small yellow metal sphere,a_front,large,a_front,True,a_front,True,b_front,False,a_front,True,a_front,True,b_front,False
CLEVR_val_000025.png,large gray rubber sphere,large cyan rubber cylinder,b_front,large,b_front,True,b_front,True,a_front,False,b_front,True,b_front,True,a_front,False
CLEVR_val_000052.png,small cyan rubber cube,small brown rubber cube,b_front,small,a_front,False,b_front,True,a_front,False,a_front,False,b_front,True,a_front,False
CLEVR_val_000041.png,large cyan rubber cylinder,small green rubber sphere,b_front,medium,b_front,True,b_front,True,a_front,False,a_front,False,a_front,False,b_front,True
CLEVR_val_000212.png,large blue rubber cylinder,small green rubber cube,a_front,large,a_front,True,a_front,True,b_front,False,a_front,True,a_front,True,b_front,False
CLEVR_val_000271.png,small green rubber sphere,large yellow rubber cube,a_front,large,b_front,False,a_front,True,b_front,False,b_front,False,a_front,True,b_front,False
CLEVR_val_000095.png,small yellow metal cube,large yellow metal sphere,b_front,large,a_front,False,b_front,True,a_front,False,b_front,True,b_front,True,a_front,False
CLEVR_val_000158.png,small red rubber sphere,large purple rubber sphere,b_front,large,b_front,True,b_front,True,a_front,False,b_front,True,a_front,False,b_front,True
CLEVR_val_000098.png,large blue rubber sphere,large gray metal sphere,b_front,large,a_front,False,b_front,True,a_front,False,a_front,False,a_front,False,b_front,True
CLEVR_val_000009.png,small brown metal sphere,small purple metal cube,a_front,medium,b_front,False,a_front,True,b_front,False,b_front,False,b_front,False,a_front,True
CLEVR_val_000056.png,small yellow metal cylinder,small brown rubber sphere,b_front,large,a_front,False,b_front,True,a_front,False,a_front,False,a_front,False,b_front,True
CLEVR_val_000163.png,small green rubber cube,small blue metal cylinder,a_front,large,b_front,False,a_front,True,b_front,False,b_front,False,b_front,False,a_front,True
CLEVR_val_000144.png,small purple metal sphere,small green metal sphere,b_front,medium,a_front,False,b_front,True,a_front,False,a_front,False,b_front,True,a_front,False
CLEVR_val_000053.png,small yellow metal cube,small yellow rubber cube,b_front,large,b_front,True,b_front,True,a_front,False,b_front,True,a_front,False,b_front,True
CLEVR_val_000184.png,small gray metal sphere,large green metal cube,b_front,medium,a_front,False,b_front,True,a_front,False,b_front,True,a_front,False,b_front,True
CLEVR_val_000227.png,large yellow rubber cube,large green metal cylinder,b_front,large,b_front,True,b_front,True,a_front,False,b_front,True,a_front,False,b_front,True
CLEVR_val_000172.png,large purple rubber cylinder,small brown metal cylinder,a_front,large,a_front,True,a_front,True,b_front,False,a_front,True,a_front,True,b_front,False
CLEVR_val_000126.png,small yellow metal cylinder,small gray rubber cylinder,b_front,large,b_front,True,b_front,True,a_front,False,b_front,True,a_front,False,b_front,True
CLEVR_val_000161.png,large green metal cylinder,large purple metal sphere,a_front,large,a_front,True,a_front,True,b_front,False,a_front,True,a_front,True,b_front,False
CLEVR_val_000238.png,small purple rubber cylinder,small purple rubber sphere,a_front,large,b_front,False,a_front,True,b_front,False,b_front,False,a_front,True,b_front,False
CLEVR_val_000032.png,small cyan metal cylinder,small green metal cylinder,b_front,large,a_front,False,b_front,True,a_front,False,a_front,False,b_front,True,a_front,False
CLEVR_val_000110.png,large red metal sphere,small yellow metal cylinder,a_front,large,b_front,False,a_front,True,b_front,False,a_front,True,b_front,False,a_front,True
CLEVR_val_000184.png,large green metal cube,small blue metal cylinder,a_front,large,a_front,True,a_front,True,b_front,False,a_front,True,a_front,True,b_front,False
CLEVR_val_000163.png,small cyan rubber cube,small red metal cube,b_front,medium,b_front,True,b_front,True,a_front,False,b_front,True,b_front,True,a_front,False
CLEVR_val_000016.png,small blue rubber sphere,small brown metal cylinder,a_front,large,a_front,True,a_front,True,b_front,False,a_front,True,b_front,False,a_front,True
CLEVR_val_000136.png,large blue rubber cube,large gray rubber sphere,a_front,large,b_front,False,a_front,True,b_front,False,b_front,False,a_front,True,b_front,False
CLEVR_val_000095.png,small red rubber sphere,large yellow metal cylinder,b_front,medium,a_front,False,b_front,True,a_front,False,b_front,True,a_front,False,b_front,True
CLEVR_val_000162.png,small yellow metal cylinder,large red metal cube,a_front,large,b_front,False,a_front,True,b_front,False,b_front,False,a_front,True,b_front,False
CLEVR_val_000049.png,small yellow metal sphere,large yellow metal sphere,b_front,medium,a_front,False,b_front,True,a_front,False,b_front,True,b_front,True,a_front,False
CLEVR_val_000169.png,large green rubber cylinder,large blue rubber cylinder,a_front,large,b_front,False,a_front,True,b_front,False,b_front,False,b_front,False,a_front,True
CLEVR_val_000252.png,large cyan metal cube,large yellow metal sphere,b_front,large,a_front,False,b_front,True,a_front,False,a_front,False,b_front,True,a_front,False
CLEVR_val_000139.png,small purple metal cube,large gray metal sphere,b_front,large,b_front,True,b_front,True,a_front,False,b_front,True,b_front,True,a_front,False
CLEVR_val_000099.png,small gray rubber sphere,large blue rubber sphere,a_front,large,a_front,True,a_front,True,b_front,False,b_front,False,a_front,True,b_front,False
CLEVR_val_000017.png,large brown metal cylinder,small cyan metal cylinder,a_front,medium,b_front,False,a_front,True,b_front,False,a_front,True,b_front,False,a_front,True
CLEVR_val_000036.png,large red metal sphere,large cyan metal cube,a_front,medium,a_front,True,a_front,True,b_front,False,a_front,True,a_front,True,b_front,False
CLEVR_val_000144.png,large brown metal sphere,large gray rubber cylinder,a_front,large,b_front,False,a_front,True,b_front,False,b_front,False,a_front,True,b_front,False
CLEVR_val_000286.png,large red metal cube,small cyan rubber sphere,b_front,large,a_front,False,b_front,True,a_front,False,a_front,False,a_front,False,b_front,True
CLEVR_val_000225.png,small red rubber cube,large brown rubber cube,a_front,medium,b_front,False,a_front,True,b_front,False,b_front,False,b_front,False,a_front,True
CLEVR_val_000218.png,large red rubber cylinder,large green rubber cube,a_front,large,a_front,True,a_front,True,b_front,False,a_front,True,b_front,False,a_front,True
CLEVR_val_000056.png,small red rubber sphere,large cyan metal cube,a_front,medium,b_front,False,a_front,True,b_front,False,b_front,False,a_front,True,b_front,False
CLEVR_val_000110.png,small brown metal cylinder,small yellow metal cylinder,b_front,small,a_front,False,b_front,True,a_front,False,a_front,False,b_front,True,a_front,False
CLEVR_val_000092.png,small green metal sphere,small yellow rubber sphere,b_front,medium,b_front,True,b_front,True,a_front,False,b_front,True,a_front,False,b_front,True
CLEVR_val_000136.png,large blue rubber cube,small blue metal cube,a_front,large,a_front,True,a_front,True,b_front,False,a_front,True,b_front,False,a_front,True
CLEVR_val_000096.png,large brown rubber cube,small purple rubber cube,b_front,large,b_front,True,b_front,True,a_front,False,a_front,False,b_front,True,a_front,False
CLEVR_val_000056.png,large cyan metal cube,large blue rubber cube,a_front,large,a_front,True,a_front,True,b_front,False,a_front,True,a_front,True,b_front,False
CLEVR_val_000242.png,large yellow metal sphere,large cyan metal sphere,a_front,large,b_front,False,a_front,True,b_front,False,b_front,False,a_front,True,b_front,False
CLEVR_val_000243.png,small green rubber cube,large green metal sphere,a_front,large,a_front,True,a_front,True,b_front,False,b_front,False,b_front,False,a_front,True
CLEVR_val_000046.png,small cyan rubber cylinder,small green rubber sphere,a_front,large,b_front,False,a_front,True,b_front,False,b_front,False,b_front,False,a_front,True
CLEVR_val_000222.png,large green rubber cylinder,small blue rubber sphere,b_front,medium,a_front,False,b_front,True,a_front,False,a_front,False,b_front,True,a_front,False
CLEVR_val_000209.png,small yellow rubber cylinder,large green metal cylinder,b_front,medium,b_front,True,b_front,True,a_front,False,b_front,True,a_front,False,b_front,True
CLEVR_val_000028.png,large brown rubber cube,small red metal cube,b_front,large,a_front,False,b_front,True,a_front,False,a_front,False,b_front,True,a_front,False
CLEVR_val_000011.png,large red rubber cube,small gray rubber sphere,a_front,large,b_front,False,a_front,True,b_front,False,a_front,True,a_front,True,b_front,False
CLEVR_val_000043.png,small cyan rubber cylinder,large blue metal sphere,b_front,small,a_front,False,a_front,False,b_front,True,b_front,True,a_front,False,b_front,True
CLEVR_val_000095.png,small red rubber sphere,small purple metal cube,b_front,large,b_front,True,b_front,True,a_front,False,b_front,True,b_front,True,a_front,False
CLEVR_val_000261.png,small cyan rubber sphere,large red metal cylinder,b_front,large,a_front,False,b_front,True,a_front,False,b_front,True,b_front,True,a_front,False
CLEVR_val_000041.png,small gray rubber cylinder,large cyan rubber cylinder,a_front,large,b_front,False,a_front,True,b_front,False,b_front,False,b_front,False,a_front,True
CLEVR_val_000144.png,small cyan rubber cube,small purple metal sphere,b_front,large,a_front,False,b_front,True,a_front,False,a_front,False,b_front,True,a_front,False
CLEVR_val_000260.png,small yellow metal cube,small cyan rubber cube,a_front,large,b_front,False,a_front,True,b_front,False,b_front,False,b_front,False,a_front,True
CLEVR_val_000144.png,small purple metal sphere,large brown rubber cylinder,b_front,large,a_front,False,b_front,True,a_front,False,b_front,True,a_front,False,b_front,True
CLEVR_val_000078.png,small gray rubber cylinder,large gray rubber cube,a_front,medium,b_front,False,a_front,True,b_front,False,b_front,False,b_front,False,a_front,True
CLEVR_val_000025.png,small cyan metal cylinder,small cyan rubber sphere,a_front,medium,a_front,True,a_front,True,b_front,False,a_front,True,b_front,False,a_front,True
CLEVR_val_000137.png,small blue rubber sphere,small yellow metal sphere,a_front,large,b_front,False,a_front,True,b_front,False,b_front,False,a_front,True,b_front,False
CLEVR_val_000199.png,large red metal sphere,large yellow metal sphere,b_front,small,a_front,False,b_front,True,a_front,False,a_front,False,b_front,True,a_front,False
CLEVR_val_000043.png,large green rubber cylinder,large yellow rubber cylinder,b_front,medium,b_front,True,b_front,True,a_front,False,b_front,True,b_front,True,a_front,False
CLEVR_val_000122.png,small gray metal cube,small yellow rubber cube,a_front,medium,a_front,True,a_front,True,b_front,False,a_front,True,b_front,False,a_front,True
CLEVR_val_000170.png,large green metal cylinder,small yellow metal sphere,a_front,large,b_front,False,a_front,True,b_front,False,a_front,True,b_front,False,a_front,True
CLEVR_val_000192.png,small brown metal cylinder,small purple rubber sphere,a_front,large,a_front,True,a_front,True,b_front,False,a_front,True,b_front,False,a_front,True
CLEVR_val_000201.png,small purple metal cylinder,small gray rubber cube,b_front,small,b_front,True,b_front,True,a_front,False,b_front,True,b_front,True,a_front,False
CLEVR_val_000183.png,large brown metal sphere,small blue metal cube,b_front,large,a_front,False,b_front,True,a_front,False,a_front,False,a_front,False,b_front,True
CLEVR_val_000199.png,large red metal sphere,large yellow metal cube,b_front,large,b_front,True,b_front,True,a_front,False,b_front,True,b_front,True,a_front,False
CLEVR_val_000252.png,small brown metal cube,small blue metal sphere,a_front,large,a_front,True,a_front,True,b_front,False,a_front,True,b_front,False,a_front,True
CLEVR_val_000109.png,small gray rubber cylinder,small purple rubber cylinder,b_front,medium,b_front,True,b_front,True,a_front,False,b_front,True,a_front,False,b_front,True
CLEVR_val_000225.png,large yellow rubber sphere,small red rubber cube,b_front,large,a_front,False,b_front,True,a_front,False,a_front,False,a_front,False,b_front,True
CLEVR_val_000101.png,small yellow rubber sphere,small green rubber sphere,a_front,medium,b_front,False,a_front,True,b_front,False,b_front,False,b_front,False,a_front,True
CLEVR_val_000076.png,large yellow metal cylinder,large gray rubber cube,a_front,large,a_front,True,a_front,True,b_front,False,a_front,True,a_front,True,b_front,False
CLEVR_val_000036.png,small cyan rubber cube,large red metal sphere,b_front,medium,b_front,True,b_front,True,a_front,False,b_front,True,a_front,False,b_front,True
CLEVR_val_000049.png,small green metal cube,small brown rubber sphere,b_front,medium,a_front,False,b_front,True,a_front,False,a_front,False,a_front,False,b_front,True
CLEVR_val_000097.png,large purple rubber sphere,large blue metal cylinder,b_front,large,b_front,True,b_front,True,a_front,False,b_front,True,b_front,True,a_front,False
CLEVR_val_000104.png,small cyan rubber cube,small brown metal cylinder,a_front,large,a_front,True,a_front,True,b_front,False,a_front,True,b_front,False,a_front,True
CLEVR_val_000168.png,large gray metal cube,small cyan rubber sphere,b_front,large,b_front,True,b_front,True,a_front,False,a_front,False,b_front,True,a_front,False
CLEVR_val_000049.png,small brown rubber sphere,small yellow rubber sphere,b_front,large,a_front,False,b_front,True,a_front,False,a_front,False,b_front,True,a_front,False
CLEVR_val_000175.png,large cyan rubber cube,small red rubber cylinder,b_front,large,b_front,True,b_front,True,a_front,False,a_front,False,a_front,False,b_front,True
CLEVR_val_000263.png,large cyan rubber cube,large purple metal cube,a_front,large,a_front,True,a_front,True,b_front,False,a_front,True,a_front,True,b_front,False
CLEVR_val_000277.png,small purple metal cylinder,large brown rubber sphere,b_front,large,b_front,True,b_front,True,a_front,False,b_front,True,b_front,True,a_front,False
CLEVR_val_000273.png,large purple metal sphere,large brown rubber cube,a_front,large,a_front,True,a_front,True,b_front,False,a_front,True,b_front,False,a_front,True
CLEVR_val_000230.png,small red metal sphere,small green metal cylinder,a_front,medium,b_front,False,a_front,True,b_front,False,b_front,False,b_front,False,a_front,True
CLEVR_val_000254.png,small red rubber sphere,large brown metal sphere,b_front,large,a_front,False,b_front,True,a_front,False,b_front,True,a_front,False,b_front,True
CLEVR_val_000129.png,large red rubber cylinder,large cyan rubber cube,a_front,large,b_front,False,a_front,True,b_front,False,b_front,False,b_front,False,a_front,True
CLEVR_val_000270.png,small brown metal cube,small gray metal cylinder,b_front,medium,a_front,False,b_front,True,a_front,False,a_front,False,b_front,True,a_front,False
CLEVR_val_000250.png,large purple metal cylinder,small red rubber cube,b_front,medium,b_front,True,b_front,True,a_front,False,a_front,False,a_front,False,b_front,True
CLEVR_val_000129.png,large red rubber cylinder,small cyan metal sphere,b_front,medium,a_front,False,b_front,True,a_front,False,a_front,False,a_front,False,b_front,True
CLEVR_val_000214.png,small red rubber cylinder,small yellow metal cylinder,a_front,small,b_front,False,a_front,True,b_front,False,b_front,False,a_front,True,b_front,False
CLEVR_val_000190.png,large brown rubber sphere,small purple rubber sphere,b_front,medium,a_front,False,b_front,True,a_front,False,a_front,False,b_front,True,a_front,False
CLEVR_val_000001.png,small blue metal cylinder,large blue rubber cylinder,b_front,large,b_front,True,b_front,True,a_front,False,b_front,True,a_front,False,b_front,True
CLEVR_val_000095.png,small purple metal cube,large purple rubber cylinder,a_front,large,a_front,True,a_front,True,b_front,False,b_front,False,b_front,False,a_front,True
CLEVR_val_000104.png,small gray rubber cube,small brown metal cylinder,a_front,large,b_front,False,a_front,True,b_front,False,b_front,False,a_front,True,b_front,False
CLEVR_val_000066.png,large purple metal cylinder,large red metal sphere,a_front,large,a_front,True,a_front,True,b_front,False,a_front,True,b_front,False,a_front,True
CLEVR_val_000114.png,large blue rubber cylinder,small brown metal cube,a_front,large,b_front,False,a_front,True,b_front,False,a_front,True,a_front,True,b_front,False
CLEVR_val_000102.png,small gray metal sphere,small cyan metal cube,a_front,medium,a_front,True,a_front,True,b_front,False,a_front,True,b_front,False,a_front,True
CLEVR_val_000124.png,small blue metal sphere,large cyan rubber cylinder,b_front,large,b_front,True,b_front,True,a_front,False,b_front,True,a_front,False,b_front,True
CLEVR_val_000180.png,small red rubber cube,small gray rubber cube,a_front,large,a_front,True,a_front,True,b_front,False,a_front,True,a_front,True,b_front,False
CLEVR_val_000125.png,small brown rubber sphere,large purple rubber sphere,b_front,medium,b_front,True,b_front,True,b_front,True,b_front,True,a_front,False,b_front,True
CLEVR_val_000169.png,small yellow rubber cylinder,large brown metal sphere,b_front,large,a_front,False,b_front,True,a_front,False,b_front,True,b_front,True,a_front,False
CLEVR_val_000157.png,large cyan metal cylinder,small brown metal cylinder,a_front,large,b_front,False,a_front,True,b_front,False,a_front,True,b_front,False,a_front,True
CLEVR_val_000234.png,large purple rubber cube,small gray metal sphere,b_front,large,a_front,False,b_front,True,a_front,False,a_front,False,a_front,False,b_front,True
CLEVR_val_000279.png,small blue rubber cylinder,small brown metal sphere,b_front,medium,b_front,True,b_front,True,a_front,False,b_front,True,b_front,True,a_front,False
CLEVR_val_000102.png,small green rubber cylinder,large brown rubber sphere,a_front,medium,a_front,True,a_front,True,b_front,False,b_front,False,b_front,False,a_front,True
CLEVR_val_000166.png,large green rubber cube,large yellow rubber cylinder,b_front,large,b_front,True,b_front,True,a_front,False,b_front,True,b_front,True,a_front,False
CLEVR_val_000151.png,small brown rubber sphere,small yellow rubber cube,b_front,large,a_front,False,b_front,True,a_front,False,a_front,False,a_front,False,b_front,True
CLEVR_val_000225.png,large yellow rubber sphere,large blue metal cylinder,b_front,large,b_front,True,b_front,True,a_front,False,b_front,True,a_front,False,b_front,True
CLEVR_val_000086.png,small purple metal cube,large purple rubber cylinder,b_front,medium,a_front,False,a_front,False,b_front,True,b_front,True,b_front,True,a_front,False
CLEVR_val_000196.png,large red rubber cube,small yellow metal cube,a_front,large,b_front,False,a_front,True,b_front,False,a_front,True,b_front,False,a_front,True
CLEVR_val_000109.png,large brown rubber cube,small purple rubber cylinder,b_front,large,a_front,False,b_front,True,a_front,False,a_front,False,a_front,False,b_front,True
CLEVR_val_000208.png,small brown metal sphere,small green rubber cylinder,b_front,medium,b_front,True,b_front,True,a_front,False,b_front,True,b_front,True,a_front,False
CLEVR_val_000112.png,small yellow metal cube,large red metal cylinder,b_front,large,a_front,False,b_front,True,a_front,False,b_front,True,b_front,True,a_front,False
CLEVR_val_000201.png,large cyan rubber sphere,small blue metal cylinder,b_front,large,b_front,True,b_front,True,a_front,False,a_front,False,b_front,True,a_front,False
CLEVR_val_000072.png,small yellow metal sphere,large purple rubber sphere,b_front,large,a_front,False,b_front,True,a_front,False,b_front,True,a_front,False,b_front,True
CLEVR_val_000087.png,small purple rubber cylinder,large brown rubber sphere,a_front,large,b_front,False,a_front,True,b_front,False,b_front,False,b_front,False,a_front,True
CLEVR_val_000045.png,small brown rubber sphere,small yellow rubber cylinder,b_front,medium,a_front,False,b_front,True,a_front,False,a_front,False,a_front,False,b_front,True
CLEVR_val_000098.png,large blue metal cylinder,large brown rubber cylinder,a_front,large,b_front,False,a_front,True,b_front,False,b_front,False,b_front,False,a_front,True
CLEVR_val_000063.png,large gray metal cylinder,large blue rubber cube,a_front,large,a_front,True,a_front,True,b_front,False,a_front,True,b_front,False,a_front,True
CLEVR_val_000170.png,small brown metal cylinder,small cyan metal cylinder,b_front,medium,b_front,True,b_front,True,a_front,False,b_front,True,a_front,False,b_front,True
CLEVR_val_000145.png,small green metal sphere,large red rubber cylinder,a_front,large,a_front,True,a_front,True,b_front,False,b_front,False,a_front,True,b_front,False
CLEVR_val_000168.png,large gray metal sphere,small gray rubber sphere,a_front,large,b_front,False,a_front,True,b_front,False,a_front,True,b_front,False,a_front,True
CLEVR_val_000258.png,large yellow rubber cube,small gray metal sphere,a_front,large,a_front,True,a_front,True,b_front,False,a_front,True,b_front,False,a_front,True
CLEVR_val_000035.png,small green metal cylinder,small yellow metal sphere,b_front,large,b_front,True,b_front,True,a_front,False,b_front,True,a_front,False,b_front,True
CLEVR_val_000243.png,small blue rubber cube,large cyan metal sphere,b_front,large,a_front,False,b_front,True,a_front,False,b_front,True,b_front,True,a_front,False
CLEVR_val_000245.png,large red rubber sphere,large cyan metal cube,a_front,large,b_front,False,a_front,True,b_front,False,b_front,False,b_front,False,a_front,True
CLEVR_val_000018.png,large red metal cylinder,large purple metal cube,b_front,medium,a_front,False,b_front,True,a_front,False,a_front,False,b_front,True,a_front,False
CLEVR_val_000129.png,small red rubber sphere,large blue metal cube,a_front,small,b_front,False,a_front,True,b_front,False,b_front,False,b_front,False,a_front,True
CLEVR_val_000031.png,small blue rubber cube,small cyan rubber cylinder,b_front,large,a_front,False,b_front,True,a_front,False,a_front,False,b_front,True,a_front,False
CLEVR_val_000274.png,large cyan metal sphere,small purple rubber cylinder,a_front,large,b_front,False,a_front,True,b_front,False,a_front,True,b_front,False,a_front,True
CLEVR_val_000218.png,large green metal sphere,large red rubber cylinder,b_front,large,a_front,False,b_front,True,a_front,False,a_front,False,b_front,True,a_front,False
CLEVR_val_000160.png,large cyan rubber cube,large red rubber cylinder,a_front,medium,b_front,False,a_front,True,b_front,False,b_front,False,b_front,False,a_front,True
CLEVR_val_000078.png,small gray metal cylinder,large gray rubber cube,a_front,large,a_front,True,a_front,True,b_front,False,b_front,False,b_front,False,a_front,True
CLEVR_val_000104.png,large cyan rubber sphere,small brown metal cylinder,a_front,large,b_front,False,a_front,True,b_front,False,a_front,True,a_front,True,b_front,False
CLEVR_val_000102.png,small yellow metal cylinder,small blue metal cube,a_front,large,a_front,True,a_front,True,b_front,False,a_front,True,a_front,True,b_front,False
CLEVR_val_000057.png,small cyan metal sphere,small brown rubber cylinder,a_front,large,b_front,False,a_front,True,b_front,False,b_front,False,b_front,False,a_front,True
CLEVR_val_000241.png,large green metal cylinder,small yellow rubber cube,b_front,medium,a_front,False,b_front,True,a_front,False,a_front,False,a_front,False,b_front,True
CLEVR_val_000028.png,large purple metal sphere,small red metal cube,b_front,large,b_front,True,b_front,True,a_front,False,a_front,False,a_front,False,b_front,True
CLEVR_val_000104.png,large brown metal cube,small gray metal sphere,b_front,large,a_front,False,b_front,True,a_front,False,a_front,False,a_front,False,b_front,True
CLEVR_val_000287.png,small yellow metal cube,large green metal cylinder,a_front,large,b_front,False,a_front,True,b_front,False,b_front,False,b_front,False,a_front,True
CLEVR_val_000028.png,large purple rubber sphere,large yellow rubber sphere,b_front,large,a_front,False,b_front,True,a_front,False,a_front,False,a_front,False,b_front,True
CLEVR_val_000057.png,large red metal sphere,large gray rubber sphere,b_front,large,b_front,True,b_front,True,a_front,False,b_front,True,a_front,False,b_front,True
CLEVR_val_000129.png,small red rubber sphere,large red metal sphere,a_front,large,a_front,True,a_front,True,b_front,False,b_front,False,b_front,False,a_front,True
CLEVR_val_000188.png,large gray metal cylinder,small red metal sphere,b_front,large,b_front,True,b_front,True,a_front,False,a_front,False,a_front,False,b_front,True
CLEVR_val_000269.png,small yellow metal cylinder,small red metal sphere,b_front,medium,a_front,False,b_front,True,a_front,False,a_front,False,b_front,True,a_front,False
CLEVR_val_000087.png,large green metal sphere,small green metal sphere,b_front,large,b_front,True,b_front,True,a_front,False,a_front,False,a_front,False,b_front,True
CLEVR_val_000028.png,small brown metal sphere,small blue rubber cube,a_front,large,a_front,True,a_front,True,b_front,False,a_front,True,b_front,False,a_front,True
CLEVR_val_000008.png,large yellow metal sphere,small brown rubber sphere,b_front,large,b_front,True,b_front,True,a_front,False,a_front,False,a_front,False,b_front,True
CLEVR_val_000170.png,small red rubber cube,large purple metal cylinder,b_front,large,a_front,False,b_front,True,a_front,False,b_front,True,a_front,False,b_front,True
CLEVR_val_000016.png,small red rubber cylinder,small brown metal cylinder,a_front,medium,b_front,False,a_front,True,b_front,False,b_front,False,b_front,False,a_front,True
CLEVR_val_000155.png,small purple metal cylinder,large purple metal sphere,a_front,large,a_front,True,a_front,True,b_front,False,b_front,False,b_front,False,a_front,True
CLEVR_val_000129.png,large red rubber cylinder,large gray metal sphere,a_front,small,b_front,False,a_front,True,b_front,False,b_front,False,b_front,False,a_front,True
CLEVR_val_000066.png,large green metal cylinder,large red metal sphere,a_front,large,a_front,True,a_front,True,b_front,False,a_front,True,a_front,True,b_front,False
CLEVR_val_000121.png,small green rubber sphere,large blue metal cylinder,a_front,medium,b_front,False,a_front,True,b_front,False,b_front,False,b_front,False,a_front,True
CLEVR_val_000122.png,large green metal cube,large blue rubber cylinder,a_front,large,a_front,True,a_front,True,b_front,False,a_front,True,b_front,False,a_front,True
CLEVR_val_000254.png,large brown metal sphere,large brown rubber cylinder,b_front,large,b_front,True,b_front,True,a_front,False,b_front,True,b_front,True,a_front,False
CLEVR_val_000243.png,small purple rubber cylinder,small purple metal cylinder,b_front,large,a_front,False,b_front,True,a_front,False,a_front,False,a_front,False,b_front,True
CLEVR_val_000036.png,large cyan metal cube,small green rubber cube,b_front,large,b_front,True,b_front,True,a_front,False,a_front,False,b_front,True,a_front,False
CLEVR_val_000009.png,large gray rubber cube,large brown rubber cylinder,a_front,large,a_front,True,a_front,True,b_front,False,a_front,True,b_front,False,a_front,True
CLEVR_val_000217.png,small red rubber cylinder,large cyan rubber cylinder,a_front,medium,b_front,False,a_front,True,b_front,False,b_front,False,b_front,False,a_front,True
CLEVR_val_000073.png,small blue metal sphere,small blue rubber sphere,b_front,large,a_front,False,b_front,True,a_front,False,a_front,False,a_front,False,b_front,True
CLEVR_val_000160.png,large yellow metal cylinder,small blue metal cylinder,a_front,large,b_front,False,a_front,True,b_front,False,a_front,True,b_front,False,a_front,True
CLEVR_val_000217.png,large green rubber sphere,small red rubber cylinder,a_front,medium,a_front,True,a_front,True,b_front,False,a_front,True,b_front,False,a_front,True
CLEVR_val_000244.png,large blue rubber cube,small yellow metal cylinder,b_front,large,b_front,True,b_front,True,a_front,False,a_front,False,b_front,True,a_front,False
CLEVR_val_000234.png,large red metal cube,large cyan metal sphere,a_front,medium,a_front,True,a_front,True,b_front,False,a_front,True,b_front,False,a_front,True
CLEVR_val_000146.png,small red rubber cylinder,small gray metal sphere,a_front,large,b_front,False,a_front,True,b_front,False,b_front,False,b_front,False,a_front,True
CLEVR_val_000055.png,large green metal cube,small cyan metal cube,b_front,large,a_front,False,b_front,True,a_front,False,a_front,False,a_front,False,b_front,True
CLEVR_val_000202.png,small red metal cylinder,small purple rubber cylinder,b_front,medium,b_front,True,b_front,True,a_front,False,b_front,True,b_front,True,a_front,False
CLEVR_val_000114.png,small purple rubber cube,small yellow metal sphere,a_front,large,a_front,True,a_front,True,b_front,False,a_front,True,a_front,True,b_front,False
CLEVR_val_000095.png,small gray rubber cylinder,small purple metal cube,b_front,large,b_front,True,b_front,True,a_front,False,b_front,True,b_front,True,a_front,False
CLEVR_val_000181.png,small brown metal cylinder,small green rubber cube,a_front,large,a_front,True,a_front,True,b_front,False,a_front,True,b_front,False,a_front,True
CLEVR_val_000152.png,small blue rubber cube,small purple rubber cylinder,b_front,medium,b_front,True,b_front,True,a_front,False,b_front,True,a_front,False,b_front,True
CLEVR_val_000225.png,small red rubber cube,small gray metal cube,a_front,large,a_front,True,a_front,True,b_front,False,a_front,True,b_front,False,a_front,True
CLEVR_val_000192.png,small red metal sphere,small purple rubber cube,a_front,small,b_front,False,a_front,True,b_front,False,b_front,False,b_front,False,a_front,True
CLEVR_val_000277.png,small purple metal cylinder,large gray metal sphere,b_front,small,a_front,False,a_front,False,b_front,True,b_front,True,a_front,False,b_front,True
CLEVR_val_000124.png,small blue metal sphere,large brown metal cylinder,b_front,large,b_front,True,b_front,True,a_front,False,b_front,True,a_front,False,b_front,True
CLEVR_val_000215.png,large blue rubber cylinder,small brown rubber sphere,a_front,medium,a_front,True,a_front,True,b_front,False,a_front,True,a_front,True,b_front,False
CLEVR_val_000121.png,large blue metal cylinder,small red rubber cylinder,b_front,large,b_front,True,b_front,True,a_front,False,a_front,False,b_front,True,a_front,False
CLEVR_val_000080.png,small red rubber sphere,large cyan rubber cube,a_front,large,a_front,True,a_front,True,b_front,False,b_front,False,a_front,True,b_front,False
CLEVR_val_000032.png,small gray rubber cylinder,large brown rubber cylinder,a_front,large,b_front,False,a_front,True,b_front,False,b_front,False,a_front,True,b_front,False
CLEVR_val_000182.png,small red metal cube,small blue rubber cube,a_front,large,a_front,True,a_front,True,b_front,False,a_front,True,a_front,True,b_front,False
CLEVR_val_000222.png,small cyan metal sphere,small blue rubber sphere,a_front,large,b_front,False,a_front,True,b_front,False,b_front,False,b_front,False,a_front,True
CLEVR_val_000185.png,small brown metal cube,large yellow metal sphere,a_front,medium,a_front,True,a_front,True,b_front,False,b_front,False,b_front,False,a_front,True
CLEVR_val_000257.png,small purple rubber sphere,large green metal cylinder,a_front,large,b_front,False,a_front,True,b_front,False,b_front,False,b_front,False,a_front,True
CLEVR_val_000087.png,small red metal cylinder,large brown metal cylinder,a_front,large,a_front,True,a_front,True,b_front,False,b_front,False,a_front,True,b_front,False
CLEVR_val_000031.png,small blue rubber cube,small green rubber cube,b_front,large,b_front,True,b_front,True,a_front,False,b_front,True,a_front,False,b_front,True
CLEVR_val_000212.png,small brown metal cube,large yellow metal cube,b_front,large,a_front,False,b_front,True,a_front,False,b_front,True,a_front,False,b_front,True
CLEVR_val_000068.png,small cyan metal cube,small red rubber cylinder,b_front,large,b_front,True,b_front,True,a_front,False,b_front,True,b_front,True,a_front,False
CLEVR_val_000080.png,large red metal cube,large cyan rubber cube,a_front,large,a_front,True,a_front,True,b_front,False,a_front,True,a_front,True,b_front,False
CLEVR_val_000192.png,small purple rubber sphere,large brown metal cylinder,a_front,medium,b_front,False,a_front,True,b_front,False,b_front,False,a_front,True,b_front,False
CLEVR_val_000266.png,small brown metal cylinder,small purple rubber sphere,a_front,large,a_front,True,a_front,True,b_front,False,a_front,True,a_front,True,b_front,False
CLEVR_val_000192.png,small green rubber cube,large purple metal cylinder,a_front,large,b_front,False,a_front,True,b_front,False,b_front,False,a_front,True,b_front,False
CLEVR_val_000088.png,large cyan metal cube,large yellow metal cylinder,b_front,large,a_front,False,b_front,True,a_front,False,a_front,False,b_front,True,a_front,False
CLEVR_val_000092.png,large green rubber sphere,small blue rubber cylinder,a_front,medium,b_front,False,a_front,True,b_front,False,a_front,True,a_front,True,b_front,False
CLEVR_val_000167.png,small red rubber cube,large red metal cylinder,b_front,large,a_front,False,b_front,True,a_front,False,b_front,True,a_front,False,b_front,True
CLEVR_val_000230.png,large yellow metal cube,large red metal sphere,a_front,medium,b_front,False,a_front,True,b_front,False,b_front,False,b_front,False,a_front,True
CLEVR_val_000215.png,small gray metal cube,small brown rubber sphere,b_front,large,a_front,False,b_front,True,a_front,False,a_front,False,a_front,False,b_front,True
CLEVR_val_000116.png,large yellow metal cylinder,small gray metal cube,b_front,large,b_front,True,b_front,True,a_front,False,a_front,False,b_front,True,a_front,False
CLEVR_val_000163.png,small blue metal cylinder,large blue rubber sphere,b_front,medium,a_front,False,b_front,True,a_front,False,b_front,True,a_front,False,b_front,True
CLEVR_val_000129.png,large red metal sphere,large gray metal sphere,b_front,medium,b_front,True,b_front,True,a_front,False,b_front,True,a_front,False,b_front,True
CLEVR_val_000170.png,large green metal cube,small yellow metal sphere,a_front,medium,a_front,True,a_front,True,b_front,False,a_front,True,b_front,False,a_front,True
CLEVR_val_000276.png,small green metal cube,large cyan metal cube,b_front,large,b_front,True,b_front,True,a_front,False,b_front,True,a_front,False,b_front,True
CLEVR_val_000240.png,small red rubber cylinder,large blue rubber cylinder,b_front,large,a_front,False,b_front,True,a_front,False,b_front,True,a_front,False,b_front,True
CLEVR_val_000072.png,large yellow metal cylinder,small gray rubber cylinder,b_front,large,b_front,True,b_front,True,a_front,False,a_front,False,b_front,True,a_front,False
CLEVR_val_000252.png,small blue rubber cube,large yellow metal sphere,b_front,large,a_front,False,b_front,True,a_front,False,b_front,True,a_front,False,b_front,True
CLEVR_val_000114.png,small purple rubber cube,small brown metal cube,a_front,large,b_front,False,a_front,True,b_front,False,b_front,False,b_front,False,a_front,True
CLEVR_val_000171.png,small green metal cube,small gray metal sphere,b_front,large,a_front,False,b_front,True,a_front,False,a_front,False,a_front,False,b_front,True
CLEVR_val_000001.png,large blue rubber cylinder,small yellow rubber cylinder,b_front,large,b_front,True,b_front,True,a_front,False,a_front,False,b_front,True,a_front,False
CLEVR_val_000023.png,small yellow metal sphere,large brown rubber sphere,a_front,small,a_front,True,a_front,True,b_front,False,b_front,False,a_front,True,b_front,False
CLEVR_val_000254.png,large green metal cube,large brown rubber cylinder,b_front,large,b_front,True,b_front,True,a_front,False,b_front,True,b_front,True,a_front,False
CLEVR_val_000217.png,small brown metal sphere,large brown rubber sphere,a_front,large,a_front,True,a_front,True,b_front,False,b_front,False,a_front,True,b_front,False
CLEVR_val_000161.png,small blue rubber cube,large green rubber cylinder,b_front,medium,b_front,True,b_front,True,a_front,False,b_front,True,b_front,True,a_front,False
CLEVR_val_000171.png,large cyan rubber cylinder,small purple rubber sphere,b_front,medium,a_front,False,b_front,True,a_front,False,a_front,False,a_front,False,b_front,True
CLEVR_val_000041.png,large purple metal sphere,large red metal sphere,a_front,large,b_front,False,a_front,True,b_front,False,b_front,False,a_front,True,b_front,False
CLEVR_val_000015.png,large red metal sphere,small gray metal cube,a_front,large,a_front,True,a_front,True,b_front,False,a_front,True,a_front,True,b_front,False
CLEVR_val_000232.png,large purple metal sphere,small brown metal sphere,a_front,medium,b_front,False,a_front,True,b_front,False,a_front,True,b_front,False,a_front,True
CLEVR_val_000160.png,small cyan metal sphere,small blue metal cylinder,b_front,large,a_front,False,b_front,True,a_front,False,a_front,False,b_front,True,a_front,False
CLEVR_val_000236.png,large gray rubber cube,large green metal cylinder,a_front,small,b_front,False,a_front,True,b_front,False,b_front,False,b_front,False,a_front,True
CLEVR_val_000002.png,large purple metal cube,small blue metal cube,b_front,medium,a_front,False,b_front,True,a_front,False,a_front,False,b_front,True,a_front,False
CLEVR_val_000109.png,large green rubber sphere,large cyan rubber sphere,a_front,large,b_front,False,a_front,True,b_front,False,b_front,False,a_front,True,b_front,False
CLEVR_val_000049.png,large blue metal sphere,small green metal cube,a_front,large,a_front,True,a_front,True,b_front,False,a_front,True,b_front,False,a_front,True
CLEVR_val_000267.png,small blue rubber cube,large red rubber cylinder,b_front,medium,b_front,True,b_front,True,a_front,False,b_front,True,a_front,False,b_front,True
CLEVR_val_000116.png,large red rubber sphere,large yellow metal cylinder,b_front,medium,a_front,False,b_front,True,a_front,False,a_front,False,b_front,True,a_front,False
CLEVR_val_000004.png,large brown rubber sphere,large green rubber cylinder,a_front,large,b_front,False,a_front,True,b_front,False,b_front,False,b_front,False,a_front,True
CLEVR_val_000234.png,large gray rubber cube,large cyan metal sphere,b_front,small,a_front,False,b_front,True,a_front,False,a_front,False,b_front,True,a_front,False
CLEVR_val_000254.png,small red rubber sphere,small yellow rubber sphere,b_front,medium,b_front,True,b_front,True,a_front,False,b_front,True,a_front,False,b_front,True
CLEVR_val_000084.png,large brown metal sphere,large yellow metal cylinder,b_front,medium,a_front,False,b_front,True,a_front,False,a_front,False,b_front,True,a_front,False
CLEVR_val_000157.png,small green rubber cylinder,large green rubber cylinder,a_front,medium,b_front,False,a_front,True,b_front,False,b_front,False,b_front,False,a_front,True
CLEVR_val_000230.png,small blue metal cube,small red metal sphere,b_front,large,a_front,False,b_front,True,a_front,False,a_front,False,b_front,True,a_front,False
CLEVR_val_000052.png,small cyan rubber cube,small gray rubber sphere,b_front,medium,b_front,True,b_front,True,a_front,False,b_front,True,a_front,False,b_front,True
CLEVR_val_000057.png,large gray rubber sphere,small brown rubber cylinder,b_front,small,a_front,False,b_front,True,a_front,False,a_front,False,b_front,True,a_front,False
CLEVR_val_000160.png,small blue metal cylinder,small gray rubber cylinder,b_front,large,b_front,True,b_front,True,a_front,False,b_front,True,a_front,False,b_front,True
CLEVR_val_000231.png,large yellow metal cylinder,large cyan metal cylinder,a_front,medium,a_front,True,a_front,True,b_front,False,a_front,True,a_front,True,b_front,False
CLEVR_val_000015.png,large red metal sphere,large gray rubber sphere,b_front,large,b_front,True,b_front,True,a_front,False,b_front,True,b_front,True,a_front,False
CLEVR_val_000025.png,large cyan rubber cylinder,large gray metal cylinder,a_front,large,a_front,True,a_front,True,b_front,False,a_front,True,b_front,False,a_front,True
CLEVR_val_000099.png,large purple metal sphere,large blue rubber sphere,b_front,medium,b_front,True,b_front,True,a_front,False,b_front,True,b_front,True,a_front,False
CLEVR_val_000173.png,large green metal sphere,large blue rubber cube,a_front,large,a_front,True,a_front,True,b_front,False,a_front,True,a_front,True,b_front,False
CLEVR_val_000263.png,large purple metal cube,small yellow rubber cube,b_front,medium,b_front,True,b_front,True,a_front,False,a_front,False,a_front,False,b_front,True
CLEVR_val_000209.png,small yellow rubber cylinder,large green metal cube,a_front,medium,a_front,True,a_front,True,b_front,False,b_front,False,a_front,True,b_front,False
CLEVR_val_000238.png,small cyan rubber cylinder,small red rubber cube,b_front,large,b_front,True,b_front,True,a_front,False,b_front,True,a_front,False,b_front,True
CLEVR_val_000208.png,small purple metal sphere,small green metal cylinder,b_front,small,a_front,False,b_front,True,a_front,False,a_front,False,b_front,True,a_front,False
CLEVR_val_000167.png,small green rubber sphere,large blue rubber cylinder,b_front,medium,b_front,True,b_front,True,a_front,False,b_front,True,b_front,True,a_front,False
CLEVR_val_000261.png,small cyan rubber sphere,large yellow metal cylinder,b_front,large,a_front,False,b_front,True,a_front,False,b_front,True,b_front,True,a_front,False
CLEVR_val_000273.png,small blue rubber sphere,small red metal cube,a_front,small,b_front,False,a_front,True,b_front,False,b_front,False,a_front,True,b_front,False
CLEVR_val_000111.png,large yellow metal cube,large cyan metal sphere,a_front,medium,a_front,True,a_front,True,b_front,False,a_front,True,a_front,True,b_front,False
CLEVR_val_000092.png,large green rubber sphere,small yellow metal sphere,a_front,small,b_front,False,a_front,True,b_front,False,a_front,True,a_front,True,b_front,False
CLEVR_val_000110.png,small purple metal cylinder,large cyan rubber sphere,a_front,medium,a_front,True,a_front,True,b_front,False,b_front,False,b_front,False,a_front,True
CLEVR_val_000225.png,large blue metal cylinder,small red rubber cube,a_front,medium,b_front,False,a_front,True,b_front,False,a_front,True,a_front,True,b_front,False
CLEVR_val_000002.png,large purple metal cube,small brown metal cylinder,a_front,medium,a_front,True,a_front,True,b_front,False,a_front,True,b_front,False,a_front,True
CLEVR_val_000149.png,large gray rubber cube,large purple metal sphere,a_front,large,b_front,False,a_front,True,b_front,False,b_front,False,a_front,True,b_front,False
CLEVR_val_000092.png,large green rubber sphere,large cyan rubber cube,b_front,medium,a_front,False,b_front,True,a_front,False,a_front,False,a_front,False,b_front,True
CLEVR_val_000080.png,small cyan metal sphere,large yellow rubber cylinder,b_front,large,b_front,True,b_front,True,a_front,False,b_front,True,b_front,True,a_front,False
CLEVR_val_000008.png,small purple metal cube,small purple rubber cylinder,a_front,large,a_front,True,a_front,True,b_front,False,a_front,True,a_front,True,b_front,False
CLEVR_val_000049.png,large yellow metal sphere,large purple metal cylinder,a_front,large,b_front,False,a_front,True,b_front,False,b_front,False,a_front,True,b_front,False
CLEVR_val_000171.png,large red rubber sphere,large cyan rubber cylinder,a_front,large,a_front,True,a_front,True,b_front,False,a_front,True,a_front,True,b_front,False
CLEVR_val_000114.png,large blue rubber sphere,small brown metal cube,a_front,large,b_front,False,a_front,True,b_front,False,a_front,True,a_front,True,b_front,False
CLEVR_val_000274.png,small purple rubber cylinder,large yellow metal cube,a_front,small,a_front,True,a_front,True,b_front,False,b_front,False,a_front,True,b_front,False
CLEVR_val_000226.png,large brown rubber cylinder,large yellow rubber cylinder,b_front,medium,b_front,True,b_front,True,a_front,False,b_front,True,a_front,False,b_front,True
CLEVR_val_000106.png,small yellow metal cylinder,large blue metal sphere,b_front,large,a_front,False,b_front,True,a_front,False,b_front,True,b_front,True,a_front,False
CLEVR_val_000075.png,small brown rubber sphere,large purple metal cylinder,a_front,large,b_front,False,a_front,True,b_front,False,b_front,False,b_front,False,a_front,True
CLEVR_val_000212.png,large yellow metal cube,large red metal cylinder,a_front,large,a_front,True,a_front,True,b_front,False,a_front,True,a_front,True,b_front,False
CLEVR_val_000179.png,small gray rubber cube,large cyan rubber cylinder,a_front,large,b_front,False,a_front,True,b_front,False,b_front,False,a_front,True,b_front,False
CLEVR_val_000077.png,large brown metal cylinder,large cyan metal cube,b_front,large,a_front,False,b_front,True,a_front,False,a_front,False,a_front,False,b_front,True
CLEVR_val_000104.png,large brown metal cube,large brown metal sphere,b_front,large,b_front,True,b_front,True,a_front,False,b_front,True,b_front,True,a_front,False
CLEVR_val_000104.png,small gray rubber cube,large brown metal sphere,b_front,medium,a_front,False,b_front,True,a_front,False,b_front,True,a_front,False,b_front,True
CLEVR_val_000181.png,small brown rubber sphere,small yellow metal cylinder,b_front,large,b_front,True,b_front,True,a_front,False,b_front,True,a_front,False,b_front,True
CLEVR_val_000017.png,small gray rubber cylinder,large brown rubber sphere,a_front,large,a_front,True,a_front,True,b_front,False,b_front,False,a_front,True,b_front,False
CLEVR_val_000205.png,large gray rubber cylinder,large yellow metal cube,b_front,large,b_front,True,b_front,True,a_front,False,b_front,True,a_front,False,b_front,True
CLEVR_val_000077.png,large blue metal sphere,large purple rubber sphere,a_front,medium,a_front,True,a_front,True,b_front,False,a_front,True,b_front,False,a_front,True
CLEVR_val_000001.png,large gray metal cylinder,small green metal cylinder,b_front,medium,b_front,True,b_front,True,a_front,False,a_front,False,a_front,False,b_front,True
CLEVR_val_000075.png,small purple rubber sphere,small red rubber cube,b_front,large,a_front,False,b_front,True,a_front,False,a_front,False,b_front,True,a_front,False
CLEVR_val_000122.png,small yellow metal sphere,large green metal sphere,a_front,medium,b_front,False,a_front,True,b_front,False,b_front,False,b_front,False,a_front,True
CLEVR_val_000091.png,large cyan metal cylinder,small blue metal sphere,a_front,medium,a_front,True,a_front,True,b_front,False,a_front,True,b_front,False,a_front,True
CLEVR_val_000244.png,large blue rubber cube,large purple metal cube,a_front,large,b_front,False,a_front,True,b_front,False,b_front,False,a_front,True,b_front,False
CLEVR_val_000075.png,small cyan rubber cube,small red rubber cube,a_front,medium,a_front,True,a_front,True,b_front,False,a_front,True,b_front,False,a_front,True
CLEVR_val_000092.png,large red rubber cube,small green metal sphere,a_front,large,b_front,False,a_front,True,b_front,False,a_front,True,b_front,False,a_front,True
CLEVR_val_000066.png,small red metal cylinder,large red metal sphere,a_front,large,a_front,True,a_front,True,b_front,False,b_front,False,a_front,True,b_front,False
CLEVR_val_000287.png,large blue metal sphere,small purple metal sphere,a_front,large,b_front,False,a_front,True,b_front,False,a_front,True,a_front,True,b_front,False
CLEVR_val_000208.png,large purple rubber cylinder,small green rubber cylinder,b_front,large,a_front,False,b_front,True,a_front,False,a_front,False,a_front,False,b_front,True
CLEVR_val_000212.png,small cyan metal cube,large red metal cylinder,a_front,large,b_front,False,a_front,True,b_front,False,b_front,False,a_front,True,b_front,False
CLEVR_val_000000.png,large gray rubber cube,small gray metal cube,a_front,small,a_front,True,b_front,False,a_front,True,a_front,True,a_front,True,b_front,False
CLEVR_val_000167.png,large red metal cylinder,large purple rubber cylinder,a_front,large,b_front,False,a_front,True,b_front,False,b_front,False,a_front,True,b_front,False
CLEVR_val_000178.png,large blue rubber sphere,large cyan metal cube,b_front,large,a_front,False,b_front,True,a_front,False,a_front,False,a_front,False,b_front,True
CLEVR_val_000107.png,small green metal sphere,small gray metal cylinder,a_front,large,b_front,False,a_front,True,b_front,False,b_front,False,b_front,False,a_front,True
CLEVR_val_000009.png,large blue rubber cube,small gray rubber cube,b_front,large,a_front,False,b_front,True,a_front,False,a_front,False,b_front,True,a_front,False
CLEVR_val_000133.png,small brown metal cylinder,large yellow metal sphere,b_front,large,b_front,True,b_front,True,a_front,False,b_front,True,a_front,False,b_front,True
CLEVR_val_000137.png,small green rubber sphere,small yellow metal sphere,a_front,large,a_front,True,a_front,True,b_front,False,a_front,True,b_front,False,a_front,True
CLEVR_val_000205.png,small blue rubber cylinder,small gray rubber cylinder,a_front,large,b_front,False,a_front,True,b_front,False,b_front,False,a_front,True,b_front,False
CLEVR_val_000125.png,small purple rubber cube,large green rubber sphere,a_front,large,a_front,True,a_front,True,b_front,False,b_front,False,a_front,True,b_front,False
CLEVR_val_000191.png,small green metal cube,large gray metal sphere,a_front,large,b_front,False,a_front,True,b_front,False,b_front,False,b_front,False,a_front,True
CLEVR_val_000038.png,small brown metal cylinder,large cyan metal cube,a_front,medium,a_front,True,a_front,True,b_front,False,b_front,False,b_front,False,a_front,True
CLEVR_val_000037.png,small purple metal sphere,small yellow metal sphere,b_front,large,b_front,True,b_front,True,a_front,False,b_front,True,b_front,True,a_front,False
CLEVR_val_000234.png,small cyan metal cube,small green rubber sphere,b_front,large,a_front,False,b_front,True,a_front,False,a_front,False,a_front,False,b_front,True
CLEVR_val_000266.png,small brown metal cylinder,small brown metal cube,b_front,medium,b_front,True,b_front,True,a_front,False,b_front,True,a_front,False,b_front,True
CLEVR_val_000189.png,large brown rubber cylinder,small gray metal cylinder,b_front,medium,a_front,False,b_front,True,a_front,False,a_front,False,a_front,False,b_front,True
CLEVR_val_000222.png,large yellow metal cylinder,small blue rubber sphere,a_front,small,b_front,False,b_front,False,a_front,True,a_front,True,b_front,False,a_front,True
CLEVR_val_000236.png,small yellow metal sphere,large gray rubber cube,a_front,large,a_front,True,a_front,True,b_front,False,b_front,False,a_front,True,b_front,False
CLEVR_val_000180.png,small green metal sphere,small blue metal cylinder,a_front,medium,b_front,False,a_front,True,b_front,False,b_front,False,b_front,False,a_front,True
CLEVR_val_000215.png,small gray metal cube,large yellow rubber cylinder,b_front,medium,a_front,False,a_front,False,a_front,False,b_front,True,b_front,True,a_front,False
CLEVR_val_000218.png,small red metal sphere,large red rubber cylinder,b_front,large,b_front,True,b_front,True,a_front,False,b_front,True,a_front,False,b_front,True
CLEVR_val_000067.png,large purple metal sphere,small red metal cylinder,a_front,medium,a_front,True,a_front,True,b_front,False,a_front,True,b_front,False,a_front,True
CLEVR_val_000147.png,small red metal sphere,small red metal cylinder,b_front,medium,b_front,True,b_front,True,a_front,False,b_front,True,b_front,True,a_front,False
CLEVR_val_000111.png,large yellow metal cube,large purple rubber cylinder,b_front,small,a_front,False,b_front,True,a_front,False,a_front,False,a_front,False,b_front,True
CLEVR_val_000054.png,small yellow metal cylinder,small brown metal sphere,a_front,large,b_front,False,a_front,True,b_front,False,b_front,False,a_front,True,b_front,False
CLEVR_val_000030.png,large cyan rubber sphere,small purple metal cube,b_front,medium,a_front,False,b_front,True,a_front,False,a_front,False,a_front,False,b_front,True
CLEVR_val_000104.png,large purple metal sphere,small gray rubber cube,b_front,large,b_front,True,b_front,True,a_front,False,a_front,False,b_front,True,a_front,False
CLEVR_val_000102.png,small red rubber cube,large brown rubber sphere,a_front,small,a_front,True,a_front,True,b_front,False,b_front,False,b_front,False,a_front,True
CLEVR_val_000240.png,large brown metal sphere,large blue metal cube,b_front,large,b_front,True,b_front,True,a_front,False,b_front,True,b_front,True,a_front,False
CLEVR_val_000255.png,large gray rubber sphere,large purple metal cube,a_front,large,a_front,True,a_front,True,b_front,False,a_front,True,b_front,False,a_front,True
CLEVR_val_000196.png,large green metal cube,small brown rubber sphere,b_front,small,b_front,True,b_front,True,a_front,False,a_front,False,a_front,False,b_front,True
CLEVR_val_000255.png,large green metal cube,large blue rubber cube,b_front,medium,a_front,False,b_front,True,a_front,False,a_front,False,a_front,False,b_front,True
CLEVR_val_000146.png,small yellow metal sphere,large brown rubber cylinder,b_front,medium,b_front,True,b_front,True,a_front,False,b_front,True,b_front,True,a_front,False
CLEVR_val_000107.png,small blue rubber sphere,large gray rubber cube,a_front,medium,a_front,True,a_front,True,b_front,False,b_front,False,a_front,True,b_front,False
CLEVR_val_000228.png,large gray rubber cylinder,large purple metal cube,b_front,large,b_front,True,b_front,True,a_front,False,b_front,True,a_front,False,b_front,True
CLEVR_val_000144.png,small green metal sphere,large brown rubber cylinder,b_front,medium,a_front,False,b_front,True,a_front,False,b_front,True,a_front,False,b_front,True
CLEVR_val_000099.png,small red rubber sphere,small gray rubber sphere,b_front,large,b_front,True,b_front,True,a_front,False,b_front,True,a_front,False,b_front,True
CLEVR_val_000163.png,small cyan metal sphere,small red metal cube,a_front,medium,a_front,True,a_front,True,b_front,False,a_front,True,b_front,False,a_front,True
CLEVR_val_000227.png,small red metal cube,small purple rubber cylinder,b_front,small,b_front,True,b_front,True,a_front,False,b_front,True,a_front,False,b_front,True
CLEVR_val_000287.png,small brown rubber sphere,large blue metal sphere,b_front,large,a_front,False,b_front,True,a_front,False,b_front,True,a_front,False,b_front,True
CLEVR_val_000092.png,large cyan rubber cube,small blue rubber cylinder,a_front,large,b_front,False,a_front,True,b_front,False,a_front,True,b_front,False,a_front,True
CLEVR_val_000146.png,small red rubber cylinder,small red metal sphere,a_front,large,a_front,True,a_front,True,b_front,False,a_front,True,a_front,True,b_front,False
CLEVR_val_000002.png,large purple metal cube,large purple metal cylinder,b_front,large,b_front,True,b_front,True,a_front,False,b_front,True,a_front,False,b_front,True
CLEVR_val_000049.png,large purple metal cylinder,small yellow rubber sphere,b_front,large,a_front,False,b_front,True,a_front,False,a_front,False,b_front,True,a_front,False
CLEVR_val_000049.png,large blue metal sphere,large yellow metal cylinder,b_front,medium,b_front,True,b_front,True,a_front,False,b_front,True,b_front,True,a_front,False
CLEVR_val_000075.png,large yellow rubber cylinder,small purple rubber cylinder,b_front,large,a_front,False,b_front,True,a_front,False,a_front,False,a_front,False,b_front,True
CLEVR_val_000178.png,large yellow rubber cylinder,small brown rubber sphere,a_front,large,b_front,False,a_front,True,b_front,False,a_front,True,a_front,True,b_front,False
CLEVR_val_000244.png,large cyan rubber cube,small red metal cylinder,a_front,large,a_front,True,a_front,True,b_front,False,a_front,True,a_front,True,b_front,False
CLEVR_val_000237.png,small blue rubber sphere,large gray rubber cube,b_front,large,b_front,True,b_front,True,a_front,False,b_front,True,b_front,True,a_front,False
CLEVR_val_000222.png,large green rubber cylinder,small red metal cylinder,b_front,large,a_front,False,b_front,True,a_front,False,a_front,False,a_front,False,b_front,True
CLEVR_val_000104.png,large purple metal sphere,large brown metal cube,a_front,small,b_front,False,a_front,True,b_front,False,b_front,False,a_front,True,b_front,False
CLEVR_val_000041.png,small gray metal sphere,large gray rubber sphere,b_front,large,a_front,False,b_front,True,a_front,False,b_front,True,a_front,False,b_front,True
CLEVR_val_000253.png,large red metal sphere,large green metal cube,b_front,large,b_front,True,b_front,True,a_front,False,b_front,True,a_front,False,b_front,True
CLEVR_val_000080.png,large red metal cube,small red rubber sphere,a_front,large,a_front,True,a_front,True,b_front,False,a_front,True,b_front,False,a_front,True
CLEVR_val_000068.png,small cyan metal cube,large gray metal cube,a_front,medium,b_front,False,a_front,True,b_front,False,b_front,False,a_front,True,b_front,False
CLEVR_val_000161.png,large purple metal sphere,large green rubber cube,b_front,large,a_front,False,b_front,True,a_front,False,a_front,False,a_front,False,b_front,True
CLEVR_val_000244.png,small red metal cylinder,large purple metal cube,b_front,large,b_front,True,b_front,True,a_front,False,b_front,True,a_front,False,b_front,True
CLEVR_val_000170.png,small blue rubber cube,small red rubber cube,b_front,medium,a_front,False,b_front,True,a_front,False,a_front,False,b_front,True,a_front,False
CLEVR_val_000073.png,large purple rubber sphere,large gray rubber sphere,b_front,large,b_front,True,b_front,True,a_front,False,b_front,True,a_front,False,b_front,True
CLEVR_val_000217.png,large green rubber sphere,large cyan rubber cylinder,a_front,large,a_front,True,a_front,True,b_front,False,a_front,True,b_front,False,a_front,True
CLEVR_val_000215.png,large yellow metal cube,small gray metal cube,a_front,large,b_front,False,a_front,True,b_front,False,a_front,True,b_front,False,a_front,True
CLEVR_val_000231.png,large yellow metal cylinder,small brown rubber cube,a_front,large,a_front,True,a_front,True,b_front,False,a_front,True,b_front,False,a_front,True
CLEVR_val_000107.png,small green metal sphere,small blue rubber sphere,a_front,small,b_front,False,a_front,True,b_front,False,b_front,False,b_front,False,a_front,True
CLEVR_val_000199.png,large green rubber sphere,large yellow metal sphere,b_front,large,a_front,False,b_front,True,a_front,False,a_front,False,b_front,True,a_front,False
CLEVR_val_000240.png,large blue rubber cylinder,large cyan metal cube,a_front,large,b_front,False,a_front,True,b_front,False,b_front,False,b_front,False,a_front,True
CLEVR_val_000126.png,large gray rubber cube,small yellow metal cylinder,a_front,large,a_front,True,a_front,True,b_front,False,a_front,True,a_front,True,b_front,False
CLEVR_val_000279.png,small brown rubber cube,small blue rubber cylinder,b_front,large,b_front,True,b_front,True,a_front,False,b_front,True,a_front,False,b_front,True
CLEVR_val_000073.png,small green metal sphere,large cyan metal cylinder,a_front,large,a_front,True,a_front,True,b_front,False,b_front,False,b_front,False,a_front,True
CLEVR_val_000270.png,small red rubber cylinder,small gray rubber sphere,b_front,large,b_front,True,b_front,True,a_front,False,b_front,True,a_front,False,b_front,True
CLEVR_val_000076.png,small yellow metal cube,large blue rubber cube,b_front,small,a_front,False,a_front,False,b_front,True,b_front,True,b_front,True,a_front,False
CLEVR_val_000059.png,large blue metal sphere,small purple rubber cylinder,a_front,large,b_front,False,a_front,True,b_front,False,a_front,True,a_front,True,b_front,False
CLEVR_val_000163.png,small green rubber cube,small cyan rubber cube,a_front,large,a_front,True,a_front,True,b_front,False,a_front,True,a_front,True,b_front,False
CLEVR_val_000010.png,small purple metal cube,small purple rubber cylinder,b_front,large,b_front,True,b_front,True,a_front,False,b_front,True,a_front,False,b_front,True
CLEVR_val_000163.png,small purple metal cylinder,small red metal cylinder,b_front,small,a_front,False,b_front,True,a_front,False,a_front,False,a_front,False,b_front,True
CLEVR_val_000164.png,large cyan metal cylinder,large green metal sphere,a_front,medium,b_front,False,a_front,True,b_front,False,b_front,False,a_front,True,b_front,False
CLEVR_val_000156.png,large red metal cylinder,large green rubber cube,a_front,large,a_front,True,a_front,True,b_front,False,a_front,True,a_front,True,b_front,False
CLEVR_val_000184.png,large green metal cube,large cyan rubber cylinder,a_front,large,b_front,False,a_front,True,b_front,False,b_front,False,b_front,False,a_front,True
CLEVR_val_000022.png,large brown rubber sphere,large yellow metal cube,a_front,large,a_front,True,a_front,True,b_front,False,a_front,True,a_front,True,b_front,False
CLEVR_val_000032.png,small green metal cube,large brown rubber cylinder,a_front,large,b_front,False,a_front,True,b_front,False,b_front,False,b_front,False,a_front,True
CLEVR_val_000236.png,small brown metal cube,small green metal sphere,b_front,large,a_front,False,b_front,True,a_front,False,a_front,False,a_front,False,b_front,True
CLEVR_val_000220.png,small gray rubber cube,large green rubber cylinder,a_front,large,b_front,False,a_front,True,b_front,False,b_front,False,a_front,True,b_front,False
CLEVR_val_000193.png,large yellow rubber cube,large green metal cube,a_front,large,a_front,True,a_front,True,b_front,False,a_front,True,b_front,False,a_front,True
CLEVR_val_000032.png,small green metal cube,large yellow rubber sphere,a_front,large,b_front,False,a_front,True,b_front,False,b_front,False,b_front,False,a_front,True
CLEVR_val_000160.png,small blue metal cylinder,small blue rubber sphere,b_front,medium,a_front,False,b_front,True,a_front,False,a_front,False,a_front,False,b_front,True
CLEVR_val_000241.png,small gray rubber sphere,large purple metal cylinder,a_front,large,b_front,False,a_front,True,b_front,False,b_front,False,b_front,False,a_front,True
CLEVR_val_000185.png,large green metal cylinder,large red metal cylinder,a_front,large,a_front,True,a_front,True,b_front,False,a_front,True,b_front,False,a_front,True
CLEVR_val_000099.png,large purple metal sphere,small gray rubber sphere,b_front,large,b_front,True,b_front,True,a_front,False,a_front,False,b_front,True,a_front,False
CLEVR_val_000165.png,large red metal cube,small gray metal cylinder,a_front,large,a_front,True,a_front,True,b_front,False,a_front,True,b_front,False,a_front,True
CLEVR_val_000056.png,large red rubber sphere,large blue rubber cube,b_front,medium,b_front,True,b_front,True,a_front,False,b_front,True,a_front,False,b_front,True
CLEVR_val_000048.png,large red metal sphere,small blue metal sphere,a_front,large,a_front,True,a_front,True,b_front,False,a_front,True,a_front,True,b_front,False
CLEVR_val_000082.png,small green metal sphere,small red metal cube,a_front,medium,b_front,False,a_front,True,b_front,False,b_front,False,a_front,True,b_front,False
CLEVR_val_000008.png,small purple metal cube,small brown rubber cube,a_front,large,a_front,True,a_front,True,b_front,False,a_front,True,b_front,False,a_front,True
CLEVR_val_000170.png,large red metal cylinder,small yellow metal sphere,a_front,large,b_front,False,a_front,True,b_front,False,a_front,True,a_front,True,b_front,False
CLEVR_val_000156.png,large red metal cylinder,small red rubber cylinder,a_front,small,a_front,True,a_front,True,a_front,True,a_front,True,a_front,True,b_front,False
CLEVR_val_000273.png,large gray metal sphere,large brown rubber cube,b_front,medium,b_front,True,b_front,True,a_front,False,b_front,True,b_front,True,a_front,False
CLEVR_val_000156.png,large yellow rubber cube,small red rubber cylinder,b_front,small,a_front,False,b_front,True,a_front,False,a_front,False,a_front,False,b_front,True
CLEVR_val_000228.png,large purple rubber cylinder,small gray metal sphere,b_front,medium,b_front,True,b_front,True,a_front,False,a_front,False,b_front,True,a_front,False
CLEVR_val_000172.png,large green metal sphere,small gray metal cube,a_front,large,a_front,True,a_front,True,b_front,False,a_front,True,b_front,False,a_front,True
CLEVR_val_000135.png,small red rubber cylinder,small blue rubber sphere,b_front,large,b_front,True,b_front,True,a_front,False,b_front,True,a_front,False,b_front,True
CLEVR_val_000030.png,small yellow metal cube,small cyan rubber sphere,b_front,small,a_front,False,b_front,True,a_front,False,a_front,False,a_front,False,b_front,True
CLEVR_val_000129.png,large red rubber cylinder,small red rubber sphere,b_front,large,b_front,True,b_front,True,a_front,False,a_front,False,a_front,False,b_front,True
CLEVR_val_000131.png,small red metal cube,small red rubber sphere,b_front,medium,a_front,False,b_front,True,a_front,False,a_front,False,a_front,False,b_front,True
CLEVR_val_000137.png,small green rubber sphere,small red metal sphere,a_front,medium,b_front,False,a_front,True,b_front,False,b_front,False,b_front,False,a_front,True
CLEVR_val_000158.png,small cyan rubber sphere,large gray rubber cube,b_front,large,a_front,False,b_front,True,a_front,False,b_front,True,a_front,False,b_front,True
CLEVR_val_000107.png,large blue rubber cylinder,large blue rubber cube,a_front,large,b_front,False,a_front,True,b_front,False,b_front,False,a_front,True,b_front,False
CLEVR_val_000020.png,large cyan rubber cylinder,small green rubber sphere,b_front,large,a_front,False,b_front,True,a_front,False,a_front,False,a_front,False,b_front,True
CLEVR_val_000190.png,large brown rubber sphere,small green rubber sphere,a_front,large,b_front,False,a_front,True,b_front,False,a_front,True,b_front,False,a_front,True
CLEVR_val_000053.png,small red rubber cube,small yellow rubber cube,b_front,small,a_front,False,b_front,True,a_front,False,a_front,False,a_front,False,b_front,True
CLEVR_val_000137.png,small gray metal sphere,large red metal cube,a_front,large,b_front,False,a_front,True,b_front,False,b_front,False,a_front,True,b_front,False
CLEVR_val_000170.png,large green metal cylinder,large purple metal cylinder,a_front,medium,a_front,True,a_front,True,b_front,False,a_front,True,a_front,True,b_front,False
CLEVR_val_000072.png,large cyan metal cube,large purple rubber sphere,b_front,large,b_front,True,b_front,True,a_front,False,b_front,True,a_front,False,b_front,True
CLEVR_val_000287.png,large gray metal cylinder,large green metal cylinder,a_front,large,a_front,True,a_front,True,b_front,False,a_front,True,b_front,False,a_front,True
CLEVR_val_000233.png,small green rubber cube,small green metal sphere,b_front,large,b_front,True,b_front,True,a_front,False,b_front,True,a_front,False,b_front,True
CLEVR_val_000203.png,large yellow rubber sphere,small yellow metal cube,b_front,medium,a_front,False,b_front,True,a_front,False,a_front,False,a_front,False,b_front,True
CLEVR_val_000248.png,large brown rubber sphere,large green rubber sphere,a_front,large,b_front,False,a_front,True,b_front,False,b_front,False,a_front,True,b_front,False
CLEVR_val_000020.png,large gray metal cube,large cyan metal cylinder,a_front,medium,a_front,True,a_front,True,b_front,False,a_front,True,a_front,True,b_front,False
CLEVR_val_000189.png,small red metal sphere,large red rubber sphere,b_front,small,b_front,True,a_front,False,b_front,True,b_front,True,a_front,False,b_front,True
CLEVR_val_000155.png,large blue metal sphere,small purple metal cylinder,b_front,large,a_front,False,b_front,True,a_front,False,a_front,False,a_front,False,b_front,True
CLEVR_val_000255.png,small purple rubber sphere,large green metal cylinder,b_front,medium,b_front,True,b_front,True,a_front,False,b_front,True,a_front,False,b_front,True
CLEVR_val_000092.png,large red rubber cube,small yellow rubber sphere,a_front,large,a_front,True,a_front,True,b_front,False,a_front,True,a_front,True,b_front,False
CLEVR_val_000244.png,large cyan rubber cube,small yellow metal cylinder,b_front,large,b_front,True,b_front,True,a_front,False,a_front,False,a_front,False,b_front,True
CLEVR_val_000155.png,large purple metal cube,large purple metal sphere,a_front,medium,a_front,True,a_front,True,b_front,False,a_front,True,b_front,False,a_front,True
CLEVR_val_000219.png,large green metal sphere,large blue metal cylinder,a_front,large,b_front,False,a_front,True,b_front,False,b_front,False,b_front,False,a_front,True
CLEVR_val_000001.png,small blue metal cylinder,large gray metal cylinder,b_front,medium,a_front,False,b_front,True,a_front,False,b_front,True,b_front,True,a_front,False
CLEVR_val_000168.png,small red rubber cube,small cyan rubber sphere,b_front,medium,b_front,True,b_front,True,a_front,False,b_front,True,b_front,True,a_front,False
CLEVR_val_000169.png,large green rubber cylinder,small blue rubber cube,b_front,large,a_front,False,b_front,True,a_front,False,a_front,False,b_front,True,a_front,False
CLEVR_val_000028.png,large red metal cube,large yellow rubber sphere,b_front,large,b_front,True,b_front,True,a_front,False,b_front,True,b_front,True,a_front,False
CLEVR_val_000019.png,small brown metal cube,large green metal cube,a_front,large,a_front,True,a_front,True,b_front,False,b_front,False,b_front,False,a_front,True
CLEVR_val_000244.png,large blue rubber cube,large cyan rubber cube,a_front,small,b_front,False,a_front,True,b_front,False,b_front,False,b_front,False,a_front,True
CLEVR_val_000067.png,small brown rubber sphere,small red metal cylinder,b_front,large,a_front,False,b_front,True,a_front,False,a_front,False,b_front,True,a_front,False
CLEVR_val_000017.png,small brown rubber cylinder,small cyan metal cylinder,b_front,medium,b_front,True,b_front,True,a_front,False,b_front,True,a_front,False,b_front,True
CLEVR_val_000013.png,small cyan metal cylinder,small red metal cube,a_front,medium,a_front,True,a_front,True,b_front,False,a_front,True,b_front,False,a_front,True
CLEVR_val_000066.png,large purple metal cylinder,large yellow rubber cube,a_front,medium,b_front,False,a_front,True,b_front,False,b_front,False,b_front,False,a_front,True
CLEVR_val_000120.png,small purple rubber cube,large purple rubber cylinder,b_front,medium,a_front,False,b_front,True,a_front,False,b_front,True,a_front,False,b_front,True
CLEVR_val_000092.png,small brown rubber cube,small green metal sphere,a_front,medium,b_front,False,a_front,True,b_front,False,b_front,False,a_front,True,b_front,False
CLEVR_val_000165.png,large blue metal cylinder,large brown rubber cube,b_front,medium,a_front,False,b_front,True,a_front,False,a_front,False,a_front,False,b_front,True
CLEVR_val_000015.png,large gray metal cylinder,small yellow rubber cube,b_front,large,b_front,True,b_front,True,a_front,False,a_front,False,b_front,True,a_front,False
CLEVR_val_000099.png,small gray rubber sphere,small gray metal cube,a_front,large,a_front,True,a_front,True,b_front,False,a_front,True,b_front,False,a_front,True
CLEVR_val_000219.png,large gray metal sphere,large green metal sphere,b_front,large,b_front,True,b_front,True,a_front,False,b_front,True,b_front,True,a_front,False
CLEVR_val_000095.png,small red rubber sphere,large blue metal sphere,b_front,large,a_front,False,b_front,True,a_front,False,b_front,True,b_front,True,a_front,False
CLEVR_val_000179.png,small green rubber cylinder,small gray rubber cube,b_front,medium,b_front,True,b_front,True,a_front,False,b_front,True,b_front,True,a_front,False
CLEVR_val_000227.png,small cyan rubber sphere,small red metal cube,a_front,medium,a_front,True,a_front,True,b_front,False,a_front,True,b_front,False,a_front,True
CLEVR_val_000228.png,small brown rubber cube,large gray rubber cylinder,a_front,medium,b_front,False,a_front,True,b_front,False,b_front,False,b_front,False,a_front,True
CLEVR_val_000087.png,large red metal sphere,small green metal sphere,b_front,large,a_front,False,b_front,True,a_front,False,a_front,False,b_front,True,a_front,False
CLEVR_val_000099.png,small red rubber sphere,large blue rubber sphere,b_front,large,b_front,True,b_front,True,a_front,False,b_front,True,a_front,False,b_front,True
CLEVR_val_000152.png,large yellow metal sphere,large brown rubber sphere,b_front,large,a_front,False,b_front,True,a_front,False,a_front,False,b_front,True,a_front,False
CLEVR_val_000195.png,large yellow rubber cube,small purple metal sphere,a_front,small,b_front,False,b_front,False,a_front,True,a_front,True,a_front,True,b_front,False
CLEVR_val_000028.png,large purple rubber sphere,small blue rubber cube,a_front,large,a_front,True,a_front,True,b_front,False,a_front,True,a_front,True,b_front,False
CLEVR_val_000155.png,large red rubber cube,large purple metal cube,b_front,large,b_front,True,b_front,True,a_front,False,b_front,True,b_front,True,a_front,False
CLEVR_val_000050.png,small cyan metal sphere,large purple metal cylinder,a_front,medium,a_front,True,a_front,True,b_front,False,b_front,False,a_front,True,b_front,False
CLEVR_val_000008.png,small purple metal cube,large purple metal sphere,a_front,large,b_front,False,a_front,True,b_front,False,b_front,False,a_front,True,b_front,False
CLEVR_val_000055.png,small cyan metal cube,large yellow metal cylinder,a_front,large,a_front,True,a_front,True,b_front,False,b_front,False,a_front,True,b_front,False
CLEVR_val_000245.png,small purple metal sphere,large cyan metal cube,a_front,medium,b_front,False,a_front,True,b_front,False,b_front,False,b_front,False,a_front,True
CLEVR_val_000114.png,small brown rubber cube,small purple rubber cube,b_front,large,a_front,False,b_front,True,a_front,False,a_front,False,b_front,True,a_front,False
CLEVR_val_000125.png,small brown rubber sphere,large blue rubber cylinder,b_front,large,b_front,True,b_front,True,a_front,False,b_front,True,a_front,False,b_front,True
CLEVR_val_000173.png,small blue rubber sphere,small cyan rubber cylinder,a_front,large,a_front,True,a_front,True,b_front,False,a_front,True,b_front,False,a_front,True
CLEVR_val_000273.png,large gray metal sphere,small red metal cube,b_front,large,b_front,True,b_front,True,a_front,False,a_front,False,a_front,False,b_front,True
CLEVR_val_000050.png,small yellow rubber cylinder,small gray metal sphere,b_front,large,a_front,False,b_front,True,a_front,False,a_front,False,a_front,False,b_front,True
CLEVR_val_000201.png,small red rubber cube,large brown metal cube,a_front,large,b_front,False,a_front,True,b_front,False,b_front,False,b_front,False,a_front,True
CLEVR_val_000227.png,small red rubber cube,small red metal cube,a_front,medium,a_front,True,a_front,True,b_front,False,a_front,True,b_front,False,a_front,True
CLEVR_val_000072.png,small purple metal cylinder,large yellow metal cylinder,a_front,medium,b_front,False,a_front,True,b_front,False,b_front,False,a_front,True,b_front,False
CLEVR_val_000036.png,large red metal sphere,small cyan metal cube,a_front,large,a_front,True,a_front,True,b_front,False,a_front,True,a_front,True,b_front,False
CLEVR_val_000090.png,small blue metal sphere,small cyan rubber cylinder,b_front,medium,b_front,True,b_front,True,a_front,False,b_front,True,a_front,False,b_front,True
CLEVR_val_000200.png,small yellow rubber cube,small cyan rubber cylinder,b_front,medium,a_front,False,b_front,True,a_front,False,a_front,False,a_front,False,b_front,True
CLEVR_val_000228.png,small red metal cylinder,large purple rubber cylinder,a_front,large,b_front,False,a_front,True,b_front,False,b_front,False,b_front,False,a_front,True
CLEVR_val_000273.png,small yellow metal sphere,small yellow rubber cube,a_front,medium,a_front,True,a_front,True,b_front,False,a_front,True,a_front,True,b_front,False
CLEVR_val_000028.png,small gray rubber cylinder,large brown rubber cube,b_front,large,b_front,True,b_front,True,a_front,False,b_front,True,a_front,False,b_front,True
CLEVR_val_000060.png,small blue rubber sphere,large purple metal cylinder,b_front,large,a_front,False,b_front,True,a_front,False,b_front,True,b_front,True,a_front,False
CLEVR_val_000283.png,large purple rubber cube,large brown metal cylinder,a_front,large,b_front,False,a_front,True,b_front,False,b_front,False,a_front,True,b_front,False
CLEVR_val_000210.png,large yellow rubber sphere,small yellow rubber sphere,b_front,large,a_front,False,b_front,True,a_front,False,a_front,False,a_front,False,b_front,True
CLEVR_val_000239.png,large cyan rubber cylinder,small red metal cylinder,b_front,medium,b_front,True,b_front,True,a_front,False,a_front,False,b_front,True,a_front,False
CLEVR_val_000230.png,small blue metal cube,large yellow metal cube,b_front,large,a_front,False,b_front,True,a_front,False,b_front,True,a_front,False,b_front,True
CLEVR_val_000233.png,small green rubber cube,small brown rubber cylinder,a_front,large,b_front,False,a_front,True,b_front,False,b_front,False,a_front,True,b_front,False
CLEVR_val_000156.png,small gray metal cylinder,large yellow rubber cube,a_front,medium,a_front,True,a_front,True,b_front,False,b_front,False,b_front,False,a_front,True
CLEVR_val_000162.png,large blue rubber cylinder,large brown rubber cube,b_front,small,b_front,True,b_front,True,a_front,False,b_front,True,a_front,False,b_front,True
CLEVR_val_000254.png,small red rubber sphere,large brown rubber cylinder,b_front,large,a_front,False,b_front,True,a_front,False,b_front,True,b_front,True,a_front,False
CLEVR_val_000196.png,large green metal cube,small yellow metal cube,a_front,medium,b_front,False,a_front,True,b_front,False,a_front,True,b_front,False,a_front,True
CLEVR_val_000191.png,small brown metal cube,small red rubber cylinder,a_front,large,a_front,True,a_front,True,b_front,False,a_front,True,b_front,False,a_front,True
CLEVR_val_000169.png,large blue rubber cylinder,large brown metal sphere,b_front,large,b_front,True,b_front,True,a_front,False,b_front,True,b_front,True,a_front,False
CLEVR_val_000050.png,small cyan metal sphere,small yellow rubber cylinder,a_front,large,a_front,True,a_front,True,b_front,False,a_front,True,b_front,False,a_front,True
CLEVR_val_000117.png,small blue metal sphere,large yellow rubber sphere,b_front,large,b_front,True,b_front,True,a_front,False,b_front,True,b_front,True,a_front,False
CLEVR_val_000109.png,large green rubber sphere,small purple rubber cylinder,b_front,small,a_front,False,b_front,True,a_front,False,a_front,False,a_front,False,b_front,True
CLEVR_val_000206.png,small red rubber sphere,large cyan rubber cube,b_front,large,b_front,True,b_front,True,a_front,False,b_front,True,a_front,False,b_front,True
CLEVR_val_000224.png,large cyan metal cube,large purple metal cylinder,b_front,large,a_front,False,b_front,True,a_front,False,a_front,False,b_front,True,a_front,False
CLEVR_val_000170.png,large green metal cylinder,small purple rubber sphere,a_front,large,b_front,False,a_front,True,b_front,False,a_front,True,b_front,False,a_front,True
CLEVR_val_000152.png,small blue rubber cylinder,large brown rubber sphere,b_front,small,a_front,False,a_front,False,b_front,True,b_front,True,b_front,True,a_front,False
CLEVR_val_000283.png,large red rubber cube,small gray rubber sphere,b_front,large,b_front,True,b_front,True,a_front,False,a_front,False,a_front,False,b_front,True
CLEVR_val_000035.png,large cyan rubber cylinder,small yellow rubber cylinder,a_front,large,a_front,True,a_front,True,b_front,False,a_front,True,b_front,False,a_front,True
CLEVR_val_000023.png,small green rubber cube,large brown rubber cube,b_front,medium,b_front,True,b_front,True,a_front,False,b_front,True,a_front,False,b_front,True
CLEVR_val_000140.png,small cyan rubber cylinder,large green rubber cylinder,a_front,medium,a_front,True,a_front,True,b_front,False,b_front,False,a_front,True,b_front,False
CLEVR_val_000198.png,large red metal cube,large gray rubber cylinder,b_front,large,b_front,True,b_front,True,a_front,False,b_front,True,a_front,False,b_front,True
CLEVR_val_000208.png,large purple rubber cylinder,small green metal cylinder,a_front,medium,a_front,True,a_front,True,b_front,False,a_front,True,a_front,True,b_front,False
CLEVR_val_000234.png,large purple rubber cube,large gray rubber cube,a_front,large,b_front,False,a_front,True,b_front,False,b_front,False,a_front,True,b_front,False
CLEVR_val_000063.png,small gray metal sphere,large blue rubber cube,b_front,large,a_front,False,b_front,True,a_front,False,b_front,True,b_front,True,a_front,False
CLEVR_val_000250.png,small purple metal sphere,large purple metal cylinder,b_front,medium,b_front,True,b_front,True,b_front,True,b_front,True,a_front,False,b_front,True
CLEVR_val_000170.png,small red rubber cube,large green metal cube,b_front,large,a_front,False,b_front,True,a_front,False,b_front,True,a_front,False,b_front,True
CLEVR_val_000063.png,large blue rubber cube,small yellow rubber cylinder,b_front,small,b_front,True,b_front,True,a_front,False,a_front,False,a_front,False,b_front,True
CLEVR_val_000151.png,small cyan rubber cylinder,small green rubber cube,b_front,large,a_front,False,b_front,True,a_front,False,a_front,False,b_front,True,a_front,False
CLEVR_val_000273.png,small blue rubber sphere,small yellow rubber cube,b_front,medium,b_front,True,b_front,True,a_front,False,b_front,True,a_front,False,b_front,True
CLEVR_val_000049.png,large blue metal sphere,small yellow rubber sphere,b_front,medium,a_front,False,b_front,True,a_front,False,a_front,False,b_front,True,a_front,False
CLEVR_val_000165.png,large blue metal cylinder,small blue metal sphere,a_front,large,b_front,False,a_front,True,b_front,False,a_front,True,a_front,True,b_front,False
CLEVR_val_000189.png,small red metal sphere,large cyan rubber cylinder,b_front,large,a_front,False,b_front,True,a_front,False,b_front,True,a_front,False,b_front,True
CLEVR_val_000131.png,small red metal cube,small gray rubber cube,b_front,small,b_front,True,b_front,True,a_front,False,b_front,True,b_front,True,a_front,False
CLEVR_val_000286.png,large yellow metal sphere,small gray metal cube,b_front,medium,a_front,False,b_front,True,a_front,False,a_front,False,a_front,False,b_front,True
CLEVR_val_000244.png,large blue metal cylinder,small yellow metal cylinder,b_front,large,b_front,True,b_front,True,a_front,False,a_front,False,b_front,True,a_front,False
CLEVR_val_000040.png,small gray metal cube,small green rubber sphere,a_front,small,a_front,True,a_front,True,b_front,False,a_front,True,b_front,False,a_front,True
CLEVR_val_000171.png,small gray metal sphere,large cyan rubber cylinder,a_front,large,b_front,False,a_front,True,b_front,False,b_front,False,a_front,True,b_front,False
CLEVR_val_000031.png,small yellow rubber sphere,small green rubber sphere,a_front,medium,a_front,True,a_front,True,b_front,False,a_front,True,b_front,False,a_front,True
CLEVR_val_000171.png,large blue rubber cube,large cyan rubber cylinder,a_front,large,b_front,False,a_front,True,b_front,False,b_front,False,a_front,True,b_front,False
CLEVR_val_000105.png,small yellow rubber cube,large purple rubber sphere,a_front,large,a_front,True,a_front,True,b_front,False,b_front,False,b_front,False,a_front,True
CLEVR_val_000104.png,large cyan rubber sphere,large brown metal cube,a_front,large,b_front,False,a_front,True,b_front,False,b_front,False,a_front,True,b_front,False
CLEVR_val_000160.png,large red rubber cylinder,small blue rubber sphere,b_front,large,a_front,False,b_front,True,a_front,False,a_front,False,a_front,False,b_front,True
CLEVR_val_000107.png,small blue rubber sphere,large blue rubber cube,a_front,large,b_front,False,a_front,True,b_front,False,b_front,False,a_front,True,b_front,False
CLEVR_val_000112.png,large red metal cylinder,large red metal sphere,a_front,large,a_front,True,a_front,True,b_front,False,a_front,True,b_front,False,a_front,True
CLEVR_val_000227.png,small red rubber cylinder,large green metal cylinder,b_front,small,b_front,True,a_front,False,b_front,True,b_front,True,a_front,False,b_front,True
CLEVR_val_000092.png,large brown metal cylinder,large cyan rubber cube,b_front,large,a_front,False,b_front,True,a_front,False,a_front,False,b_front,True,a_front,False
CLEVR_val_000041.png,large brown metal cube,large yellow metal sphere,b_front,large,b_front,True,b_front,True,a_front,False,b_front,True,b_front,True,a_front,False
CLEVR_val_000124.png,large cyan rubber cylinder,small blue rubber sphere,a_front,large,a_front,True,a_front,True,b_front,False,a_front,True,b_front,False,a_front,True
CLEVR_val_000137.png,large cyan rubber cube,large red metal cube,a_front,large,b_front,False,a_front,True,b_front,False,b_front,False,a_front,True,b_front,False
CLEVR_val_000267.png,small gray rubber sphere,large red rubber cylinder,a_front,medium,a_front,True,a_front,True,b_front,False,b_front,False,a_front,True,b_front,False
CLEVR_val_000168.png,small red rubber sphere,small cyan rubber sphere,b_front,large,b_front,True,b_front,True,a_front,False,b_front,True,a_front,False,b_front,True
CLEVR_val_000017.png,small brown metal cylinder,small yellow metal cylinder,b_front,large,a_front,False,b_front,True,a_front,False,a_front,False,b_front,True,a_front,False
CLEVR_val_000096.png,large brown rubber cube,small green metal cube,b_front,large,b_front,True,b_front,True,a_front,False,a_front,False,a_front,False,b_front,True
CLEVR_val_000181.png,large gray rubber sphere,large brown metal cylinder,a_front,large,a_front,True,a_front,True,b_front,False,a_front,True,a_front,True,b_front,False
CLEVR_val_000181.png,large brown metal cylinder,large green metal cube,a_front,medium,b_front,False,a_front,True,b_front,False,b_front,False,a_front,True,b_front,False
CLEVR_val_000018.png,large purple metal cube,small cyan rubber cylinder,a_front,large,a_front,True,a_front,True,b_front,False,a_front,True,a_front,True,b_front,False
CLEVR_val_000261.png,small cyan rubber sphere,small yellow metal cylinder,b_front,small,b_front,True,b_front,True,a_front,False,b_front,True,b_front,True,a_front,False
CLEVR_val_000173.png,large gray metal cube,small red metal cube,b_front,small,a_front,False,b_front,True,a_front,False,a_front,False,a_front,False,b_front,True
CLEVR_val_000165.png,large blue metal cylinder,large brown metal cube,a_front,large,b_front,False,a_front,True,b_front,False,b_front,False,a_front,True,b_front,False
CLEVR_val_000021.png,large brown metal cube,large green metal cylinder,b_front,large,a_front,False,b_front,True,a_front,False,a_front,False,a_front,False,b_front,True
CLEVR_val_000225.png,large yellow rubber sphere,large gray rubber cube,b_front,large,b_front,True,b_front,True,a_front,False,b_front,True,b_front,True,a_front,False
CLEVR_val_000193.png,small green metal sphere,large cyan rubber cube,b_front,large,a_front,False,b_front,True,a_front,False,b_front,True,a_front,False,b_front,True
CLEVR_val_000022.png,large blue metal sphere,small cyan rubber cylinder,b_front,small,b_front,True,b_front,True,a_front,False,a_front,False,a_front,False,b_front,True
CLEVR_val_000089.png,large green metal cube,small brown metal cylinder,b_front,small,a_front,False,b_front,True,a_front,False,a_front,False,b_front,True,a_front,False
CLEVR_val_000166.png,small purple metal cube,large gray metal cylinder,b_front,large,b_front,True,b_front,True,a_front,False,b_front,True,b_front,True,a_front,False
CLEVR_val_000077.png,large blue metal sphere,small green rubber cube,b_front,large,a_front,False,b_front,True,a_front,False,a_front,False,b_front,True,a_front,False
CLEVR_val_000140.png,large green metal cylinder,large green rubber cylinder,a_front,large,b_front,False,a_front,True,b_front,False,b_front,False,a_front,True,b_front,False
CLEVR_val_000057.png,large gray metal cube,small brown rubber cylinder,a_front,large,a_front,True,a_front,True,b_front,False,a_front,True,b_front,False,a_front,True
CLEVR_val_000269.png,small blue rubber sphere,large green rubber cube,a_front,large,b_front,False,a_front,True,b_front,False,b_front,False,a_front,True,b_front,False
CLEVR_val_000020.png,large blue rubber cube,small purple rubber sphere,a_front,large,a_front,True,a_front,True,b_front,False,a_front,True,a_front,True,b_front,False
CLEVR_val_000219.png,large blue metal cylinder,large red metal sphere,a_front,medium,b_front,False,a_front,True,b_front,False,b_front,False,a_front,True,b_front,False
CLEVR_val_000184.png,small gray metal sphere,small blue metal cylinder,a_front,medium,a_front,True,a_front,True,b_front,False,a_front,True,a_front,True,b_front,False
CLEVR_val_000171.png,small gray metal sphere,large red rubber sphere,a_front,medium,b_front,False,a_front,True,b_front,False,b_front,False,a_front,True,b_front,False
CLEVR_val_000234.png,large green rubber cylinder,small green rubber sphere,b_front,large,a_front,False,b_front,True,a_front,False,a_front,False,a_front,False,b_front,True
CLEVR_val_000252.png,large red metal cube,small blue metal sphere,a_front,small,b_front,False,a_front,True,b_front,False,a_front,True,b_front,False,a_front,True
CLEVR_val_000102.png,small cyan metal cube,small blue rubber cylinder,b_front,medium,a_front,False,b_front,True,a_front,False,a_front,False,a_front,False,b_front,True
CLEVR_val_000174.png,small green metal cube,large purple rubber cylinder,b_front,small,b_front,True,a_front,False,b_front,True,b_front,True,a_front,False,b_front,True
CLEVR_val_000124.png,small blue metal sphere,small red rubber cube,b_front,small,a_front,False,b_front,True,a_front,False,a_front,False,a_front,False,b_front,True
CLEVR_val_000001.png,large blue rubber cylinder,large purple metal sphere,b_front,medium,b_front,True,b_front,True,a_front,False,b_front,True,b_front,True,a_front,False
CLEVR_val_000001.png,small blue metal cylinder,small yellow metal cube,a_front,small,a_front,True,a_front,True,b_front,False,a_front,True,a_front,True,b_front,False
CLEVR_val_000239.png,small red metal cylinder,large blue rubber cylinder,a_front,large,b_front,False,a_front,True,b_front,False,b_front,False,a_front,True,b_front,False
CLEVR_val_000226.png,large yellow rubber cylinder,small red metal cube,a_front,large,a_front,True,a_front,True,b_front,False,a_front,True,b_front,False,a_front,True
CLEVR_val_000019.png,small brown metal cube,large yellow metal cube,a_front,medium,b_front,False,a_front,True,b_front,False,b_front,False,b_front,False,a_front,True
CLEVR_val_000225.png,small yellow rubber sphere,large brown rubber cube,b_front,small,a_front,False,a_front,False,b_front,True,b_front,True,b_front,True,a_front,False
CLEVR_val_000127.png,large purple rubber cylinder,small red metal sphere,a_front,medium,b_front,False,a_front,True,b_front,False,a_front,True,a_front,True,b_front,False
CLEVR_val_000161.png,large brown rubber sphere,large green rubber cube,a_front,large,a_front,True,a_front,True,b_front,False,a_front,True,a_front,True,b_front,False
CLEVR_val_000152.png,large brown rubber sphere,small brown metal sphere,a_front,large,b_front,False,a_front,True,b_front,False,a_front,True,b_front,False,a_front,True
CLEVR_val_000120.png,large green metal sphere,large purple rubber cylinder,a_front,medium,a_front,True,a_front,True,b_front,False,a_front,True,a_front,True,b_front,False
CLEVR_val_000252.png,small brown metal cube,large gray metal sphere,a_front,large,b_front,False,a_front,True,b_front,False,b_front,False,a_front,True,b_front,False
CLEVR_val_000075.png,large purple metal cylinder,small red rubber cube,b_front,large,a_front,False,b_front,True,a_front,False,a_front,False,b_front,True,a_front,False
CLEVR_val_000254.png,large green metal cube,large brown metal sphere,b_front,small,b_front,True,b_front,True,a_front,False,b_front,True,b_front,True,a_front,False
CLEVR_val_000073.png,small blue rubber sphere,large cyan metal cylinder,a_front,large,a_front,True,a_front,True,b_front,False,b_front,False,b_front,False,a_front,True
CLEVR_val_000125.png,large blue rubber cylinder,large purple rubber sphere,a_front,large,b_front,False,a_front,True,b_front,False,b_front,False,a_front,True,b_front,False
CLEVR_val_000051.png,large brown rubber cylinder,large cyan rubber cylinder,a_front,large,a_front,True,a_front,True,b_front,False,a_front,True,a_front,True,b_front,False
CLEVR_val_000254.png,small cyan rubber cube,large red rubber cube,b_front,large,b_front,True,b_front,True,a_front,False,b_front,True,b_front,True,a_front,False
CLEVR_val_000201.png,small red rubber cube,large green metal cylinder,a_front,large,a_front,True,a_front,True,b_front,False,b_front,False,a_front,True,b_front,False
CLEVR_val_000081.png,large green metal cylinder,small brown metal sphere,a_front,medium,b_front,False,a_front,True,b_front,False,a_front,True,a_front,True,b_front,False
CLEVR_val_000204.png,small brown metal sphere,large red metal cylinder,b_front,large,a_front,False,b_front,True,a_front,False,b_front,True,a_front,False,b_front,True
CLEVR_val_000137.png,small red metal sphere,small purple metal cube,b_front,medium,b_front,True,b_front,True,a_front,False,b_front,True,b_front,True,a_front,False
CLEVR_val_000002.png,large gray rubber cylinder,large yellow rubber cube,a_front,medium,a_front,True,a_front,True,b_front,False,a_front,True,b_front,False,a_front,True
CLEVR_val_000049.png,large yellow metal sphere,small brown rubber sphere,a_front,medium,b_front,False,a_front,True,b_front,False,a_front,True,a_front,True,b_front,False
CLEVR_val_000281.png,small gray rubber cube,large purple rubber cube,a_front,large,a_front,True,a_front,True,b_front,False,b_front,False,b_front,False,a_front,True
CLEVR_val_000134.png,large cyan metal sphere,large green metal sphere,b_front,small,b_front,True,b_front,True,a_front,False,b_front,True,b_front,True,a_front,False
CLEVR_val_000008.png,small purple rubber cylinder,small brown rubber cube,b_front,medium,a_front,False,b_front,True,a_front,False,a_front,False,b_front,True,a_front,False
CLEVR_val_000162.png,large purple metal cylinder,small yellow metal cylinder,b_front,large,b_front,True,b_front,True,a_front,False,a_front,False,b_front,True,a_front,False
CLEVR_val_000198.png,small cyan rubber cylinder,small blue rubber cube,b_front,small,a_front,False,b_front,True,a_front,False,a_front,False,b_front,True,a_front,False
CLEVR_val_000169.png,small yellow rubber cylinder,large green rubber cylinder,b_front,large,b_front,True,b_front,True,a_front,False,b_front,True,a_front,False,b_front,True
CLEVR_val_000280.png,large red metal cube,large purple metal sphere,a_front,large,a_front,True,a_front,True,b_front,False,a_front,True,b_front,False,a_front,True
CLEVR_val_000095.png,small yellow rubber cube,small purple metal cube,b_front,medium,b_front,True,b_front,True,a_front,False,b_front,True,b_front,True,a_front,False
CLEVR_val_000174.png,small green metal cube,small purple metal sphere,a_front,medium,a_front,True,a_front,True,b_front,False,a_front,True,b_front,False,a_front,True
CLEVR_val_000174.png,large red rubber cylinder,small green metal cube,b_front,small,b_front,True,b_front,True,a_front,False,a_front,False,a_front,False,b_front,True
CLEVR_val_000108.png,small green rubber cube,small brown metal sphere,b_front,large,a_front,False,b_front,True,a_front,False,a_front,False,b_front,True,a_front,False
CLEVR_val_000001.png,large purple metal sphere,small cyan metal cube,a_front,large,b_front,False,a_front,True,b_front,False,a_front,True,b_front,False,a_front,True
CLEVR_val_000198.png,small cyan metal cube,small blue rubber cube,a_front,large,a_front,True,a_front,True,b_front,False,a_front,True,b_front,False,a_front,True
CLEVR_val_000121.png,small red rubber cylinder,large blue rubber sphere,a_front,medium,b_front,False,a_front,True,b_front,False,b_front,False,a_front,True,b_front,False
CLEVR_val_000251.png,large blue metal sphere,small gray metal cylinder,a_front,large,a_front,True,a_front,True,b_front,False,a_front,True,a_front,True,b_front,False
CLEVR_val_000126.png,large gray rubber cube,small red metal cube,a_front,small,b_front,False,b_front,False,a_front,True,a_front,True,a_front,True,b_front,False
CLEVR_val_000276.png,small red rubber cube,small green metal cube,a_front,medium,a_front,True,a_front,True,b_front,False,a_front,True,b_front,False,a_front,True
CLEVR_val_000183.png,small green metal cube,large brown metal sphere,a_front,medium,b_front,False,a_front,True,b_front,False,b_front,False,a_front,True,b_front,False
CLEVR_val_000266.png,small brown metal cube,small blue metal cube,a_front,large,a_front,True,a_front,True,b_front,False,a_front,True,b_front,False,a_front,True
CLEVR_val_000092.png,large brown rubber sphere,small yellow metal sphere,b_front,medium,b_front,True,b_front,True,a_front,False,a_front,False,b_front,True,a_front,False
CLEVR_val_000050.png,large purple metal cylinder,large green rubber sphere,b_front,large,a_front,False,b_front,True,a_front,False,a_front,False,b_front,True,a_front,False
CLEVR_val_000032.png,small cyan metal cylinder,large brown rubber cylinder,a_front,large,b_front,False,a_front,True,b_front,False,b_front,False,b_front,False,a_front,True
CLEVR_val_000152.png,small brown metal cylinder,large brown rubber sphere,b_front,large,a_front,False,b_front,True,a_front,False,b_front,True,b_front,True,a_front,False
CLEVR_val_000236.png,small yellow metal sphere,small blue rubber cylinder,a_front,large,b_front,False,a_front,True,b_front,False,b_front,False,a_front,True,b_front,False
CLEVR_val_000038.png,small brown metal cylinder,large brown metal cube,a_front,large,a_front,True,a_front,True,b_front,False,b_front,False,b_front,False,a_front,True
CLEVR_val_000236.png,large green metal cylinder,large green rubber cylinder,b_front,medium,b_front,True,b_front,True,a_front,False,b_front,True,a_front,False,b_front,True
CLEVR_val_000189.png,small red metal sphere,large brown rubber cylinder,b_front,large,a_front,False,b_front,True,a_front,False,b_front,True,b_front,True,a_front,False
CLEVR_val_000181.png,small yellow metal cylinder,small yellow rubber cylinder,a_front,medium,b_front,False,a_front,True,b_front,False,b_front,False,a_front,True,b_front,False
CLEVR_val_000009.png,large brown rubber cylinder,small gray rubber cube,b_front,medium,a_front,False,b_front,True,a_front,False,a_front,False,b_front,True,a_front,False
CLEVR_val_000273.png,large gray metal sphere,small yellow metal sphere,b_front,large,b_front,True,b_front,True,a_front,False,a_front,False,b_front,True,a_front,False
CLEVR_val_000186.png,large gray metal cube,large cyan rubber cube,a_front,medium,a_front,True,a_front,True,b_front,False,a_front,True,a_front,True,b_front,False
CLEVR_val_000117.png,small cyan metal cylinder,large yellow rubber sphere,b_front,large,b_front,True,b_front,True,a_front,False,b_front,True,a_front,False,b_front,True
CLEVR_val_000102.png,small gray metal sphere,large brown rubber sphere,a_front,large,a_front,True,a_front,True,b_front,False,b_front,False,b_front,False,a_front,True
CLEVR_val_000155.png,large blue metal cube,large purple metal sphere,b_front,medium,b_front,True,b_front,True,a_front,False,b_front,True,b_front,True,a_front,False
CLEVR_val_000243.png,small purple metal cylinder,small purple metal sphere,a_front,large,a_front,True,a_front,True,b_front,False,a_front,True,b_front,False,a_front,True
CLEVR_val_000067.png,large blue rubber cube,small green metal cylinder,a_front,large,b_front,False,a_front,True,b_front,False,a_front,True,a_front,True,b_front,False
CLEVR_val_000178.png,large cyan metal cube,small cyan metal cylinder,a_front,medium,a_front,True,a_front,True,b_front,False,a_front,True,a_front,True,b_front,False
CLEVR_val_000258.png,small cyan metal sphere,large yellow rubber cube,a_front,medium,b_front,False,a_front,True,b_front,False,b_front,False,a_front,True,b_front,False
CLEVR_val_000104.png,small brown metal cylinder,large brown metal cube,b_front,medium,a_front,False,b_front,True,a_front,False,b_front,True,a_front,False,b_front,True
CLEVR_val_000013.png,large purple metal cube,large gray metal cylinder,b_front,medium,b_front,True,b_front,True,a_front,False,b_front,True,a_front,False,b_front,True
CLEVR_val_000174.png,small green metal cube,large blue rubber cylinder,a_front,medium,a_front,True,a_front,True,b_front,False,b_front,False,a_front,True,b_front,False
CLEVR_val_000198.png,small green metal cylinder,small blue rubber cube,a_front,small,b_front,False,a_front,True,b_front,False,b_front,False,b_front,False,a_front,True
CLEVR_val_000071.png,small blue metal sphere,small purple rubber cylinder,a_front,large,a_front,True,a_front,True,b_front,False,a_front,True,a_front,True,b_front,False
CLEVR_val_000110.png,large blue rubber cylinder,large purple metal cube,a_front,medium,b_front,False,a_front,True,b_front,False,b_front,False,a_front,True,b_front,False
CLEVR_val_000273.png,large gray metal sphere,small cyan rubber cube,b_front,large,a_front,False,b_front,True,a_front,False,a_front,False,a_front,False,b_front,True
CLEVR_val_000209.png,large green metal cube,small blue metal cube,b_front,large,b_front,True,b_front,True,a_front,False,a_front,False,a_front,False,b_front,True
CLEVR_val_000070.png,large blue rubber cylinder,large purple rubber cylinder,a_front,large,a_front,True,a_front,True,b_front,False,a_front,True,a_front,True,b_front,False
CLEVR_val_000068.png,large purple metal cylinder,large gray metal cube,a_front,large,b_front,False,a_front,True,b_front,False,b_front,False,b_front,False,a_front,True
CLEVR_val_000054.png,small cyan metal cylinder,large cyan metal cylinder,b_front,large,a_front,False,b_front,True,a_front,False,b_front,True,a_front,False,b_front,True
CLEVR_val_000104.png,large yellow metal cube,small cyan rubber cube,b_front,large,b_front,True,b_front,True,a_front,False,a_front,False,a_front,False,b_front,True
CLEVR_val_000247.png,large cyan rubber cube,small blue rubber sphere,b_front,small,a_front,False,b_front,True,a_front,False,a_front,False,b_front,True,a_front,False
CLEVR_val_000087.png,large red metal sphere,large brown rubber sphere,b_front,large,b_front,True,b_front,True,a_front,False,b_front,True,b_front,True,a_front,False
CLEVR_val_000204.png,large green rubber sphere,small green rubber cylinder,a_front,medium,a_front,True,a_front,True,b_front,False,a_front,True,a_front,True,b_front,False
CLEVR_val_000146.png,small gray metal cube,small gray metal sphere,b_front,large,b_front,True,b_front,True,a_front,False,b_front,True,b_front,True,a_front,False
CLEVR_val_000179.png,large cyan rubber cylinder,small gray metal sphere,b_front,medium,a_front,False,b_front,True,a_front,False,a_front,False,b_front,True,a_front,False
CLEVR_val_000161.png,large green rubber cylinder,small gray metal cylinder,b_front,large,b_front,True,b_front,True,a_front,False,a_front,False,a_front,False,b_front,True
CLEVR_val_000212.png,small brown metal cube,large blue rubber cylinder,b_front,large,a_front,False,b_front,True,a_front,False,b_front,True,b_front,True,a_front,False
CLEVR_val_000066.png,small blue rubber sphere,large purple metal cylinder,b_front,large,b_front,True,b_front,True,a_front,False,b_front,True,b_front,True,a_front,False
CLEVR_val_000103.png,large gray rubber cylinder,small red metal cylinder,a_front,large,a_front,True,a_front,True,b_front,False,a_front,True,b_front,False,a_front,True
CLEVR_val_000225.png,large brown metal cube,small gray metal cube,a_front,large,b_front,False,a_front,True,b_front,False,a_front,True,a_front,True,b_front,False
CLEVR_val_000161.png,large brown rubber sphere,large green rubber cylinder,a_front,large,a_front,True,a_front,True,b_front,False,a_front,True,b_front,False,a_front,True
CLEVR_val_000180.png,large brown metal cube,small gray rubber cube,a_front,large,b_front,False,a_front,True,b_front,False,a_front,True,a_front,True,b_front,False
CLEVR_val_000052.png,large cyan rubber cylinder,small yellow rubber cylinder,b_front,large,a_front,False,b_front,True,a_front,False,a_front,False,b_front,True,a_front,False
CLEVR_val_000084.png,small green rubber sphere,large yellow metal cylinder,b_front,small,b_front,True,a_front,False,b_front,True,b_front,True,b_front,True,a_front,False
CLEVR_val_000178.png,large yellow rubber cylinder,small red metal cylinder,a_front,large,a_front,True,a_front,True,b_front,False,a_front,True,b_front,False,a_front,True
CLEVR_val_000112.png,large brown rubber cube,small yellow metal cube,a_front,medium,b_front,False,a_front,True,b_front,False,a_front,True,a_front,True,b_front,False
CLEVR_val_000266.png,small brown rubber sphere,large brown rubber cylinder,a_front,large,a_front,True,a_front,True,b_front,False,b_front,False,b_front,False,a_front,True
CLEVR_val_000066.png,large purple metal cylinder,large green metal cylinder,a_front,large,b_front,False,a_front,True,b_front,False,b_front,False,b_front,False,a_front,True
CLEVR_val_000061.png,small brown rubber cube,small red metal cylinder,a_front,small,a_front,True,a_front,True,b_front,False,a_front,True,b_front,False,a_front,True
CLEVR_val_000156.png,small green rubber cylinder,large yellow rubber cube,b_front,small,b_front,True,a_front,False,b_front,True,b_front,True,b_front,True,a_front,False
CLEVR_val_000228.png,small brown rubber cube,small gray metal sphere,a_front,large,a_front,True,a_front,True,b_front,False,a_front,True,b_front,False,a_front,True
CLEVR_val_000160.png,small gray rubber cylinder,small blue rubber sphere,a_front,medium,b_front,False,a_front,True,b_front,False,b_front,False,a_front,True,b_front,False
CLEVR_val_000170.png,small blue rubber cube,small purple rubber sphere,b_front,large,a_front,False,b_front,True,a_front,False,a_front,False,b_front,True,a_front,False
CLEVR_val_000014.png,large green rubber cylinder,small purple rubber cube,b_front,large,b_front,True,b_front,True,a_front,False,a_front,False,b_front,True,a_front,False
CLEVR_val_000059.png,small gray rubber cylinder,large green metal cube,a_front,medium,a_front,True,a_front,True,b_front,False,b_front,False,b_front,False,a_front,True
CLEVR_val_000266.png,small brown rubber sphere,small purple rubber sphere,a_front,medium,b_front,False,a_front,True,b_front,False,b_front,False,b_front,False,a_front,True
CLEVR_val_000038.png,large cyan metal cube,small red metal sphere,b_front,medium,a_front,False,b_front,True,a_front,False,a_front,False,b_front,True,a_front,False
CLEVR_val_000254.png,large green metal cube,large red rubber cube,b_front,medium,b_front,True,b_front,True,a_front,False,b_front,True,b_front,True,a_front,False
CLEVR_val_000181.png,small yellow metal cylinder,small green rubber cube,a_front,large,a_front,True,a_front,True,b_front,False,a_front,True,b_front,False,a_front,True
CLEVR_val_000104.png,large yellow metal cube,large brown metal sphere,b_front,large,b_front,True,b_front,True,a_front,False,b_front,True,b_front,True,a_front,False
CLEVR_val_000172.png,large purple rubber cylinder,small blue metal sphere,b_front,large,a_front,False,b_front,True,a_front,False,a_front,False,a_front,False,b_front,True
CLEVR_val_000076.png,large gray rubber cube,large red rubber cube,b_front,large,b_front,True,b_front,True,a_front,False,b_front,True,b_front,True,a_front,False
CLEVR_val_000107.png,large blue rubber cube,small green rubber sphere,b_front,large,a_front,False,b_front,True,a_front,False,a_front,False,b_front,True,a_front,False
CLEVR_val_000217.png,large green rubber sphere,large purple rubber sphere,b_front,large,b_front,True,b_front,True,a_front,False,b_front,True,b_front,True,a_front,False
CLEVR_val_000260.png,large cyan metal sphere,small red rubber cylinder,b_front,medium,a_front,False,b_front,True,a_front,False,a_front,False,b_front,True,a_front,False
CLEVR_val_000170.png,small blue rubber cube,large green metal cube,b_front,large,b_front,True,b_front,True,a_front,False,b_front,True,a_front,False,b_front,True
CLEVR_val_000279.png,small brown rubber cube,small brown metal sphere,b_front,large,a_front,False,b_front,True,a_front,False,a_front,False,b_front,True,a_front,False
CLEVR_val_000265.png,small purple rubber sphere,large blue metal cube,b_front,large,b_front,True,b_front,True,a_front,False,b_front,True,a_front,False,b_front,True
CLEVR_val_000142.png,small cyan metal cube,small green metal cylinder,a_front,small,a_front,True,a_front,True,b_front,False,a_front,True,b_front,False,a_front,True
CLEVR_val_000212.png,large blue rubber cylinder,large red metal cylinder,a_front,medium,b_front,False,a_front,True,b_front,False,b_front,False,a_front,True,b_front,False
CLEVR_val_000095.png,small brown metal cube,large yellow metal cylinder,b_front,large,a_front,False,b_front,True,a_front,False,b_front,True,a_front,False,b_front,True
CLEVR_val_000003.png,large blue metal cylinder,small brown rubber cylinder,b_front,medium,b_front,True,b_front,True,a_front,False,a_front,False,b_front,True,a_front,False
CLEVR_val_000087.png,large purple metal cube,large brown metal cylinder,a_front,large,a_front,True,a_front,True,b_front,False,a_front,True,b_front,False,a_front,True
CLEVR_val_000027.png,large cyan metal cylinder,large cyan rubber cylinder,b_front,medium,b_front,True,b_front,True,a_front,False,b_front,True,a_front,False,b_front,True
CLEVR_val_000152.png,small green metal sphere,small purple rubber cylinder,b_front,large,a_front,False,b_front,True,a_front,False,a_front,False,b_front,True,a_front,False
CLEVR_val_000163.png,small red metal cylinder,large blue rubber sphere,a_front,large,b_front,False,a_front,True,b_front,False,b_front,False,b_front,False,a_front,True
CLEVR_val_000287.png,large gray metal cylinder,small green rubber cube,a_front,small,a_front,True,b_front,False,a_front,True,a_front,True,b_front,False,a_front,True
CLEVR_val_000092.png,large brown metal cylinder,small blue rubber cylinder,b_front,large,b_front,True,b_front,True,a_front,False,a_front,False,b_front,True,a_front,False
CLEVR_val_000098.png,large blue rubber sphere,large brown rubber cylinder,a_front,large,a_front,True,a_front,True,b_front,False,a_front,True,a_front,True,b_front,False
CLEVR_val_000017.png,small gray rubber cylinder,small cyan metal cylinder,a_front,large,b_front,False,a_front,True,b_front,False,b_front,False,a_front,True,b_front,False
CLEVR_val_000009.png,small gray metal sphere,small gray rubber cube,b_front,medium,a_front,False,b_front,True,a_front,False,a_front,False,a_front,False,b_front,True
CLEVR_val_000170.png,small blue rubber cube,small yellow metal sphere,b_front,medium,b_front,True,b_front,True,a_front,False,b_front,True,b_front,True,a_front,False
CLEVR_val_000130.png,small yellow metal cube,large red rubber cylinder,a_front,large,a_front,True,a_front,True,b_front,False,b_front,False,b_front,False,a_front,True
CLEVR_val_000013.png,small cyan metal cylinder,large gray metal cylinder,a_front,large,b_front,False,a_front,True,b_front,False,b_front,False,a_front,True,b_front,False
CLEVR_val_000253.png,large red metal sphere,small red metal cylinder,b_front,medium,a_front,False,b_front,True,a_front,False,a_front,False,a_front,False,b_front,True
CLEVR_val_000072.png,small purple metal cylinder,large blue metal cylinder,a_front,large,b_front,False,a_front,True,b_front,False,b_front,False,b_front,False,a_front,True
CLEVR_val_000198.png,small cyan rubber cylinder,small green metal cylinder,b_front,medium,a_front,False,b_front,True,a_front,False,a_front,False,a_front,False,b_front,True
CLEVR_val_000155.png,small blue rubber cylinder,small purple metal cylinder,b_front,small,b_front,True,b_front,True,a_front,False,b_front,True,a_front,False,b_front,True
CLEVR_val_000028.png,small red metal cube,small brown metal sphere,a_front,medium,a_front,True,a_front,True,b_front,False,a_front,True,a_front,True,b_front,False
CLEVR_val_000254.png,large green metal cube,small yellow rubber sphere,a_front,large,b_front,False,a_front,True,b_front,False,a_front,True,b_front,False,a_front,True
CLEVR_val_000112.png,large gray metal cube,large red metal sphere,b_front,medium,a_front,False,b_front,True,a_front,False,a_front,False,b_front,True,a_front,False
CLEVR_val_000195.png,large green rubber sphere,small red rubber cylinder,a_front,large,b_front,False,a_front,True,b_front,False,a_front,True,b_front,False,a_front,True
CLEVR_val_000109.png,small gray rubber cylinder,large green rubber sphere,b_front,medium,a_front,False,b_front,True,a_front,False,b_front,True,b_front,True,a_front,False
CLEVR_val_000102.png,small yellow metal cylinder,small red rubber cube,a_front,large,b_front,False,a_front,True,b_front,False,b_front,False,a_front,True,b_front,False
CLEVR_val_000057.png,large gray metal cube,small yellow metal cube,a_front,large,a_front,True,a_front,True,b_front,False,a_front,True,a_front,True,b_front,False
CLEVR_val_000170.png,small red rubber cube,small purple rubber sphere,b_front,medium,b_front,True,b_front,True,a_front,False,b_front,True,b_front,True,a_front,False
CLEVR_val_000201.png,small yellow metal sphere,small gray rubber cube,a_front,large,a_front,True,a_front,True,b_front,False,a_front,True,a_front,True,b_front,False
CLEVR_val_000217.png,large cyan rubber cylinder,large brown rubber sphere,a_front,small,b_front,False,a_front,True,b_front,False,b_front,False,a_front,True,b_front,False
CLEVR_val_000124.png,large brown metal cylinder,small blue rubber sphere,a_front,large,a_front,True,a_front,True,b_front,False,a_front,True,a_front,True,b_front,False
CLEVR_val_000230.png,large gray metal sphere,large yellow metal cube,b_front,large,b_front,True,b_front,True,a_front,False,b_front,True,a_front,False,b_front,True
CLEVR_val_000173.png,small gray rubber sphere,large purple rubber cube,a_front,small,a_front,True,a_front,True,b_front,False,b_front,False,a_front,True,b_front,False
CLEVR_val_000243.png,small green rubber cube,small purple metal sphere,a_front,large,b_front,False,a_front,True,b_front,False,b_front,False,a_front,True,b_front,False
CLEVR_val_000245.png,small green metal cube,small blue metal cube,b_front,large,a_front,False,b_front,True,a_front,False,a_front,False,b_front,True,a_front,False
CLEVR_val_000008.png,small purple rubber cylinder,small brown rubber sphere,b_front,large,b_front,True,b_front,True,a_front,False,b_front,True,b_front,True,a_front,False
CLEVR_val_000252.png,small green rubber cube,small blue metal sphere,b_front,medium,a_front,False,b_front,True,a_front,False,a_front,False,b_front,True,a_front,False
CLEVR_val_000277.png,large brown rubber cylinder,small purple metal cylinder,a_front,large,b_front,False,a_front,True,b_front,False,a_front,True,b_front,False,a_front,True
CLEVR_val_000067.png,large purple metal sphere,large blue rubber cube,a_front,medium,a_front,True,a_front,True,b_front,False,a_front,True,a_front,True,b_front,False
CLEVR_val_000255.png,large blue rubber cube,large purple metal cube,a_front,large,b_front,False,a_front,True,b_front,False,b_front,False,b_front,False,a_front,True
CLEVR_val_000167.png,small yellow rubber cylinder,large purple rubber cylinder,a_front,large,a_front,True,a_front,True,b_front,False,b_front,False,a_front,True,b_front,False
CLEVR_val_000009.png,small purple metal cube,small blue metal cube,b_front,small,b_front,True,b_front,True,a_front,False,b_front,True,a_front,False,b_front,True
CLEVR_val_000146.png,small yellow metal sphere,small gray metal sphere,b_front,medium,a_front,False,b_front,True,a_front,False,a_front,False,a_front,False,b_front,True
CLEVR_val_000108.png,small gray rubber cylinder,large purple rubber sphere,b_front,medium,b_front,True,b_front,True,a_front,False,b_front,True,a_front,False,b_front,True
CLEVR_val_000189.png,small gray metal cylinder,small brown metal cylinder,a_front,large,a_front,True,a_front,True,b_front,False,a_front,True,a_front,True,b_front,False
CLEVR_val_000138.png,large blue metal sphere,small yellow rubber cube,a_front,small,b_front,False,b_front,False,a_front,True,a_front,True,b_front,False,a_front,True
CLEVR_val_000192.png,large brown metal cylinder,small gray metal cylinder,b_front,small,a_front,False,b_front,True,a_front,False,a_front,False,b_front,True,a_front,False
CLEVR_val_000171.png,small green metal cube,large blue rubber cube,b_front,large,b_front,True,b_front,True,a_front,False,b_front,True,a_front,False,b_front,True
CLEVR_val_000237.png,small purple metal cube,small green metal cylinder,b_front,large,a_front,False,b_front,True,a_front,False,a_front,False,a_front,False,b_front,True
CLEVR_val_000041.png,large cyan rubber cylinder,large red metal sphere,a_front,medium,b_front,False,a_front,True,b_front,False,b_front,False,a_front,True,b_front,False
CLEVR_val_000201.png,small yellow metal sphere,large green metal cylinder,b_front,small,a_front,False,a_front,False,b_front,True,b_front,True,a_front,False,b_front,True
CLEVR_val_000074.png,large blue metal cube,small purple metal cylinder,a_front,large,b_front,False,a_front,True,b_front,False,a_front,True,b_front,False,a_front,True
CLEVR_val_000077.png,large purple rubber sphere,small brown metal sphere,a_front,large,a_front,True,a_front,True,b_front,False,a_front,True,a_front,True,b_front,False
CLEVR_val_000083.png,large blue metal cube,small brown metal sphere,a_front,large,b_front,False,a_front,True,b_front,False,a_front,True,a_front,True,b_front,False
CLEVR_val_000173.png,small blue rubber sphere,large purple rubber cube,a_front,medium,a_front,True,a_front,True,b_front,False,b_front,False,a_front,True,b_front,False
CLEVR_val_000060.png,large blue metal sphere,small brown metal cube,b_front,medium,b_front,True,b_front,True,a_front,False,a_front,False,a_front,False,b_front,True
CLEVR_val_000198.png,small green rubber cylinder,large blue rubber sphere,b_front,medium,a_front,False,b_front,True,a_front,False,b_front,True,a_front,False,b_front,True
CLEVR_val_000199.png,large green rubber sphere,large yellow metal cube,b_front,large,b_front,True,b_front,True,a_front,False,b_front,True,a_front,False,b_front,True
CLEVR_val_000246.png,small green rubber cylinder,small green rubber sphere,a_front,large,a_front,True,a_front,True,b_front,False,a_front,True,b_front,False,a_front,True
CLEVR_val_000025.png,large gray rubber sphere,large gray metal cylinder,a_front,medium,b_front,False,a_front,True,b_front,False,b_front,False,b_front,False,a_front,True
CLEVR_val_000248.png,large brown rubber sphere,small green metal sphere,a_front,medium,a_front,True,a_front,True,b_front,False,a_front,True,a_front,True,b_front,False
CLEVR_val_000102.png,small cyan metal cube,small blue metal cube,b_front,small,b_front,True,b_front,True,a_front,False,b_front,True,a_front,False,b_front,True
CLEVR_val_000044.png,small yellow rubber sphere,small green rubber cylinder,a_front,medium,a_front,True,a_front,True,b_front,False,a_front,True,a_front,True,b_front,False
CLEVR_val_000106.png,large green rubber sphere,small yellow metal cylinder,a_front,medium,b_front,False,a_front,True,b_front,False,a_front,True,a_front,True,b_front,False
CLEVR_val_000078.png,small gray metal cylinder,small blue rubber sphere,b_front,medium,a_front,False,b_front,True,a_front,False,a_front,False,a_front,False,b_front,True
CLEVR_val_000163.png,small green rubber cube,small cyan metal sphere,a_front,medium,b_front,False,a_front,True,b_front,False,b_front,False,b_front,False,a_front,True
CLEVR_val_000188.png,small purple rubber cylinder,large green rubber sphere,b_front,large,a_front,False,b_front,True,a_front,False,b_front,True,a_front,False,b_front,True
CLEVR_val_000238.png,small red rubber cube,small red metal cylinder,a_front,medium,b_front,False,a_front,True,b_front,False,b_front,False,a_front,True,b_front,False
CLEVR_val_000173.png,large gray metal cube,large yellow metal sphere,b_front,medium,a_front,False,b_front,True,a_front,False,a_front,False,a_front,False,b_front,True
CLEVR_val_000191.png,small red metal sphere,small brown metal cube,b_front,large,b_front,True,b_front,True,a_front,False,b_front,True,a_front,False,b_front,True
CLEVR_val_000198.png,small cyan rubber cylinder,large blue rubber sphere,b_front,large,a_front,False,b_front,True,a_front,False,b_front,True,b_front,True,a_front,False
CLEVR_val_000178.png,small yellow metal cube,large blue rubber sphere,b_front,medium,b_front,True,b_front,True,a_front,False,b_front,True,b_front,True,a_front,False
CLEVR_val_000255.png,large blue rubber cube,large green metal cylinder,b_front,medium,a_front,False,b_front,True,a_front,False,a_front,False,b_front,True,a_front,False
CLEVR_val_000273.png,small red metal cube,large brown rubber cube,a_front,medium,b_front,False,a_front,True,b_front,False,b_front,False,b_front,False,a_front,True
CLEVR_val_000142.png,large brown rubber cylinder,small blue metal cylinder,b_front,large,a_front,False,b_front,True,a_front,False,a_front,False,b_front,True,a_front,False
CLEVR_val_000021.png,small yellow metal cube,small green metal cylinder,a_front,large,b_front,False,a_front,True,b_front,False,b_front,False,a_front,True,b_front,False
CLEVR_val_000081.png,small cyan metal sphere,large red rubber sphere,a_front,large,a_front,True,a_front,True,b_front,False,b_front,False,b_front,False,a_front,True
CLEVR_val_000167.png,small red rubber cube,large gray rubber cylinder,b_front,small,b_front,True,b_front,True,b_front,True,b_front,True,a_front,False,b_front,True
CLEVR_val_000241.png,large green metal cylinder,large green metal cube,a_front,large,a_front,True,a_front,True,b_front,False,a_front,True,a_front,True,b_front,False
CLEVR_val_000157.png,small cyan rubber cube,small gray rubber sphere,a_front,medium,b_front,False,a_front,True,b_front,False,b_front,False,a_front,True,b_front,False
CLEVR_val_000066.png,small red metal cylinder,large green metal cylinder,a_front,large,a_front,True,a_front,True,b_front,False,b_front,False,a_front,True,b_front,False
CLEVR_val_000109.png,large green rubber sphere,small yellow rubber cube,b_front,large,b_front,True,b_front,True,a_front,False,a_front,False,a_front,False,b_front,True
CLEVR_val_000262.png,large red rubber sphere,small cyan metal sphere,b_front,medium,a_front,False,b_front,True,a_front,False,a_front,False,b_front,True,a_front,False
CLEVR_val_000287.png,large gray metal cylinder,small purple metal sphere,a_front,medium,b_front,False,a_front,True,b_front,False,a_front,True,b_front,False,a_front,True
CLEVR_val_000174.png,large red rubber cylinder,large purple rubber cylinder,b_front,medium,a_front,False,b_front,True,a_front,False,a_front,False,a_front,False,b_front,True
CLEVR_val_000217.png,small brown metal sphere,large purple rubber sphere,b_front,large,b_front,True,b_front,True,a_front,False,b_front,True,a_front,False,b_front,True
CLEVR_val_000024.png,small yellow metal cylinder,large gray metal cube,b_front,large,a_front,False,b_front,True,a_front,False,b_front,True,a_front,False,b_front,True
CLEVR_val_000183.png,small green metal cube,small blue metal cube,b_front,medium,b_front,True,b_front,True,a_front,False,b_front,True,a_front,False,b_front,True
CLEVR_val_000046.png,small blue metal sphere,small brown rubber cylinder,a_front,medium,a_front,True,a_front,True,b_front,False,a_front,True,b_front,False,a_front,True
CLEVR_val_000080.png,large purple metal cylinder,large cyan rubber cube,a_front,small,b_front,False,a_front,True,b_front,False,b_front,False,a_front,True,b_front,False
CLEVR_val_000142.png,small cyan rubber cube,small cyan metal cube,a_front,large,a_front,True,a_front,True,b_front,False,a_front,True,a_front,True,b_front,False
CLEVR_val_000160.png,small cyan metal sphere,small brown rubber cylinder,a_front,small,b_front,False,a_front,True,b_front,False,b_front,False,a_front,True,b_front,False
CLEVR_val_000220.png,large cyan rubber cylinder,small yellow metal cylinder,a_front,medium,a_front,True,b_front,False,a_front,True,a_front,True,b_front,False,a_front,True
CLEVR_val_000009.png,large gray rubber cube,small gray metal sphere,a_front,medium,b_front,False,a_front,True,b_front,False,a_front,True,b_front,False,a_front,True
CLEVR_val_000173.png,large gray metal cube,small cyan rubber cylinder,a_front,large,a_front,True,a_front,True,b_front,False,a_front,True,b_front,False,a_front,True
CLEVR_val_000125.png,small brown rubber cube,large green rubber cube,a_front,small,b_front,False,a_front,True,b_front,False,b_front,False,b_front,False,a_front,True
CLEVR_val_000178.png,small yellow metal cube,large yellow rubber cylinder,b_front,large,a_front,False,b_front,True,a_front,False,b_front,True,b_front,True,a_front,False
CLEVR_val_000102.png,large yellow metal sphere,small blue metal cube,b_front,large,b_front,True,b_front,True,a_front,False,a_front,False,a_front,False,b_front,True
CLEVR_val_000250.png,large purple metal cylinder,small yellow metal cube,b_front,large,a_front,False,b_front,True,a_front,False,a_front,False,a_front,False,b_front,True
CLEVR_val_000066.png,small blue rubber sphere,large green metal cylinder,b_front,medium,b_front,True,a_front,False,b_front,True,b_front,True,b_front,True,a_front,False
CLEVR_val_000073.png,large red rubber sphere,small blue rubber cube,b_front,large,a_front,False,b_front,True,a_front,False,a_front,False,a_front,False,b_front,True
CLEVR_val_000011.png,small gray rubber sphere,small red metal cylinder,a_front,medium,b_front,False,a_front,True,b_front,False,b_front,False,b_front,False,a_front,True
CLEVR_val_000234.png,large gray metal cube,small cyan metal cube,a_front,large,a_front,True,a_front,True,b_front,False,a_front,True,a_front,True,b_front,False
CLEVR_val_000051.png,large brown rubber cylinder,small yellow rubber cylinder,a_front,large,b_front,False,a_front,True,b_front,False,a_front,True,a_front,True,b_front,False
CLEVR_val_000149.png,large green rubber sphere,large cyan rubber cube,a_front,small,a_front,True,a_front,True,b_front,False,a_front,True,b_front,False,a_front,True
CLEVR_val_000039.png,large brown metal cube,small red metal cylinder,b_front,large,b_front,True,b_front,True,a_front,False,a_front,False,b_front,True,a_front,False
CLEVR_val_000109.png,small red metal cube,large cyan rubber sphere,a_front,large,a_front,True,a_front,True,b_front,False,b_front,False,a_front,True,b_front,False
CLEVR_val_000092.png,large brown rubber sphere,small yellow rubber sphere,a_front,medium,b_front,False,a_front,True,b_front,False,a_front,True,b_front,False,a_front,True
CLEVR_val_000238.png,small purple rubber cylinder,small red metal cylinder,a_front,medium,a_front,True,a_front,True,b_front,False,a_front,True,a_front,True,b_front,False
CLEVR_val_000184.png,small red rubber sphere,small blue metal cylinder,b_front,medium,b_front,True,b_front,True,a_front,False,b_front,True,a_front,False,b_front,True
CLEVR_val_000234.png,small cyan metal cube,large cyan metal sphere,b_front,medium,a_front,False,b_front,True,a_front,False,b_front,True,b_front,True,a_front,False
CLEVR_val_000051.png,small red rubber cylinder,small cyan metal cylinder,a_front,large,b_front,False,a_front,True,b_front,False,b_front,False,b_front,False,a_front,True
CLEVR_val_000039.png,large red rubber sphere,small yellow metal cylinder,a_front,medium,a_front,True,a_front,True,b_front,False,a_front,True,a_front,True,b_front,False
CLEVR_val_000129.png,large gray metal sphere,large cyan rubber cube,a_front,medium,b_front,False,a_front,True,b_front,False,b_front,False,a_front,True,b_front,False
CLEVR_val_000222.png,large blue metal sphere,small red metal cylinder,b_front,medium,a_front,False,b_front,True,a_front,False,a_front,False,b_front,True,a_front,False
CLEVR_val_000258.png,large gray metal sphere,large gray rubber sphere,a_front,medium,b_front,False,a_front,True,b_front,False,b_front,False,a_front,True,b_front,False
CLEVR_val_000127.png,large purple rubber cylinder,large green rubber cube,b_front,large,a_front,False,b_front,True,a_front,False,a_front,False,a_front,False,b_front,True
CLEVR_val_000053.png,small yellow metal cube,large blue rubber sphere,a_front,large,b_front,False,a_front,True,b_front,False,b_front,False,a_front,True,b_front,False
CLEVR_val_000147.png,large purple rubber cylinder,small red metal cylinder,a_front,large,a_front,True,a_front,True,b_front,False,a_front,True,a_front,True,b_front,False
CLEVR_val_000067.png,small cyan metal cylinder,small green metal cylinder,a_front,large,b_front,False,a_front,True,b_front,False,b_front,False,b_front,False,a_front,True
CLEVR_val_000138.png,small green rubber sphere,large brown rubber cube,b_front,large,a_front,False,b_front,True,a_front,False,b_front,True,b_front,True,a_front,False
CLEVR_val_000210.png,small yellow rubber sphere,small brown rubber sphere,a_front,large,b_front,False,a_front,True,b_front,False,b_front,False,b_front,False,a_front,True
CLEVR_val_000137.png,small red metal sphere,small blue rubber sphere,b_front,large,a_front,False,b_front,True,a_front,False,a_front,False,a_front,False,b_front,True
CLEVR_val_000028.png,small gray rubber cylinder,small red metal cube,b_front,large,b_front,True,b_front,True,a_front,False,b_front,True,b_front,True,a_front,False
CLEVR_val_000173.png,large gray metal cube,large purple rubber cube,a_front,large,a_front,True,a_front,True,b_front,False,a_front,True,a_front,True,b_front,False
CLEVR_val_000266.png,small brown rubber sphere,small brown metal cube,b_front,large,b_front,True,b_front,True,a_front,False,b_front,True,b_front,True,a_front,False
CLEVR_val_000044.png,small yellow rubber sphere,small cyan metal cylinder,b_front,large,a_front,False,b_front,True,a_front,False,a_front,False,b_front,True,a_front,False
CLEVR_val_000051.png,large brown rubber cylinder,small red metal sphere,a_front,small,b_front,False,b_front,False,a_front,True,a_front,True,a_front,True,b_front,False
CLEVR_val_000236.png,large green metal cylinder,large red rubber sphere,b_front,large,a_front,False,b_front,True,a_front,False,a_front,False,a_front,False,b_front,True
CLEVR_val_000275.png,small red metal sphere,small red metal cylinder,b_front,large,b_front,True,b_front,True,a_front,False,b_front,True,b_front,True,a_front,False
CLEVR_val_000095.png,small gray rubber cylinder,small brown metal cube,a_front,large,a_front,True,a_front,True,b_front,False,a_front,True,a_front,True,b_front,False
CLEVR_val_000001.png,large gray metal cylinder,large blue metal cube,b_front,medium,b_front,True,b_front,True,a_front,False,b_front,True,a_front,False,b_front,True
CLEVR_val_000195.png,large cyan metal sphere,small cyan rubber cube,b_front,large,a_front,False,b_front,True,a_front,False,a_front,False,b_front,True,a_front,False
CLEVR_val_000270.png,small yellow metal cylinder,small gray metal cylinder,a_front,medium,b_front,False,a_front,True,b_front,False,b_front,False,a_front,True,b_front,False
CLEVR_val_000017.png,small gray rubber sphere,large brown metal cylinder,a_front,medium,a_front,True,a_front,True,b_front,False,b_front,False,a_front,True,b_front,False
CLEVR_val_000230.png,large cyan rubber cylinder,large gray metal sphere,a_front,large,b_front,False,a_front,True,b_front,False,b_front,False,b_front,False,a_front,True
CLEVR_val_000104.png,small cyan rubber cube,small gray rubber cube,b_front,medium,a_front,False,b_front,True,a_front,False,a_front,False,b_front,True,a_front,False
CLEVR_val_000188.png,small green rubber sphere,small red metal sphere,b_front,large,b_front,True,b_front,True,a_front,False,b_front,True,a_front,False,b_front,True
CLEVR_val_000071.png,large brown rubber cube,small gray metal cylinder,a_front,large,a_front,True,a_front,True,b_front,False,a_front,True,a_front,True,b_front,False
CLEVR_val_000106.png,large green rubber sphere,large yellow metal cube,b_front,large,b_front,True,b_front,True,a_front,False,b_front,True,a_front,False,b_front,True
CLEVR_val_000144.png,large brown metal cube,small green metal sphere,a_front,medium,a_front,True,a_front,True,b_front,False,a_front,True,b_front,False,a_front,True
CLEVR_val_000177.png,small gray rubber cylinder,large brown rubber cube,a_front,large,b_front,False,a_front,True,b_front,False,b_front,False,b_front,False,a_front,True
CLEVR_val_000204.png,large green rubber sphere,small yellow rubber cylinder,b_front,medium,a_front,False,b_front,True,a_front,False,a_front,False,b_front,True,a_front,False
CLEVR_val_000252.png,small brown metal cube,large red metal cube,a_front,medium,b_front,False,a_front,True,b_front,False,b_front,False,a_front,True,b_front,False
CLEVR_val_000146.png,small cyan rubber cube,large brown rubber cylinder,a_front,medium,a_front,True,a_front,True,b_front,False,b_front,False,b_front,False,a_front,True
CLEVR_val_000162.png,large brown rubber cube,small red rubber cylinder,b_front,medium,b_front,True,b_front,True,a_front,False,a_front,False,a_front,False,b_front,True
CLEVR_val_000129.png,large red rubber cylinder,small brown metal cylinder,b_front,large,a_front,False,b_front,True,a_front,False,a_front,False,b_front,True,a_front,False
CLEVR_val_000168.png,large gray metal cube,small gray rubber sphere,a_front,large,b_front,False,a_front,True,b_front,False,a_front,True,b_front,False,a_front,True
CLEVR_val_000095.png,small gray rubber cylinder,large yellow metal cylinder,b_front,large,a_front,False,b_front,True,a_front,False,b_front,True,a_front,False,b_front,True
CLEVR_val_000198.png,small green rubber cylinder,small cyan rubber cylinder,a_front,large,b_front,False,a_front,True,b_front,False,b_front,False,a_front,True,b_front,False
CLEVR_val_000096.png,large red metal cylinder,small purple rubber cube,a_front,small,a_front,True,b_front,False,a_front,True,a_front,True,b_front,False,a_front,True
CLEVR_val_000128.png,small cyan metal cube,large red metal cube,a_front,large,b_front,False,a_front,True,b_front,False,b_front,False,a_front,True,b_front,False
CLEVR_val_000053.png,large brown rubber cylinder,small red rubber cube,b_front,large,a_front,False,b_front,True,a_front,False,a_front,False,a_front,False,b_front,True
CLEVR_val_000157.png,small blue rubber cube,large green rubber cylinder,a_front,large,b_front,False,a_front,True,b_front,False,b_front,False,b_front,False,a_front,True
CLEVR_val_000095.png,small red rubber sphere,large purple rubber cylinder,b_front,medium,a_front,False,b_front,True,a_front,False,b_front,True,b_front,True,a_front,False
CLEVR_val_000087.png,small red metal cylinder,large purple metal cube,b_front,large,b_front,True,b_front,True,a_front,False,b_front,True,a_front,False,b_front,True
CLEVR_val_000234.png,large red metal cube,small green rubber sphere,b_front,large,a_front,False,b_front,True,a_front,False,a_front,False,b_front,True,a_front,False
CLEVR_val_000146.png,small red metal sphere,small gray metal sphere,a_front,medium,b_front,False,a_front,True,b_front,False,b_front,False,b_front,False,a_front,True
CLEVR_val_000149.png,large cyan rubber sphere,large purple metal sphere,b_front,small,a_front,False,b_front,True,a_front,False,a_front,False,b_front,True,a_front,False
CLEVR_val_000230.png,large cyan rubber cylinder,small red metal sphere,a_front,medium,b_front,False,a_front,True,b_front,False,a_front,True,b_front,False,a_front,True
CLEVR_val_000043.png,large yellow rubber cylinder,large blue metal sphere,a_front,large,a_front,True,a_front,True,b_front,False,a_front,True,a_front,True,b_front,False
CLEVR_val_000104.png,large yellow metal cube,large brown metal cube,a_front,medium,b_front,False,a_front,True,b_front,False,b_front,False,b_front,False,a_front,True
CLEVR_val_000232.png,large cyan metal sphere,large purple metal sphere,a_front,large,a_front,True,a_front,True,b_front,False,a_front,True,a_front,True,b_front,False
CLEVR_val_000252.png,small brown metal cube,small blue rubber cube,a_front,large,b_front,False,a_front,True,b_front,False,b_front,False,a_front,True,b_front,False
CLEVR_val_000174.png,large red rubber cylinder,small yellow metal sphere,a_front,medium,a_front,True,a_front,True,b_front,False,a_front,True,a_front,True,b_front,False
CLEVR_val_000232.png,large purple metal sphere,small cyan rubber sphere,b_front,large,b_front,True,b_front,True,a_front,False,a_front,False,b_front,True,a_front,False
CLEVR_val_000053.png,large brown rubber cylinder,small yellow metal cube,a_front,medium,a_front,True,a_front,True,b_front,False,a_front,True,b_front,False,a_front,True
CLEVR_val_000158.png,small purple metal cylinder,large green rubber cylinder,b_front,large,b_front,True,b_front,True,a_front,False,b_front,True,a_front,False,b_front,True
CLEVR_val_000020.png,small cyan metal cube,large cyan rubber cylinder,b_front,large,a_front,False,b_front,True,a_front,False,b_front,True,b_front,True,a_front,False
CLEVR_val_000280.png,large red metal cylinder,large purple metal sphere,a_front,large,b_front,False,a_front,True,b_front,False,b_front,False,b_front,False,a_front,True
CLEVR_val_000012.png,large purple metal cylinder,large red rubber cube,b_front,large,a_front,False,b_front,True,a_front,False,a_front,False,a_front,False,b_front,True
CLEVR_val_000201.png,small purple metal cylinder,large cyan rubber sphere,b_front,large,b_front,True,b_front,True,a_front,False,b_front,True,a_front,False,b_front,True
CLEVR_val_000250.png,small yellow metal cube,small red rubber cube,a_front,medium,a_front,True,a_front,True,b_front,False,a_front,True,a_front,True,b_front,False
CLEVR_val_000107.png,small blue rubber sphere,small green rubber sphere,b_front,large,b_front,True,b_front,True,a_front,False,b_front,True,a_front,False,b_front,True
CLEVR_val_000126.png,small green metal cube,small green rubber cylinder,b_front,medium,a_front,False,b_front,True,a_front,False,a_front,False,a_front,False,b_front,True
CLEVR_val_000063.png,small brown metal sphere,large blue metal cylinder,a_front,large,b_front,False,a_front,True,b_front,False,b_front,False,a_front,True,b_front,False
CLEVR_val_000191.png,small yellow metal cube,small yellow rubber sphere,a_front,medium,a_front,True,a_front,True,b_front,False,a_front,True,b_front,False,a_front,True
CLEVR_val_000258.png,large gray metal sphere,small cyan metal sphere,b_front,medium,b_front,True,b_front,True,a_front,False,a_front,False,a_front,False,b_front,True
CLEVR_val_000202.png,small yellow rubber cylinder,small purple rubber cylinder,b_front,large,a_front,False,b_front,True,a_front,False,a_front,False,b_front,True,a_front,False
CLEVR_val_000201.png,small yellow rubber sphere,large brown metal cube,b_front,large,b_front,True,b_front,True,a_front,False,b_front,True,b_front,True,a_front,False
CLEVR_val_000077.png,large cyan metal cube,small green rubber cube,b_front,large,a_front,False,b_front,True,a_front,False,a_front,False,b_front,True,a_front,False
CLEVR_val_000237.png,small blue rubber sphere,small purple rubber cylinder,a_front,large,b_front,False,a_front,True,b_front,False,b_front,False,b_front,False,a_front,True
CLEVR_val_000134.png,small yellow rubber cube,large red rubber sphere,a_front,large,a_front,True,a_front,True,b_front,False,b_front,False,b_front,False,a_front,True
CLEVR_val_000048.png,small green rubber cylinder,small green metal cylinder,b_front,medium,b_front,True,b_front,True,a_front,False,b_front,True,a_front,False,b_front,True
CLEVR_val_000056.png,small red rubber sphere,small yellow metal cylinder,a_front,large,a_front,True,a_front,True,b_front,False,a_front,True,b_front,False,a_front,True
CLEVR_val_000158.png,small cyan rubber sphere,large purple rubber sphere,b_front,large,b_front,True,b_front,True,a_front,False,b_front,True,b_front,True,a_front,False
CLEVR_val_000024.png,large gray metal cube,large blue metal cube,a_front,medium,a_front,True,a_front,True,b_front,False,a_front,True,b_front,False,a_front,True
CLEVR_val_000092.png,large red rubber cube,small yellow metal sphere,a_front,medium,b_front,False,a_front,True,b_front,False,a_front,True,a_front,True,b_front,False
CLEVR_val_000013.png,small cyan metal cylinder,large blue metal sphere,a_front,large,a_front,True,a_front,True,b_front,False,b_front,False,b_front,False,a_front,True
CLEVR_val_000217.png,small brown metal sphere,small red rubber cylinder,a_front,medium,b_front,False,a_front,True,b_front,False,b_front,False,a_front,True,b_front,False
CLEVR_val_000254.png,large brown metal sphere,large yellow metal cube,a_front,medium,a_front,True,a_front,True,b_front,False,a_front,True,b_front,False,a_front,True
CLEVR_val_000017.png,small yellow metal cylinder,large brown rubber sphere,a_front,large,b_front,False,a_front,True,b_front,False,b_front,False,a_front,True,b_front,False
CLEVR_val_000109.png,large cyan rubber sphere,small purple rubber cylinder,b_front,large,a_front,False,b_front,True,a_front,False,a_front,False,a_front,False,b_front,True
CLEVR_val_000236.png,small brown metal cube,large red rubber sphere,b_front,medium,b_front,True,b_front,True,a_front,False,b_front,True,a_front,False,b_front,True
CLEVR_val_000170.png,small brown metal cylinder,large green metal cube,b_front,small,a_front,False,a_front,False,b_front,True,b_front,True,a_front,False,b_front,True
CLEVR_val_000054.png,large cyan metal cylinder,large yellow rubber cylinder,a_front,large,b_front,False,a_front,True,b_front,False,b_front,False,a_front,True,b_front,False
CLEVR_val_000013.png,small cyan metal cylinder,small gray rubber cube,b_front,medium,a_front,False,b_front,True,a_front,False,a_front,False,b_front,True,a_front,False
CLEVR_val_000008.png,large purple metal sphere,small yellow metal cube,b_front,large,b_front,True,b_front,True,a_front,False,a_front,False,b_front,True,a_front,False
CLEVR_val_000176.png,small gray rubber cylinder,small red metal sphere,b_front,large,a_front,False,b_front,True,a_front,False,a_front,False,b_front,True,a_front,False
CLEVR_val_000144.png,large yellow rubber sphere,small green metal sphere,b_front,small,b_front,True,b_front,True,a_front,False,a_front,False,b_front,True,a_front,False
CLEVR_val_000129.png,large red rubber cylinder,small gray metal cylinder,b_front,small,a_front,False,b_front,True,a_front,False,a_front,False,b_front,True,a_front,False
CLEVR_val_000151.png,small cyan rubber cylinder,small red metal cube,b_front,medium,b_front,True,b_front,True,a_front,False,b_front,True,b_front,True,a_front,False
CLEVR_val_000195.png,small gray rubber sphere,large cyan metal sphere,a_front,large,a_front,True,a_front,True,b_front,False,b_front,False,b_front,False,a_front,True
CLEVR_val_000001.png,small yellow metal cube,small yellow rubber cylinder,b_front,large,b_front,True,b_front,True,a_front,False,b_front,True,b_front,True,a_front,False
CLEVR_val_000143.png,small blue rubber sphere,large cyan metal sphere,b_front,large,a_front,False,b_front,True,a_front,False,b_front,True,b_front,True,a_front,False
CLEVR_val_000072.png,large cyan metal cube,small yellow metal sphere,b_front,medium,b_front,True,b_front,True,a_front,False,a_front,False,b_front,True,a_front,False
CLEVR_val_000215.png,large yellow metal cube,large blue rubber cylinder,b_front,medium,a_front,False,b_front,True,a_front,False,a_front,False,b_front,True,a_front,False
CLEVR_val_000173.png,small blue rubber sphere,large green metal sphere,b_front,large,b_front,True,b_front,True,a_front,False,b_front,True,b_front,True,a_front,False
CLEVR_val_000191.png,large purple rubber sphere,small red rubber cylinder,a_front,medium,a_front,True,b_front,False,a_front,True,a_front,True,b_front,False,a_front,True
CLEVR_val_000179.png,small green rubber cylinder,large cyan rubber cylinder,a_front,large,b_front,False,a_front,True,b_front,False,b_front,False,a_front,True,b_front,False
CLEVR_val_000061.png,small gray rubber cylinder,small purple metal sphere,a_front,large,a_front,True,a_front,True,b_front,False,a_front,True,b_front,False,a_front,True
CLEVR_val_000236.png,small cyan rubber sphere,small blue rubber cylinder,a_front,large,b_front,False,a_front,True,b_front,False,b_front,False,a_front,True,b_front,False
CLEVR_val_000243.png,small brown rubber cylinder,small purple metal sphere,a_front,large,a_front,True,a_front,True,b_front,False,a_front,True,a_front,True,b_front,False
CLEVR_val_000084.png,small green rubber cube,large yellow metal cylinder,a_front,medium,b_front,False,a_front,True,b_front,False,b_front,False,b_front,False,a_front,True
CLEVR_val_000001.png,small yellow metal cube,small cyan rubber cylinder,b_front,large,a_front,False,b_front,True,a_front,False,a_front,False,b_front,True,a_front,False
CLEVR_val_000078.png,large gray rubber cylinder,small gray metal cylinder,b_front,large,b_front,True,b_front,True,a_front,False,a_front,False,b_front,True,a_front,False
CLEVR_val_000036.png,small red metal cylinder,small yellow metal cylinder,a_front,small,a_front,True,a_front,True,b_front,False,a_front,True,b_front,False,a_front,True
CLEVR_val_000222.png,small cyan metal sphere,small red metal cylinder,b_front,large,b_front,True,b_front,True,a_front,False,b_front,True,b_front,True,a_front,False
CLEVR_val_000185.png,small brown metal cube,large red rubber cube,a_front,large,a_front,True,a_front,True,b_front,False,b_front,False,a_front,True,b_front,False
CLEVR_val_000049.png,large yellow metal sphere,small yellow rubber sphere,b_front,large,b_front,True,b_front,True,a_front,False,a_front,False,b_front,True,a_front,False
CLEVR_val_000041.png,large purple metal sphere,large yellow metal sphere,a_front,medium,a_front,True,a_front,True,b_front,False,a_front,True,b_front,False,a_front,True
CLEVR_val_000095.png,large blue metal sphere,small purple metal cube,a_front,medium,b_front,False,a_front,True,b_front,False,a_front,True,b_front,False,a_front,True
CLEVR_val_000218.png,large green metal sphere,large green rubber cube,b_front,large,a_front,False,b_front,True,a_front,False,a_front,False,b_front,True,a_front,False
CLEVR_val_000092.png,small yellow metal sphere,small blue rubber cylinder,a_front,medium,b_front,False,a_front,True,b_front,False,b_front,False,b_front,False,a_front,True
CLEVR_val_000017.png,large red rubber sphere,small cyan metal cylinder,a_front,small,a_front,True,b_front,False,a_front,True,a_front,True,a_front,True,b_front,False
CLEVR_val_000067.png,small yellow rubber cube,small cyan metal cylinder,a_front,large,b_front,False,a_front,True,b_front,False,b_front,False,a_front,True,b_front,False
CLEVR_val_000109.png,small yellow rubber cylinder,large cyan rubber sphere,a_front,large,a_front,True,a_front,True,b_front,False,b_front,False,b_front,False,a_front,True
CLEVR_val_000040.png,large yellow rubber sphere,small gray metal sphere,a_front,large,b_front,False,a_front,True,b_front,False,a_front,True,a_front,True,b_front,False
CLEVR_val_000001.png,large blue rubber cylinder,large gray metal cylinder,a_front,small,a_front,True,a_front,True,b_front,False,a_front,True,b_front,False,a_front,True
CLEVR_val_000087.png,large green metal sphere,large brown rubber sphere,a_front,medium,b_front,False,a_front,True,b_front,False,b_front,False,b_front,False,a_front,True
CLEVR_val_000044.png,small yellow rubber sphere,small green rubber cube,a_front,medium,a_front,True,a_front,True,b_front,False,a_front,True,b_front,False,a_front,True
CLEVR_val_000158.png,small red rubber sphere,small cyan rubber sphere,b_front,medium,b_front,True,b_front,True,a_front,False,b_front,True,a_front,False,b_front,True
CLEVR_val_000171.png,small brown rubber cylinder,small gray metal sphere,a_front,medium,a_front,True,a_front,True,b_front,False,a_front,True,b_front,False,a_front,True
CLEVR_val_000053.png,small yellow metal cube,small yellow rubber sphere,b_front,small,b_front,True,b_front,True,a_front,False,b_front,True,a_front,False,b_front,True
CLEVR_val_000185.png,small brown metal cube,large red metal cylinder,a_front,large,a_front,True,a_front,True,b_front,False,b_front,False,b_front,False,a_front,True
CLEVR_val_000029.png,small purple metal cube,large purple rubber sphere,a_front,large,b_front,False,a_front,True,b_front,False,b_front,False,b_front,False,a_front,True
CLEVR_val_000030.png,small green rubber sphere,small cyan rubber sphere,b_front,medium,a_front,False,b_front,True,a_front,False,a_front,False,b_front,True,a_front,False
CLEVR_val_000192.png,small green rubber cube,large brown metal cylinder,a_front,large,b_front,False,a_front,True,b_front,False,b_front,False,a_front,True,b_front,False
CLEVR_val_000143.png,large brown metal cylinder,small brown metal cube,a_front,large,a_front,True,a_front,True,b_front,False,a_front,True,b_front,False,a_front,True
CLEVR_val_000250.png,small purple metal sphere,small brown rubber sphere,b_front,large,b_front,True,b_front,True,a_front,False,b_front,True,a_front,False,b_front,True
CLEVR_val_000102.png,small blue metal cube,large brown rubber sphere,a_front,large,a_front,True,a_front,True,b_front,False,b_front,False,b_front,False,a_front,True
CLEVR_val_000254.png,large brown metal sphere,large red rubber cube,b_front,medium,b_front,True,b_front,True,a_front,False,b_front,True,b_front,True,a_front,False
CLEVR_val_000171.png,large blue rubber cube,small purple rubber sphere,a_front,large,a_front,True,a_front,True,b_front,False,a_front,True,a_front,True,b_front,False
CLEVR_val_000193.png,large green metal cube,large cyan rubber cube,b_front,medium,b_front,True,b_front,True,a_front,False,b_front,True,a_front,False,b_front,True
CLEVR_val_000105.png,small yellow rubber cube,large red metal sphere,a_front,large,a_front,True,a_front,True,b_front,False,b_front,False,b_front,False,a_front,True
CLEVR_val_000050.png,small gray metal sphere,large green rubber sphere,b_front,large,b_front,True,b_front,True,a_front,False,b_front,True,b_front,True,a_front,False
CLEVR_val_000053.png,large brown rubber cylinder,large blue rubber sphere,a_front,large,a_front,True,a_front,True,b_front,False,a_front,True,a_front,True,b_front,False
CLEVR_val_000237.png,small blue rubber sphere,large brown metal sphere,b_front,large,b_front,True,b_front,True,a_front,False,b_front,True,b_front,True,a_front,False
CLEVR_val_000095.png,small yellow metal cube,small red rubber sphere,a_front,small,a_front,True,a_front,True,b_front,False,a_front,True,b_front,False,a_front,True
CLEVR_val_000031.png,small yellow rubber sphere,large blue metal cylinder,a_front,large,b_front,False,a_front,True,b_front,False,b_front,False,b_front,False,a_front,True
CLEVR_val_000114.png,small gray rubber cylinder,large blue rubber cylinder,a_front,large,a_front,True,a_front,True,b_front,False,b_front,False,b_front,False,a_front,True
CLEVR_val_000275.png,small red metal sphere,small gray metal cylinder,a_front,medium,b_front,False,a_front,True,b_front,False,b_front,False,a_front,True,b_front,False
CLEVR_val_000071.png,small green rubber sphere,large gray rubber cylinder,a_front,large,a_front,True,a_front,True,b_front,False,b_front,False,a_front,True,b_front,False
CLEVR_val_000017.png,large brown metal cylinder,large brown rubber sphere,a_front,large,b_front,False,a_front,True,b_front,False,b_front,False,b_front,False,a_front,True
CLEVR_val_000182.png,small red metal cube,large blue metal sphere,a_front,small,a_front,True,a_front,True,b_front,False,b_front,False,b_front,False,a_front,True
CLEVR_val_000015.png,large gray metal cylinder,large red metal sphere,b_front,medium,b_front,True,b_front,True,a_front,False,b_front,True,b_front,True,a_front,False
CLEVR_val_000106.png,large green rubber cube,large blue metal sphere,b_front,small,a_front,False,b_front,True,a_front,False,a_front,False,b_front,True,a_front,False
CLEVR_val_000219.png,large gray metal sphere,large blue metal cylinder,b_front,small,b_front,True,b_front,True,a_front,False,b_front,True,b_front,True,a_front,False
CLEVR_val_000283.png,large purple rubber cube,small yellow rubber sphere,a_front,large,a_front,True,a_front,True,b_front,False,a_front,True,b_front,False,a_front,True
CLEVR_val_000067.png,small green metal cylinder,small red metal cylinder,b_front,large,b_front,True,b_front,True,a_front,False,b_front,True,b_front,True,a_front,False
CLEVR_val_000158.png,small red rubber sphere,large gray metal sphere,a_front,small,a_front,True,a_front,True,b_front,False,b_front,False,b_front,False,a_front,True
CLEVR_val_000094.png,small purple rubber cylinder,large blue metal cube,b_front,large,b_front,True,b_front,True,a_front,False,b_front,True,a_front,False,b_front,True
CLEVR_val_000087.png,small red metal cylinder,large green metal sphere,b_front,large,a_front,False,b_front,True,a_front,False,b_front,True,a_front,False,b_front,True
CLEVR_val_000222.png,small blue metal cube,large yellow metal cylinder,a_front,small,b_front,False,a_front,True,b_front,False,b_front,False,a_front,True,b_front,False
CLEVR_val_000210.png,large yellow rubber sphere,small brown rubber sphere,a_front,small,a_front,True,b_front,False,a_front,True,a_front,True,b_front,False,a_front,True
CLEVR_val_000206.png,large cyan rubber cube,large gray rubber cylinder,b_front,medium,b_front,True,b_front,True,a_front,False,b_front,True,b_front,True,a_front,False
CLEVR_val_000030.png,large cyan rubber sphere,small green rubber sphere,b_front,large,a_front,False,b_front,True,a_front,False,a_front,False,a_front,False,b_front,True
CLEVR_val_000127.png,large cyan metal cylinder,small red metal sphere,a_front,large,b_front,False,a_front,True,b_front,False,a_front,True,a_front,True,b_front,False
CLEVR_val_000066.png,large yellow rubber cube,large green metal cylinder,a_front,medium,a_front,True,a_front,True,b_front,False,a_front,True,a_front,True,b_front,False
CLEVR_val_000192.png,small brown metal cylinder,large brown metal cylinder,a_front,large,b_front,False,a_front,True,b_front,False,b_front,False,a_front,True,b_front,False
CLEVR_val_000190.png,large brown rubber sphere,small blue metal sphere,a_front,large,a_front,True,a_front,True,b_front,False,a_front,True,b_front,False,a_front,True
CLEVR_val_000139.png,small purple metal cube,small blue metal cylinder,b_front,large,b_front,True,b_front,True,a_front,False,b_front,True,b_front,True,a_front,False
CLEVR_val_000281.png,small yellow rubber cube,large purple rubber cube,a_front,medium,a_front,True,a_front,True,b_front,False,b_front,False,a_front,True,b_front,False
CLEVR_val_000078.png,small gray rubber cylinder,small brown metal cylinder,b_front,medium,b_front,True,b_front,True,a_front,False,b_front,True,b_front,True,a_front,False
CLEVR_val_000191.png,small yellow metal cube,small red metal sphere,a_front,large,a_front,True,a_front,True,b_front,False,a_front,True,b_front,False,a_front,True
CLEVR_val_000163.png,small green rubber cube,small red metal cube,a_front,large,b_front,False,a_front,True,b_front,False,b_front,False,b_front,False,a_front,True
CLEVR_val_000284.png,large green metal cylinder,large purple rubber sphere,a_front,large,a_front,True,a_front,True,b_front,False,a_front,True,b_front,False,a_front,True
CLEVR_val_000196.png,small purple metal sphere,large cyan rubber sphere,b_front,large,b_front,True,b_front,True,a_front,False,b_front,True,a_front,False,b_front,True
CLEVR_val_000178.png,large blue rubber sphere,large yellow rubber cylinder,b_front,large,a_front,False,b_front,True,a_front,False,a_front,False,a_front,False,b_front,True
CLEVR_val_000001.png,small yellow metal cube,large blue metal cube,b_front,large,b_front,True,b_front,True,a_front,False,b_front,True,a_front,False,b_front,True
CLEVR_val_000017.png,large brown metal cylinder,small yellow metal cylinder,b_front,large,a_front,False,b_front,True,a_front,False,a_front,False,b_front,True,a_front,False
CLEVR_val_000134.png,small yellow rubber cube,large brown metal cylinder,a_front,large,b_front,False,a_front,True,b_front,False,b_front,False,b_front,False,a_front,True
CLEVR_val_000215.png,large brown rubber cube,large blue rubber cylinder,b_front,large,a_front,False,b_front,True,a_front,False,a_front,False,b_front,True,a_front,False
CLEVR_val_000080.png,small cyan rubber cylinder,large yellow rubber cylinder,b_front,medium,b_front,True,b_front,True,a_front,False,b_front,True,a_front,False,b_front,True
CLEVR_val_000052.png,small cyan rubber cube,small yellow rubber cylinder,b_front,medium,a_front,False,b_front,True,a_front,False,a_front,False,a_front,False,b_front,True
CLEVR_val_000244.png,large blue metal cylinder,small cyan metal cylinder,b_front,medium,b_front,True,b_front,True,a_front,False,a_front,False,a_front,False,b_front,True
CLEVR_val_000084.png,large purple metal cylinder,large yellow metal cylinder,a_front,small,a_front,True,a_front,True,b_front,False,a_front,True,b_front,False,a_front,True
CLEVR_val_000148.png,large blue metal cylinder,small red metal cylinder,a_front,medium,b_front,False,a_front,True,b_front,False,a_front,True,b_front,False,a_front,True
CLEVR_val_000240.png,small red rubber cylinder,large purple metal cylinder,b_front,large,a_front,False,b_front,True,a_front,False,b_front,True,a_front,False,b_front,True
CLEVR_val_000283.png,small yellow rubber sphere,small gray rubber sphere,b_front,large,b_front,True,b_front,True,a_front,False,b_front,True,a_front,False,b_front,True
CLEVR_val_000093.png,large green metal cylinder,large red metal cube,a_front,large,a_front,True,a_front,True,b_front,False,a_front,True,a_front,True,b_front,False
CLEVR_val_000191.png,small red rubber sphere,small brown metal cube,b_front,medium,b_front,True,b_front,True,a_front,False,b_front,True,b_front,True,a_front,False
CLEVR_val_000024.png,small yellow metal cylinder,large gray rubber sphere,b_front,small,a_front,False,a_front,False,b_front,True,b_front,True,a_front,False,b_front,True
CLEVR_val_000170.png,small brown metal cylinder,small purple rubber sphere,a_front,small,b_front,False,a_front,True,b_front,False,b_front,False,a_front,True,b_front,False
CLEVR_val_000163.png,small purple metal cylinder,large blue rubber sphere,a_front,medium,a_front,True,a_front,True,b_front,False,b_front,False,b_front,False,a_front,True
CLEVR_val_000023.png,large brown rubber sphere,large gray metal cylinder,a_front,small,b_front,False,a_front,True,b_front,False,b_front,False,b_front,False,a_front,True
CLEVR_val_000198.png,large blue rubber sphere,small blue rubber cube,a_front,large,a_front,True,a_front,True,b_front,False,a_front,True,b_front,False,a_front,True
CLEVR_val_000261.png,small yellow metal cylinder,small green rubber cylinder,b_front,small,b_front,True,b_front,True,a_front,False,b_front,True,b_front,True,a_front,False
CLEVR_val_000191.png,small green metal cube,small brown metal cube,b_front,medium,a_front,False,b_front,True,a_front,False,a_front,False,b_front,True,a_front,False
CLEVR_val_000183.png,small purple rubber cylinder,small blue metal cube,b_front,large,b_front,True,b_front,True,a_front,False,b_front,True,a_front,False,b_front,True
CLEVR_val_000222.png,small blue metal cube,large blue metal sphere,b_front,medium,a_front,False,b_front,True,a_front,False,b_front,True,a_front,False,b_front,True
CLEVR_val_000240.png,small purple metal sphere,large blue rubber cylinder,b_front,small,b_front,True,a_front,False,b_front,True,b_front,True,a_front,False,b_front,True
CLEVR_val_000031.png,small red rubber cylinder,small cyan rubber cylinder,b_front,large,a_front,False,b_front,True,a_front,False,a_front,False,b_front,True,a_front,False
CLEVR_val_000270.png,small red rubber cylinder,large gray rubber cylinder,a_front,medium,b_front,False,a_front,True,b_front,False,b_front,False,b_front,False,a_front,True
CLEVR_val_000009.png,large brown rubber cylinder,small purple metal cube,a_front,large,a_front,True,a_front,True,b_front,False,a_front,True,a_front,True,b_front,False
CLEVR_val_000234.png,large gray metal cube,large cyan metal sphere,a_front,large,b_front,False,a_front,True,b_front,False,b_front,False,a_front,True,b_front,False
CLEVR_val_000221.png,large gray metal sphere,small green metal sphere,a_front,large,a_front,True,a_front,True,b_front,False,a_front,True,a_front,True,b_front,False
CLEVR_val_000134.png,large gray rubber cube,large brown metal cylinder,b_front,medium,b_front,True,b_front,True,a_front,False,b_front,True,b_front,True,a_front,False
CLEVR_val_000263.png,small yellow rubber cube,small gray rubber cylinder,a_front,large,a_front,True,a_front,True,b_front,False,a_front,True,b_front,False,a_front,True
CLEVR_val_000140.png,small cyan rubber cylinder,large green metal cylinder,b_front,large,b_front,True,b_front,True,a_front,False,b_front,True,a_front,False,b_front,True
CLEVR_val_000054.png,large yellow rubber cylinder,small brown metal sphere,b_front,large,a_front,False,b_front,True,a_front,False,a_front,False,a_front,False,b_front,True
CLEVR_val_000095.png,small yellow metal cube,large blue metal sphere,b_front,large,b_front,True,b_front,True,a_front,False,b_front,True,b_front,True,a_front,False
CLEVR_val_000175.png,large blue metal cube,small purple metal sphere,a_front,large,a_front,True,a_front,True,b_front,False,a_front,True,a_front,True,b_front,False
CLEVR_val_000274.png,large cyan metal sphere,large cyan rubber cube,a_front,large,b_front,False,a_front,True,b_front,False,b_front,False,b_front,False,a_front,True
CLEVR_val_000066.png,small blue rubber sphere,small red metal cylinder,b_front,large,a_front,False,b_front,True,a_front,False,a_front,False,b_front,True,a_front,False
CLEVR_val_000023.png,small blue rubber sphere,large brown rubber cube,a_front,medium,b_front,False,a_front,True,b_front,False,b_front,False,a_front,True,b_front,False
CLEVR_val_000011.png,large brown rubber cylinder,small red metal cylinder,a_front,large,a_front,True,a_front,True,b_front,False,a_front,True,a_front,True,b_front,False
CLEVR_val_000269.png,small yellow metal cylinder,large green rubber cube,b_front,medium,b_front,True,b_front,True,a_front,False,b_front,True,a_front,False,b_front,True
CLEVR_val_000248.png,large brown rubber sphere,small cyan rubber cylinder,a_front,large,a_front,True,a_front,True,b_front,False,a_front,True,a_front,True,b_front,False
CLEVR_val_000046.png,small green rubber cube,small brown rubber cylinder,b_front,medium,b_front,True,b_front,True,a_front,False,b_front,True,b_front,True,a_front,False
CLEVR_val_000111.png,large green rubber sphere,large cyan metal sphere,b_front,medium,a_front,False,b_front,True,a_front,False,a_front,False,a_front,False,b_front,True
CLEVR_val_000195.png,large cyan metal sphere,large purple metal cube,b_front,large,b_front,True,b_front,True,a_front,False,b_front,True,a_front,False,b_front,True
CLEVR_val_000033.png,small red metal sphere,small yellow metal sphere,a_front,medium,a_front,True,a_front,True,b_front,False,a_front,True,b_front,False,a_front,True
CLEVR_val_000165.png,large cyan rubber sphere,large cyan rubber cube,a_front,small,b_front,False,a_front,True,b_front,False,b_front,False,a_front,True,b_front,False
CLEVR_val_000157.png,small gray rubber sphere,small brown rubber cylinder,b_front,large,a_front,False,b_front,True,a_front,False,a_front,False,b_front,True,a_front,False
CLEVR_val_000004.png,small purple rubber cylinder,large gray metal sphere,b_front,medium,b_front,True,b_front,True,a_front,False,b_front,True,a_front,False,b_front,True
CLEVR_val_000261.png,large blue rubber sphere,large yellow metal cylinder,b_front,large,a_front,False,b_front,True,a_front,False,a_front,False,b_front,True,a_front,False
CLEVR_val_000119.png,large purple rubber cube,large blue metal sphere,a_front,large,b_front,False,a_front,True,b_front,False,b_front,False,a_front,True,b_front,False
CLEVR_val_000149.png,large green rubber sphere,large purple metal sphere,a_front,large,a_front,True,a_front,True,b_front,False,a_front,True,b_front,False,a_front,True
CLEVR_val_000164.png,small brown metal sphere,large cyan metal cylinder,b_front,small,b_front,True,b_front,True,a_front,False,b_front,True,a_front,False,b_front,True
CLEVR_val_000171.png,small blue metal sphere,small purple rubber sphere,a_front,large,a_front,True,a_front,True,b_front,False,a_front,True,b_front,False,a_front,True
CLEVR_val_000107.png,large gray rubber cube,small gray metal cylinder,a_front,medium,b_front,False,a_front,True,b_front,False,a_front,True,a_front,True,b_front,False
CLEVR_val_000168.png,small cyan rubber sphere,small gray rubber sphere,a_front,large,a_front,True,a_front,True,b_front,False,a_front,True,a_front,True,b_front,False
CLEVR_val_000196.png,small brown rubber sphere,small yellow metal cube,a_front,large,b_front,False,a_front,True,b_front,False,b_front,False,b_front,False,a_front,True
CLEVR_val_000084.png,small green rubber cylinder,small green rubber sphere,a_front,large,a_front,True,a_front,True,b_front,False,a_front,True,b_front,False,a_front,True
CLEVR_val_000270.png,small yellow metal cylinder,large gray rubber cylinder,a_front,large,b_front,False,a_front,True,b_front,False,b_front,False,b_front,False,a_front,True
CLEVR_val_000191.png,small yellow rubber sphere,small red rubber cylinder,a_front,large,a_front,True,a_front,True,b_front,False,a_front,True,a_front,True,b_front,False
CLEVR_val_000041.png,small green rubber sphere,large red metal sphere,a_front,large,b_front,False,a_front,True,b_front,False,b_front,False,b_front,False,a_front,True
CLEVR_val_000273.png,small cyan rubber cube,small yellow rubber cube,b_front,medium,a_front,False,b_front,True,a_front,False,a_front,False,b_front,True,a_front,False
CLEVR_val_000072.png,small green rubber cylinder,large purple rubber sphere,b_front,large,b_front,True,b_front,True,a_front,False,b_front,True,b_front,True,a_front,False
CLEVR_val_000130.png,large purple rubber cube,small green rubber cylinder,b_front,small,a_front,False,b_front,True,a_front,False,a_front,False,b_front,True,a_front,False
CLEVR_val_000246.png,large blue rubber sphere,small green rubber sphere,a_front,medium,b_front,False,a_front,True,b_front,False,a_front,True,a_front,True,b_front,False
CLEVR_val_000189.png,small red metal sphere,small red rubber cube,a_front,medium,a_front,True,a_front,True,b_front,False,a_front,True,a_front,True,b_front,False
CLEVR_val_000199.png,large yellow metal sphere,large yellow metal cube,b_front,large,b_front,True,b_front,True,a_front,False,b_front,True,a_front,False,b_front,True
CLEVR_val_000067.png,small yellow rubber cube,large purple metal sphere,a_front,medium,a_front,True,a_front,True,b_front,False,b_front,False,b_front,False,a_front,True
CLEVR_val_000041.png,large gray rubber sphere,large red metal sphere,a_front,large,b_front,False,a_front,True,b_front,False,b_front,False,b_front,False,a_front,True
CLEVR_val_000169.png,small yellow rubber cylinder,large cyan rubber sphere,b_front,large,a_front,False,b_front,True,a_front,False,b_front,True,b_front,True,a_front,False
CLEVR_val_000274.png,small purple rubber cube,large yellow metal cube,a_front,large,b_front,False,a_front,True,b_front,False,b_front,False,b_front,False,a_front,True
CLEVR_val_000127.png,large purple rubber cylinder,large blue rubber cylinder,b_front,large,a_front,False,b_front,True,a_front,False,a_front,False,a_front,False,b_front,True
CLEVR_val_000175.png,small red rubber cylinder,small purple metal sphere,a_front,large,b_front,False,a_front,True,b_front,False,b_front,False,b_front,False,a_front,True
CLEVR_val_000236.png,small brown metal cube,large gray rubber cube,a_front,medium,a_front,True,a_front,True,b_front,False,b_front,False,b_front,False,a_front,True
CLEVR_val_000241.png,small gray rubber sphere,small yellow rubber cube,a_front,medium,b_front,False,a_front,True,b_front,False,b_front,False,a_front,True,b_front,False
CLEVR_val_000039.png,small red metal cylinder,small yellow metal cylinder,a_front,large,a_front,True,a_front,True,b_front,False,a_front,True,a_front,True,b_front,False
CLEVR_val_000165.png,large red metal cube,large cyan rubber cube,a_front,large,b_front,False,a_front,True,b_front,False,b_front,False,a_front,True,b_front,False
CLEVR_val_000073.png,small blue metal sphere,small green metal cylinder,b_front,large,a_front,False,b_front,True,a_front,False,a_front,False,b_front,True,a_front,False
CLEVR_val_000204.png,large green rubber sphere,large cyan rubber sphere,b_front,small,b_front,True,b_front,True,a_front,False,b_front,True,a_front,False,b_front,True
CLEVR_val_000007.png,small brown rubber cube,small gray rubber sphere,b_front,large,a_front,False,b_front,True,a_front,False,a_front,False,a_front,False,b_front,True
CLEVR_val_000024.png,large purple metal cylinder,large gray rubber sphere,b_front,large,b_front,True,b_front,True,a_front,False,b_front,True,a_front,False,b_front,True
CLEVR_val_000028.png,large yellow rubber sphere,small brown metal sphere,a_front,medium,a_front,True,a_front,True,b_front,False,a_front,True,a_front,True,b_front,False
CLEVR_val_000027.png,large gray rubber cube,large cyan rubber cylinder,b_front,small,b_front,True,b_front,True,a_front,False,b_front,True,a_front,False,b_front,True
CLEVR_val_000219.png,large red metal cube,large red metal sphere,a_front,large,a_front,True,a_front,True,b_front,False,a_front,True,b_front,False,a_front,True
CLEVR_val_000227.png,small red rubber cylinder,small red rubber cube,b_front,large,b_front,True,b_front,True,a_front,False,b_front,True,b_front,True,a_front,False
CLEVR_val_000008.png,large purple metal sphere,small brown rubber sphere,b_front,large,a_front,False,b_front,True,a_front,False,a_front,False,b_front,True,a_front,False
CLEVR_val_000266.png,large brown rubber sphere,small brown metal cylinder,b_front,medium,b_front,True,b_front,True,a_front,False,a_front,False,b_front,True,a_front,False
CLEVR_val_000273.png,small cyan rubber cube,large brown rubber cube,a_front,large,a_front,True,a_front,True,b_front,False,b_front,False,b_front,False,a_front,True
CLEVR_val_000121.png,small green rubber sphere,small red rubber cylinder,b_front,large,b_front,True,b_front,True,a_front,False,b_front,True,b_front,True,a_front,False
CLEVR_val_000255.png,small cyan rubber cube,large purple metal cube,a_front,large,a_front,True,a_front,True,b_front,False,b_front,False,a_front,True,b_front,False
CLEVR_val_000200.png,large brown metal cube,large green metal sphere,a_front,medium,b_front,False,a_front,True,b_front,False,b_front,False,a_front,True,b_front,False
CLEVR_val_000090.png,small cyan rubber cylinder,small gray metal sphere,a_front,large,a_front,True,a_front,True,b_front,False,a_front,True,b_front,False,a_front,True
CLEVR_val_000072.png,small yellow metal sphere,large blue metal cylinder,a_front,large,b_front,False,a_front,True,b_front,False,b_front,False,a_front,True,b_front,False
CLEVR_val_000219.png,large gray metal sphere,small yellow metal cube,b_front,large,a_front,False,b_front,True,a_front,False,a_front,False,b_front,True,a_front,False
CLEVR_val_000127.png,large cyan metal cylinder,large blue rubber cylinder,b_front,large,b_front,True,b_front,True,a_front,False,b_front,True,a_front,False,b_front,True
CLEVR_val_000157.png,small brown rubber cylinder,large cyan rubber cylinder,a_front,medium,a_front,True,a_front,True,b_front,False,b_front,False,a_front,True,b_front,False
CLEVR_val_000196.png,large cyan rubber sphere,large gray metal sphere,b_front,large,b_front,True,b_front,True,a_front,False,b_front,True,b_front,True,a_front,False
CLEVR_val_000123.png,small brown metal cube,large cyan metal cylinder,b_front,small,a_front,False,a_front,False,b_front,True,b_front,True,b_front,True,a_front,False
CLEVR_val_000244.png,small yellow metal cylinder,large purple metal cube,a_front,large,b_front,False,a_front,True,b_front,False,b_front,False,a_front,True,b_front,False
CLEVR_val_000138.png,large blue metal sphere,large purple rubber cylinder,b_front,medium,a_front,False,b_front,True,a_front,False,a_front,False,b_front,True,a_front,False
CLEVR_val_000191.png,small red metal sphere,small red rubber sphere,b_front,medium,b_front,True,b_front,True,a_front,False,b_front,True,a_front,False,b_front,True
CLEVR_val_000032.png,small cyan metal cylinder,small green metal cube,b_front,large,a_front,False,b_front,True,a_front,False,a_front,False,b_front,True,a_front,False
CLEVR_val_000196.png,large cyan rubber sphere,large green metal cube,a_front,medium,b_front,False,a_front,True,b_front,False,b_front,False,a_front,True,b_front,False
CLEVR_val_000102.png,small gray metal sphere,small red rubber cube,a_front,large,a_front,True,a_front,True,b_front,False,a_front,True,a_front,True,b_front,False
CLEVR_val_000111.png,small yellow metal cube,large green rubber sphere,b_front,medium,b_front,True,b_front,True,a_front,False,b_front,True,b_front,True,a_front,False
CLEVR_val_000022.png,large green rubber cube,large yellow metal cube,a_front,large,a_front,True,a_front,True,b_front,False,a_front,True,a_front,True,b_front,False
CLEVR_val_000023.png,small yellow metal cylinder,large brown rubber cube,a_front,small,b_front,False,a_front,True,b_front,False,b_front,False,a_front,True,b_front,False
CLEVR_val_000109.png,small gray rubber cylinder,large brown rubber cube,a_front,small,a_front,True,a_front,True,b_front,False,b_front,False,b_front,False,a_front,True
CLEVR_val_000078.png,small gray rubber cylinder,small gray metal cylinder,b_front,large,b_front,True,b_front,True,a_front,False,b_front,True,b_front,True,a_front,False
CLEVR_val_000140.png,small cyan rubber cylinder,small purple rubber cylinder,a_front,large,a_front,True,a_front,True,b_front,False,a_front,True,a_front,True,b_front,False
CLEVR_val_000181.png,small brown metal cube,small yellow metal cylinder,b_front,small,b_front,True,b_front,True,a_front,False,b_front,True,a_front,False,b_front,True
CLEVR_val_000041.png,large purple metal sphere,large brown metal cube,a_front,large,a_front,True,a_front,True,b_front,False,a_front,True,b_front,False,a_front,True
CLEVR_val_000051.png,small red rubber cylinder,large brown rubber cylinder,b_front,medium,b_front,True,b_front,True,a_front,False,b_front,True,a_front,False,b_front,True
CLEVR_val_000023.png,large brown rubber sphere,small yellow metal cylinder,a_front,medium,a_front,True,a_front,True,b_front,False,a_front,True,b_front,False,a_front,True
CLEVR_val_000002.png,small blue metal cube,small brown metal cylinder,a_front,large,b_front,False,a_front,True,b_front,False,b_front,False,a_front,True,b_front,False
CLEVR_val_000212.png,large cyan rubber cube,large blue rubber cylinder,a_front,medium,a_front,True,a_front,True,b_front,False,a_front,True,b_front,False,a_front,True
CLEVR_val_000087.png,large brown metal cylinder,large purple metal cylinder,b_front,large,b_front,True,b_front,True,a_front,False,b_front,True,b_front,True,a_front,False
CLEVR_val_000042.png,small blue metal cylinder,small yellow metal sphere,a_front,small,a_front,True,a_front,True,b_front,False,a_front,True,b_front,False,a_front,True
CLEVR_val_000036.png,small cyan metal cube,small green rubber cube,b_front,large,b_front,True,b_front,True,a_front,False,b_front,True,b_front,True,a_front,False
CLEVR_val_000160.png,large cyan rubber cube,small blue metal cylinder,a_front,small,a_front,True,b_front,False,a_front,True,a_front,True,b_front,False,a_front,True
CLEVR_val_000121.png,small green rubber sphere,large purple metal sphere,a_front,small,b_front,False,a_front,True,b_front,False,b_front,False,b_front,False,a_front,True
CLEVR_val_000020.png,large gray metal cube,large cyan metal sphere,a_front,large,a_front,True,a_front,True,b_front,False,a_front,True,a_front,True,b_front,False
CLEVR_val_000101.png,small cyan metal cube,small green rubber sphere,a_front,large,b_front,False,a_front,True,b_front,False,b_front,False,b_front,False,a_front,True
CLEVR_val_000192.png,small green rubber cube,small purple rubber sphere,a_front,large,a_front,True,a_front,True,b_front,False,a_front,True,b_front,False,a_front,True
CLEVR_val_000002.png,small green metal sphere,large gray rubber cylinder,b_front,large,b_front,True,b_front,True,a_front,False,b_front,True,b_front,True,a_front,False
CLEVR_val_000121.png,large blue metal cylinder,small purple rubber cube,b_front,large,a_front,False,b_front,True,a_front,False,a_front,False,b_front,True,a_front,False
CLEVR_val_000155.png,large blue metal sphere,small blue rubber cylinder,b_front,large,b_front,True,b_front,True,a_front,False,a_front,False,a_front,False,b_front,True
CLEVR_val_000078.png,large gray rubber cylinder,small brown metal cylinder,b_front,large,a_front,False,b_front,True,a_front,False,a_front,False,a_front,False,b_front,True
CLEVR_val_000173.png,large green metal sphere,large purple rubber cube,a_front,large,b_front,False,a_front,True,b_front,False,b_front,False,a_front,True,b_front,False
CLEVR_val_000237.png,small blue rubber sphere,small red rubber cylinder,b_front,small,a_front,False,b_front,True,a_front,False,a_front,False,a_front,False,b_front,True
CLEVR_val_000227.png,small cyan rubber sphere,small red rubber cube,b_front,small,b_front,True,b_front,True,a_front,False,b_front,True,b_front,True,a_front,False
CLEVR_val_000234.png,large red metal cube,large cyan rubber cube,b_front,medium,a_front,False,b_front,True,a_front,False,a_front,False,b_front,True,a_front,False
CLEVR_val_000229.png,small gray metal sphere,large yellow metal cube,b_front,large,b_front,True,b_front,True,a_front,False,b_front,True,b_front,True,a_front,False
CLEVR_val_000157.png,small blue rubber cube,small brown metal cylinder,a_front,large,a_front,True,a_front,True,b_front,False,a_front,True,a_front,True,b_front,False
CLEVR_val_000285.png,large blue rubber sphere,large yellow metal sphere,b_front,large,b_front,True,b_front,True,a_front,False,b_front,True,a_front,False,b_front,True
CLEVR_val_000203.png,small gray metal cube,large green rubber cylinder,a_front,medium,a_front,True,a_front,True,b_front,False,b_front,False,b_front,False,a_front,True
CLEVR_val_000258.png,large gray metal sphere,small gray metal sphere,a_front,large,b_front,False,a_front,True,b_front,False,a_front,True,b_front,False,a_front,True
CLEVR_val_000222.png,small red metal cylinder,large blue rubber sphere,a_front,large,a_front,True,a_front,True,b_front,False,b_front,False,a_front,True,b_front,False
CLEVR_val_000152.png,small blue rubber cylinder,small brown metal sphere,a_front,large,b_front,False,a_front,True,b_front,False,b_front,False,b_front,False,a_front,True
CLEVR_val_000073.png,small green metal cylinder,small blue rubber cube,a_front,medium,a_front,True,a_front,True,b_front,False,a_front,True,b_front,False,a_front,True
CLEVR_val_000197.png,small blue rubber cylinder,small green rubber sphere,b_front,small,b_front,True,b_front,True,a_front,False,b_front,True,b_front,True,a_front,False
CLEVR_val_000081.png,large blue metal cylinder,large green metal cylinder,b_front,large,a_front,False,b_front,True,a_front,False,a_front,False,b_front,True,a_front,False
CLEVR_val_000232.png,large cyan metal sphere,large gray rubber cube,a_front,large,b_front,False,a_front,True,b_front,False,b_front,False,b_front,False,a_front,True
CLEVR_val_000284.png,small blue rubber cube,large purple rubber sphere,a_front,large,a_front,True,a_front,True,b_front,False,b_front,False,b_front,False,a_front,True
CLEVR_val_000025.png,small cyan metal cylinder,small yellow rubber cube,b_front,large,b_front,True,b_front,True,a_front,False,b_front,True,b_front,True,a_front,False
CLEVR_val_000109.png,small yellow rubber cylinder,small purple rubber cylinder,b_front,medium,a_front,False,b_front,True,a_front,False,a_front,False,a_front,False,b_front,True
CLEVR_val_000277.png,small purple metal cylinder,small cyan metal sphere,a_front,large,b_front,False,a_front,True,b_front,False,b_front,False,b_front,False,a_front,True
CLEVR_val_000022.png,large green rubber cube,large blue metal sphere,a_front,large,a_front,True,a_front,True,b_front,False,a_front,True,a_front,True,b_front,False
CLEVR_val_000165.png,large brown rubber cube,large brown metal cube,a_front,large,b_front,False,a_front,True,b_front,False,b_front,False,b_front,False,a_front,True
CLEVR_val_000116.png,small blue rubber sphere,large yellow metal cylinder,a_front,medium,a_front,True,a_front,True,b_front,False,b_front,False,a_front,True,b_front,False
CLEVR_val_000100.png,small cyan rubber sphere,small green rubber sphere,a_front,small,b_front,False,a_front,True,b_front,False,b_front,False,a_front,True,b_front,False
CLEVR_val_000036.png,large cyan metal cube,small cyan metal cube,a_front,large,a_front,True,a_front,True,b_front,False,a_front,True,b_front,False,a_front,True
CLEVR_val_000149.png,large cyan rubber sphere,large red rubber sphere,b_front,large,b_front,True,b_front,True,a_front,False,b_front,True,b_front,True,a_front,False
CLEVR_val_000232.png,small brown metal sphere,small purple metal cube,b_front,large,a_front,False,b_front,True,a_front,False,a_front,False,a_front,False,b_front,True
CLEVR_val_000270.png,small gray metal cylinder,large gray rubber cylinder,a_front,large,b_front,False,a_front,True,b_front,False,b_front,False,b_front,False,a_front,True
CLEVR_val_000152.png,small brown metal cylinder,small cyan metal sphere,b_front,large,a_front,False,b_front,True,a_front,False,a_front,False,b_front,True,a_front,False
CLEVR_val_000169.png,large blue rubber cylinder,large green metal cube,b_front,large,b_front,True,b_front,True,a_front,False,b_front,True,a_front,False,b_front,True
CLEVR_val_000094.png,small blue metal cylinder,large blue metal cube,a_front,medium,a_front,True,a_front,True,b_front,False,b_front,False,a_front,True,b_front,False
CLEVR_val_000242.png,large yellow metal sphere,large green rubber cube,a_front,medium,b_front,False,a_front,True,b_front,False,b_front,False,a_front,True,b_front,False
CLEVR_val_000051.png,small red metal sphere,large cyan rubber cylinder,a_front,large,a_front,True,a_front,True,b_front,False,b_front,False,b_front,False,a_front,True
CLEVR_val_000024.png,large purple metal cylinder,large blue metal cube,b_front,large,b_front,True,b_front,True,a_front,False,b_front,True,b_front,True,a_front,False
CLEVR_val_000152.png,small blue rubber cylinder,small green metal sphere,a_front,large,a_front,True,a_front,True,b_front,False,a_front,True,a_front,True,b_front,False
CLEVR_val_000257.png,large gray metal cylinder,large purple rubber cylinder,b_front,large,b_front,True,b_front,True,a_front,False,b_front,True,a_front,False,b_front,True
CLEVR_val_000165.png,large blue metal cylinder,large red metal cube,b_front,large,a_front,False,b_front,True,a_front,False,a_front,False,a_front,False,b_front,True
CLEVR_val_000254.png,small cyan rubber cube,large brown metal sphere,b_front,large,b_front,True,b_front,True,a_front,False,b_front,True,a_front,False,b_front,True
CLEVR_val_000243.png,small green rubber cube,large cyan metal sphere,a_front,medium,a_front,True,a_front,True,b_front,False,b_front,False,b_front,False,a_front,True
CLEVR_val_000015.png,large gray metal cylinder,small gray metal cube,a_front,medium,b_front,False,b_front,False,b_front,False,a_front,True,b_front,False,a_front,True
CLEVR_val_000181.png,small brown rubber sphere,large gray rubber sphere,b_front,medium,a_front,False,a_front,False,b_front,True,b_front,True,b_front,True,a_front,False
CLEVR_val_000002.png,small green metal sphere,small brown metal cylinder,a_front,large,b_front,False,a_front,True,b_front,False,b_front,False,b_front,False,a_front,True
CLEVR_val_000017.png,small cyan metal cylinder,small brown metal cylinder,a_front,large,a_front,True,a_front,True,b_front,False,a_front,True,b_front,False,a_front,True
CLEVR_val_000160.png,small brown rubber cylinder,small gray rubber cylinder,b_front,large,b_front,True,b_front,True,a_front,False,b_front,True,b_front,True,a_front,False
CLEVR_val_000103.png,small red metal cylinder,large yellow metal cylinder,b_front,medium,a_front,False,b_front,True,a_front,False,b_front,True,b_front,True,a_front,False
CLEVR_val_000225.png,small yellow rubber sphere,small cyan rubber cube,a_front,medium,b_front,False,a_front,True,b_front,False,b_front,False,b_front,False,a_front,True
CLEVR_val_000221.png,large gray metal sphere,small blue metal cylinder,a_front,large,a_front,True,a_front,True,b_front,False,a_front,True,a_front,True,b_front,False
CLEVR_val_000238.png,small purple rubber sphere,large purple rubber sphere,a_front,medium,b_front,False,a_front,True,b_front,False,b_front,False,b_front,False,a_front,True
CLEVR_val_000051.png,small red rubber cylinder,small yellow rubber cylinder,a_front,large,a_front,True,a_front,True,b_front,False,a_front,True,a_front,True,b_front,False
CLEVR_val_000180.png,small green metal sphere,small gray rubber cube,a_front,medium,b_front,False,a_front,True,b_front,False,b_front,False,b_front,False,a_front,True
CLEVR_val_000234.png,large green rubber cylinder,large cyan metal sphere,a_front,medium,a_front,True,a_front,True,b_front,False,a_front,True,b_front,False,a_front,True
CLEVR_val_000263.png,large purple metal cube,small gray rubber cylinder,a_front,medium,b_front,False,a_front,True,b_front,False,a_front,True,b_front,False,a_front,True
CLEVR_val_000232.png,small purple metal cube,large purple metal cylinder,a_front,large,a_front,True,a_front,True,b_front,False,b_front,False,a_front,True,b_front,False
CLEVR_val_000008.png,large yellow rubber cylinder,small purple rubber cylinder,b_front,large,b_front,True,b_front,True,a_front,False,a_front,False,a_front,False,b_front,True
CLEVR_val_000269.png,large cyan rubber cube,small red metal sphere,b_front,large,a_front,False,b_front,True,a_front,False,a_front,False,a_front,False,b_front,True
CLEVR_val_000277.png,small brown rubber cylinder,large purple rubber sphere,b_front,small,b_front,True,a_front,False,b_front,True,b_front,True,b_front,True,a_front,False
CLEVR_val_000080.png,large red metal cube,small cyan rubber cylinder,a_front,large,a_front,True,a_front,True,b_front,False,a_front,True,b_front,False,a_front,True
CLEVR_val_000246.png,small green rubber cylinder,small yellow metal cube,b_front,medium,b_front,True,b_front,True,a_front,False,b_front,True,b_front,True,a_front,False
CLEVR_val_000110.png,large red metal sphere,large cyan rubber sphere,a_front,large,a_front,True,a_front,True,b_front,False,a_front,True,b_front,False,a_front,True
CLEVR_val_000270.png,small red rubber cylinder,small brown metal cube,a_front,small,b_front,False,a_front,True,b_front,False,b_front,False,a_front,True,b_front,False
CLEVR_val_000266.png,large brown rubber cylinder,small brown metal cube,b_front,large,a_front,False,b_front,True,a_front,False,a_front,False,b_front,True,a_front,False
CLEVR_val_000056.png,small red rubber sphere,large red rubber sphere,a_front,large,b_front,False,a_front,True,b_front,False,b_front,False,b_front,False,a_front,True
CLEVR_val_000158.png,small cyan metal sphere,small cyan rubber sphere,a_front,medium,a_front,True,a_front,True,b_front,False,a_front,True,a_front,True,b_front,False
CLEVR_val_000173.png,large blue rubber cube,small cyan rubber cylinder,b_front,medium,b_front,True,b_front,True,a_front,False,a_front,False,b_front,True,a_front,False
CLEVR_val_000231.png,large cyan metal cylinder,large red metal cylinder,b_front,large,a_front,False,b_front,True,a_front,False,a_front,False,a_front,False,b_front,True
CLEVR_val_000121.png,large purple metal sphere,small purple rubber cube,b_front,medium,b_front,True,b_front,True,a_front,False,a_front,False,b_front,True,a_front,False
CLEVR_val_000204.png,large green rubber sphere,small blue metal sphere,a_front,large,a_front,True,a_front,True,b_front,False,a_front,True,a_front,True,b_front,False
CLEVR_val_000071.png,small gray metal cylinder,large gray rubber cylinder,b_front,large,b_front,True,b_front,True,a_front,False,b_front,True,a_front,False,b_front,True
CLEVR_val_000028.png,large purple metal sphere,large brown rubber cube,b_front,large,a_front,False,b_front,True,a_front,False,a_front,False,a_front,False,b_front,True
CLEVR_val_000138.png,small red metal sphere,large purple rubber cylinder,a_front,small,b_front,False,a_front,True,b_front,False,b_front,False,b_front,False,a_front,True
CLEVR_val_000151.png,small red metal cube,small yellow rubber cube,b_front,medium,a_front,False,b_front,True,a_front,False,a_front,False,a_front,False,b_front,True
CLEVR_val_000234.png,large red metal cube,small gray metal sphere,b_front,large,b_front,True,b_front,True,a_front,False,a_front,False,b_front,True,a_front,False
CLEVR_val_000185.png,large purple rubber sphere,large red rubber cube,b_front,medium,a_front,False,b_front,True,a_front,False,a_front,False,a_front,False,b_front,True
CLEVR_val_000041.png,large purple metal sphere,large cyan rubber cylinder,a_front,large,b_front,False,a_front,True,b_front,False,b_front,False,b_front,False,a_front,True
CLEVR_val_000236.png,small cyan rubber sphere,small brown metal sphere,a_front,medium,a_front,True,a_front,True,b_front,False,a_front,True,b_front,False,a_front,True
CLEVR_val_000009.png,small gray rubber cube,small blue metal cube,a_front,large,b_front,False,a_front,True,b_front,False,b_front,False,a_front,True,b_front,False
CLEVR_val_000071.png,large brown rubber cube,small purple rubber cylinder,a_front,large,a_front,True,a_front,True,b_front,False,a_front,True,a_front,True,b_front,False
CLEVR_val_000193.png,small gray rubber cylinder,large cyan rubber cube,a_front,small,b_front,False,a_front,True,b_front,False,b_front,False,a_front,True,b_front,False
CLEVR_val_000174.png,small blue rubber cube,small yellow metal sphere,a_front,large,a_front,True,a_front,True,b_front,False,a_front,True,a_front,True,b_front,False
CLEVR_val_000200.png,large brown metal cube,small cyan rubber cylinder,a_front,small,b_front,False,b_front,False,a_front,True,a_front,True,a_front,True,b_front,False
CLEVR_val_000195.png,small cyan rubber cube,small purple metal sphere,a_front,large,a_front,True,a_front,True,b_front,False,a_front,True,a_front,True,b_front,False
CLEVR_val_000072.png,large yellow metal cylinder,small green rubber cylinder,a_front,large,b_front,False,a_front,True,b_front,False,a_front,True,b_front,False,a_front,True
CLEVR_val_000234.png,large green rubber cylinder,large gray rubber cube,a_front,medium,a_front,True,a_front,True,b_front,False,a_front,True,a_front,True,b_front,False
CLEVR_val_000158.png,large gray metal sphere,large green rubber cylinder,b_front,large,b_front,True,b_front,True,a_front,False,b_front,True,a_front,False,b_front,True
CLEVR_val_000274.png,large cyan rubber cube,small purple rubber cube,b_front,large,a_front,False,b_front,True,a_front,False,a_front,False,a_front,False,b_front,True
CLEVR_val_000260.png,large cyan metal sphere,small cyan rubber cube,a_front,large,b_front,False,a_front,True,b_front,False,a_front,True,b_front,False,a_front,True
CLEVR_val_000260.png,small yellow metal cube,small red rubber cylinder,b_front,large,a_front,False,b_front,True,a_front,False,a_front,False,b_front,True,a_front,False
CLEVR_val_000225.png,small gray metal cube,large brown rubber cube,b_front,medium,b_front,True,b_front,True,a_front,False,b_front,True,b_front,True,a_front,False
CLEVR_val_000200.png,large green metal sphere,small cyan rubber cylinder,b_front,medium,a_front,False,b_front,True,a_front,False,a_front,False,b_front,True,a_front,False
CLEVR_val_000204.png,large cyan rubber sphere,large red metal cylinder,b_front,large,b_front,True,b_front,True,a_front,False,b_front,True,b_front,True,a_front,False
CLEVR_val_000203.png,small gray metal sphere,small yellow rubber sphere,a_front,large,a_front,True,a_front,True,b_front,False,a_front,True,a_front,True,b_front,False
CLEVR_val_000121.png,large purple metal sphere,large blue rubber sphere,b_front,large,b_front,True,b_front,True,a_front,False,b_front,True,a_front,False,b_front,True
CLEVR_val_000152.png,large brown rubber sphere,small purple rubber cylinder,b_front,medium,a_front,False,b_front,True,a_front,False,a_front,False,a_front,False,b_front,True
CLEVR_val_000035.png,large cyan rubber cylinder,small yellow metal sphere,a_front,medium,b_front,False,a_front,True,b_front,False,a_front,True,a_front,True,b_front,False
CLEVR_val_000030.png,large green rubber sphere,small green rubber sphere,b_front,medium,a_front,False,b_front,True,a_front,False,a_front,False,a_front,False,b_front,True
CLEVR_val_000038.png,small brown metal cylinder,small red metal sphere,a_front,small,b_front,False,a_front,True,b_front,False,b_front,False,b_front,False,a_front,True
CLEVR_val_000025.png,small cyan rubber sphere,large gray rubber sphere,b_front,large,a_front,False,b_front,True,a_front,False,b_front,True,a_front,False,b_front,True
CLEVR_val_000149.png,large green rubber sphere,large red rubber sphere,b_front,large,b_front,True,b_front,True,a_front,False,b_front,True,b_front,True,a_front,False
CLEVR_val_000242.png,large green rubber cube,large red rubber sphere,b_front,large,a_front,False,b_front,True,a_front,False,a_front,False,b_front,True,a_front,False
CLEVR_val_000057.png,large gray rubber sphere,large purple metal cube,b_front,large,b_front,True,b_front,True,a_front,False,b_front,True,b_front,True,a_front,False
CLEVR_val_000041.png,small gray rubber cylinder,large gray rubber sphere,b_front,medium,a_front,False,b_front,True,a_front,False,b_front,True,b_front,True,a_front,False
CLEVR_val_000130.png,large purple rubber cube,large brown rubber cylinder,b_front,large,b_front,True,b_front,True,a_front,False,b_front,True,a_front,False,b_front,True
CLEVR_val_000193.png,large gray metal cube,small green metal sphere,b_front,small,a_front,False,b_front,True,a_front,False,a_front,False,b_front,True,a_front,False
CLEVR_val_000277.png,large purple rubber sphere,small cyan metal sphere,a_front,large,b_front,False,a_front,True,b_front,False,a_front,True,a_front,True,b_front,False
CLEVR_val_000077.png,small brown rubber sphere,large blue rubber cube,b_front,large,a_front,False,b_front,True,a_front,False,b_front,True,b_front,True,a_front,False
CLEVR_val_000165.png,large blue metal cylinder,large red metal cylinder,a_front,medium,b_front,False,a_front,True,b_front,False,b_front,False,a_front,True,b_front,False
CLEVR_val_000092.png,large green rubber sphere,small green metal sphere,a_front,large,a_front,True,a_front,True,b_front,False,a_front,True,a_front,True,b_front,False
CLEVR_val_000167.png,large blue rubber cylinder,large purple rubber cylinder,b_front,medium,b_front,True,b_front,True,a_front,False,b_front,True,a_front,False,b_front,True
CLEVR_val_000007.png,small brown rubber cube,small cyan rubber cylinder,b_front,large,a_front,False,b_front,True,a_front,False,a_front,False,b_front,True,a_front,False
CLEVR_val_000001.png,large purple metal sphere,small green metal cylinder,a_front,small,b_front,False,b_front,False,a_front,True,a_front,True,b_front,False,a_front,True
CLEVR_val_000028.png,small gray rubber cylinder,small blue rubber cube,a_front,small,a_front,True,a_front,True,b_front,False,a_front,True,b_front,False,a_front,True
CLEVR_val_000183.png,small purple rubber cylinder,large brown metal sphere,b_front,small,b_front,True,a_front,False,b_front,True,b_front,True,b_front,True,a_front,False
CLEVR_val_000138.png,large purple rubber cylinder,small green rubber sphere,a_front,small,a_front,True,a_front,True,b_front,False,a_front,True,a_front,True,b_front,False
CLEVR_val_000239.png,small green metal cylinder,small gray rubber cube,a_front,large,b_front,False,a_front,True,b_front,False,b_front,False,a_front,True,b_front,False
CLEVR_val_000037.png,small purple metal sphere,small blue rubber sphere,b_front,large,a_front,False,b_front,True,a_front,False,a_front,False,b_front,True,a_front,False
CLEVR_val_000169.png,large green rubber cylinder,large brown metal sphere,a_front,medium,b_front,False,a_front,True,b_front,False,b_front,False,b_front,False,a_front,True
CLEVR_val_000188.png,small red metal sphere,large purple metal cylinder,a_front,large,a_front,True,a_front,True,b_front,False,b_front,False,b_front,False,a_front,True
CLEVR_val_000140.png,large brown rubber cylinder,large green rubber cylinder,a_front,large,b_front,False,a_front,True,b_front,False,b_front,False,a_front,True,b_front,False
CLEVR_val_000092.png,large brown rubber sphere,large brown metal cylinder,a_front,large,a_front,True,a_front,True,b_front,False,a_front,True,b_front,False,a_front,True
CLEVR_val_000164.png,small purple metal cylinder,small gray metal cube,a_front,large,b_front,False,a_front,True,b_front,False,b_front,False,a_front,True,b_front,False
CLEVR_val_000111.png,small yellow metal cube,small gray metal cylinder,b_front,large,a_front,False,b_front,True,a_front,False,a_front,False,b_front,True,a_front,False
CLEVR_val_000106.png,large green rubber sphere,large blue metal cube,b_front,medium,b_front,True,b_front,True,a_front,False,b_front,True,a_front,False,b_front,True
CLEVR_val_000031.png,small blue rubber cube,small green rubber sphere,b_front,large,a_front,False,b_front,True,a_front,False,a_front,False,a_front,False,b_front,True
CLEVR_val_000042.png,large brown rubber cylinder,large yellow rubber sphere,a_front,large,b_front,False,a_front,True,b_front,False,b_front,False,b_front,False,a_front,True
CLEVR_val_000017.png,small yellow metal cylinder,large cyan rubber cube,a_front,large,a_front,True,a_front,True,b_front,False,b_front,False,b_front,False,a_front,True
CLEVR_val_000106.png,large yellow metal cube,large green rubber cube,b_front,medium,b_front,True,b_front,True,a_front,False,b_front,True,a_front,False,b_front,True
CLEVR_val_000110.png,small brown rubber cylinder,large cyan rubber sphere,b_front,large,a_front,False,b_front,True,a_front,False,b_front,True,b_front,True,a_front,False
CLEVR_val_000225.png,large yellow rubber sphere,small cyan rubber cube,b_front,small,b_front,True,b_front,True,a_front,False,a_front,False,b_front,True,a_front,False
CLEVR_val_000092.png,small green metal sphere,large brown metal cylinder,a_front,medium,a_front,True,a_front,True,b_front,False,b_front,False,a_front,True,b_front,False
CLEVR_val_000189.png,small red rubber cube,small gray metal cylinder,b_front,large,b_front,True,b_front,True,a_front,False,b_front,True,a_front,False,b_front,True
CLEVR_val_000277.png,small cyan rubber sphere,small yellow metal cube,a_front,large,a_front,True,a_front,True,b_front,False,a_front,True,b_front,False,a_front,True
CLEVR_val_000121.png,large blue metal cylinder,small cyan metal cylinder,a_front,large,b_front,False,a_front,True,b_front,False,a_front,True,b_front,False,a_front,True
CLEVR_val_000009.png,small purple metal cube,small gray metal sphere,b_front,large,a_front,False,b_front,True,a_front,False,a_front,False,b_front,True,a_front,False
CLEVR_val_000049.png,large yellow metal sphere,large yellow metal cylinder,b_front,large,b_front,True,b_front,True,a_front,False,b_front,True,b_front,True,a_front,False
CLEVR_val_000061.png,small brown rubber cube,small purple metal sphere,a_front,medium,a_front,True,a_front,True,b_front,False,a_front,True,b_front,False,a_front,True
CLEVR_val_000041.png,small gray metal sphere,large cyan rubber cylinder,b_front,medium,b_front,True,b_front,True,a_front,False,b_front,True,b_front,True,a_front,False
CLEVR_val_000268.png,small red rubber sphere,large yellow metal cube,a_front,large,a_front,True,a_front,True,b_front,False,b_front,False,b_front,False,a_front,True
CLEVR_val_000059.png,large blue metal sphere,large brown rubber sphere,a_front,large,b_front,False,a_front,True,b_front,False,b_front,False,a_front,True,b_front,False
CLEVR_val_000165.png,large red metal cylinder,large cyan rubber cube,a_front,medium,a_front,True,a_front,True,b_front,False,a_front,True,a_front,True,b_front,False
CLEVR_val_000225.png,large brown metal cube,large gray rubber cube,a_front,medium,b_front,False,a_front,True,b_front,False,b_front,False,b_front,False,a_front,True
CLEVR_val_000191.png,large gray metal sphere,small red rubber cylinder,b_front,medium,a_front,False,b_front,True,a_front,False,a_front,False,a_front,False,b_front,True
CLEVR_val_000047.png,large cyan rubber cylinder,small cyan rubber sphere,a_front,large,b_front,False,a_front,True,b_front,False,a_front,True,a_front,True,b_front,False
CLEVR_val_000023.png,small yellow metal sphere,large brown rubber cube,a_front,large,a_front,True,a_front,True,b_front,False,b_front,False,a_front,True,b_front,False
CLEVR_val_000240.png,large blue metal cube,large purple metal cylinder,b_front,small,b_front,True,b_front,True,a_front,False,b_front,True,a_front,False,b_front,True
CLEVR_val_000081.png,small brown metal sphere,large red rubber sphere,a_front,large,a_front,True,a_front,True,b_front,False,b_front,False,a_front,True,b_front,False
CLEVR_val_000234.png,large purple rubber cube,large cyan metal sphere,a_front,large,b_front,False,a_front,True,b_front,False,b_front,False,a_front,True,b_front,False
CLEVR_val_000221.png,small gray rubber cylinder,large cyan metal sphere,a_front,large,a_front,True,a_front,True,b_front,False,b_front,False,a_front,True,b_front,False
CLEVR_val_000194.png,small purple rubber sphere,large yellow metal cylinder,a_front,medium,b_front,False,a_front,True,b_front,False,b_front,False,b_front,False,a_front,True
CLEVR_val_000145.png,small green metal sphere,small gray metal cube,a_front,medium,a_front,True,a_front,True,b_front,False,a_front,True,b_front,False,a_front,True
CLEVR_val_000015.png,large gray rubber sphere,small gray metal cube,a_front,large,b_front,False,a_front,True,b_front,False,a_front,True,a_front,True,b_front,False
CLEVR_val_000121.png,large purple metal sphere,large purple metal cube,b_front,large,a_front,False,b_front,True,a_front,False,a_front,False,a_front,False,b_front,True
CLEVR_val_000174.png,small green metal cube,large green metal sphere,a_front,large,b_front,False,a_front,True,b_front,False,b_front,False,a_front,True,b_front,False
CLEVR_val_000164.png,small purple metal cylinder,large cyan metal cylinder,a_front,medium,a_front,True,a_front,True,b_front,False,b_front,False,a_front,True,b_front,False
CLEVR_val_000105.png,large red metal sphere,large purple rubber sphere,a_front,medium,b_front,False,a_front,True,b_front,False,b_front,False,b_front,False,a_front,True
CLEVR_val_000084.png,large brown metal sphere,small green rubber sphere,b_front,medium,a_front,False,b_front,True,a_front,False,a_front,False,b_front,True,a_front,False
CLEVR_val_000164.png,small brown metal cylinder,small purple metal cylinder,b_front,large,b_front,True,b_front,True,a_front,False,b_front,True,b_front,True,a_front,False
CLEVR_val_000055.png,small cyan rubber cylinder,large yellow metal cylinder,a_front,large,a_front,True,a_front,True,b_front,False,b_front,False,a_front,True,b_front,False
CLEVR_val_000030.png,large green rubber sphere,small yellow metal cube,b_front,large,b_front,True,b_front,True,a_front,False,a_front,False,b_front,True,a_front,False
CLEVR_val_000188.png,small red rubber sphere,small red metal sphere,b_front,large,a_front,False,b_front,True,a_front,False,a_front,False,a_front,False,b_front,True
CLEVR_val_000222.png,small red metal cylinder,small yellow metal cube,a_front,large,b_front,False,a_front,True,b_front,False,b_front,False,a_front,True,b_front,False
CLEVR_val_000036.png,large red metal sphere,small yellow metal cylinder,a_front,large,a_front,True,a_front,True,b_front,False,a_front,True,a_front,True,b_front,False
CLEVR_val_000020.png,large cyan metal cylinder,large cyan rubber cylinder,b_front,small,b_front,True,b_front,True,a_front,False,b_front,True,b_front,True,a_front,False
CLEVR_val_000201.png,small purple metal cylinder,large green metal cylinder,b_front,large,a_front,False,b_front,True,a_front,False,b_front,True,a_front,False,b_front,True
CLEVR_val_000154.png,large blue rubber cylinder,large purple rubber cylinder,a_front,large,b_front,False,a_front,True,b_front,False,b_front,False,b_front,False,a_front,True
CLEVR_val_000149.png,large purple metal sphere,large red rubber sphere,b_front,large,a_front,False,b_front,True,a_front,False,a_front,False,a_front,False,b_front,True
CLEVR_val_000225.png,small gray metal cube,small cyan rubber cube,a_front,small,b_front,False,a_front,True,b_front,False,b_front,False,b_front,False,a_front,True
CLEVR_val_000019.png,small brown metal cube,large cyan rubber cylinder,b_front,large,a_front,False,b_front,True,a_front,False,b_front,True,b_front,True,a_front,False
CLEVR_val_000204.png,small brown metal sphere,large green rubber sphere,b_front,small,b_front,True,a_front,False,b_front,True,b_front,True,b_front,True,a_front,False
CLEVR_val_000188.png,small red rubber sphere,large green rubber sphere,b_front,large,a_front,False,b_front,True,a_front,False,b_front,True,a_front,False,b_front,True
CLEVR_val_000283.png,small yellow rubber sphere,large red rubber cube,a_front,large,b_front,False,a_front,True,b_front,False,b_front,False,a_front,True,b_front,False
CLEVR_val_000273.png,small cyan metal sphere,large purple metal sphere,b_front,medium,a_front,False,b_front,True,a_front,False,b_front,True,a_front,False,b_front,True
CLEVR_val_000001.png,small yellow metal cube,small cyan metal cube,a_front,medium,b_front,False,a_front,True,b_front,False,b_front,False,b_front,False,a_front,True
CLEVR_val_000188.png,small green rubber sphere,large brown rubber cylinder,a_front,small,a_front,True,a_front,True,b_front,False,b_front,False,b_front,False,a_front,True
CLEVR_val_000130.png,large brown metal cylinder,small brown rubber cube,b_front,large,b_front,True,b_front,True,a_front,False,a_front,False,b_front,True,a_front,False
CLEVR_val_000199.png,small gray metal cube,large yellow metal sphere,a_front,large,a_front,True,a_front,True,b_front,False,b_front,False,b_front,False,a_front,True
CLEVR_val_000287.png,small blue metal cylinder,large green metal cylinder,a_front,large,b_front,False,a_front,True,b_front,False,b_front,False,a_front,True,b_front,False
CLEVR_val_000067.png,large gray metal sphere,small cyan metal cylinder,a_front,large,a_front,True,a_front,True,b_front,False,a_front,True,a_front,True,b_front,False
CLEVR_val_000092.png,large brown rubber sphere,large green rubber sphere,b_front,large,b_front,True,b_front,True,a_front,False,b_front,True,b_front,True,a_front,False
CLEVR_val_000026.png,small purple rubber cylinder,small brown rubber cube,a_front,small,a_front,True,a_front,True,b_front,False,a_front,True,a_front,True,b_front,False
CLEVR_val_000287.png,large gray metal cylinder,small brown rubber sphere,a_front,medium,b_front,False,a_front,True,b_front,False,a_front,True,b_front,False,a_front,True
CLEVR_val_000163.png,small cyan metal sphere,small cyan rubber cube,a_front,large,a_front,True,a_front,True,b_front,False,a_front,True,a_front,True,b_front,False
CLEVR_val_000002.png,large purple metal cube,small green metal sphere,b_front,large,b_front,True,b_front,True,a_front,False,a_front,False,b_front,True,a_front,False
CLEVR_val_000020.png,large blue rubber cube,large cyan metal sphere,a_front,large,a_front,True,a_front,True,b_front,False,a_front,True,a_front,True,b_front,False
CLEVR_val_000084.png,small green rubber sphere,small green rubber cube,b_front,medium,b_front,True,b_front,True,a_front,False,b_front,True,b_front,True,a_front,False
CLEVR_val_000085.png,large brown rubber cube,small purple rubber sphere,a_front,medium,a_front,True,a_front,True,b_front,False,a_front,True,b_front,False,a_front,True
CLEVR_val_000138.png,small red metal sphere,large blue metal sphere,a_front,large,b_front,False,a_front,True,b_front,False,b_front,False,a_front,True,b_front,False
CLEVR_val_000287.png,large blue metal sphere,small green rubber cube,a_front,large,a_front,True,a_front,True,b_front,False,a_front,True,b_front,False,a_front,True
CLEVR_val_000222.png,small red metal cylinder,small blue rubber sphere,a_front,large,b_front,False,a_front,True,b_front,False,b_front,False,b_front,False,a_front,True
CLEVR_val_000159.png,large blue metal sphere,small brown metal cube,b_front,medium,a_front,False,b_front,True,a_front,False,a_front,False,a_front,False,b_front,True
CLEVR_val_000188.png,small green rubber sphere,large green rubber sphere,b_front,large,b_front,True,b_front,True,a_front,False,b_front,True,a_front,False,b_front,True
CLEVR_val_000157.png,large cyan rubber cylinder,large green rubber cylinder,b_front,small,a_front,False,b_front,True,a_front,False,a_front,False,b_front,True,a_front,False
CLEVR_val_000168.png,large yellow metal cylinder,large gray metal sphere,a_front,medium,b_front,False,a_front,True,b_front,False,b_front,False,a_front,True,b_front,False
CLEVR_val_000002.png,small blue metal cube,large gray rubber cylinder,b_front,large,a_front,False,b_front,True,a_front,False,b_front,True,a_front,False,b_front,True
CLEVR_val_000255.png,large purple metal cube,large green metal cylinder,b_front,large,b_front,True,b_front,True,a_front,False,b_front,True,b_front,True,a_front,False
CLEVR_val_000009.png,small brown metal sphere,large blue rubber cube,b_front,small,a_front,False,a_front,False,b_front,True,b_front,True,a_front,False,b_front,True
CLEVR_val_000116.png,small cyan metal sphere,small yellow metal cylinder,a_front,large,b_front,False,a_front,True,b_front,False,b_front,False,b_front,False,a_front,True
CLEVR_val_000087.png,large green metal sphere,large brown metal cylinder,a_front,large,a_front,True,a_front,True,b_front,False,a_front,True,a_front,True,b_front,False
CLEVR_val_000228.png,small red metal cylinder,small blue metal cube,b_front,large,b_front,True,b_front,True,a_front,False,b_front,True,b_front,True,a_front,False
CLEVR_val_000175.png,large blue metal cube,large gray rubber cube,b_front,small,a_front,False,b_front,True,a_front,False,a_front,False,a_front,False,b_front,True
CLEVR_val_000079.png,small green metal cylinder,small purple metal sphere,a_front,small,b_front,False,a_front,True,b_front,False,b_front,False,b_front,False,a_front,True
CLEVR_val_000166.png,small purple metal cube,small cyan metal cylinder,b_front,large,a_front,False,b_front,True,a_front,False,a_front,False,a_front,False,b_front,True
CLEVR_val_000018.png,large red metal cylinder,large cyan metal cylinder,b_front,medium,b_front,True,b_front,True,a_front,False,b_front,True,a_front,False,b_front,True
CLEVR_val_000023.png,small green rubber cube,large brown rubber sphere,b_front,large,a_front,False,b_front,True,a_front,False,b_front,True,b_front,True,a_front,False
CLEVR_val_000175.png,large blue metal sphere,small purple metal sphere,a_front,large,b_front,False,a_front,True,b_front,False,a_front,True,b_front,False,a_front,True
CLEVR_val_000023.png,small yellow metal cylinder,large gray metal cylinder,b_front,medium,a_front,False,b_front,True,a_front,False,b_front,True,b_front,True,a_front,False
CLEVR_val_000231.png,large purple rubber cube,large red metal cylinder,b_front,large,b_front,True,b_front,True,a_front,False,b_front,True,a_front,False,b_front,True
CLEVR_val_000160.png,small green metal cube,large green metal cube,a_front,large,a_front,True,a_front,True,b_front,False,b_front,False,a_front,True,b_front,False
CLEVR_val_000123.png,small gray metal sphere,large cyan metal cube,b_front,large,b_front,True,b_front,True,a_front,False,b_front,True,b_front,True,a_front,False
CLEVR_val_000183.png,small yellow metal cube,small green metal cube,b_front,small,a_front,False,b_front,True,a_front,False,a_front,False,b_front,True,a_front,False
CLEVR_val_000045.png,small yellow rubber cylinder,large purple metal sphere,a_front,large,b_front,False,a_front,True,b_front,False,b_front,False,b_front,False,a_front,True
CLEVR_val_000071.png,small purple rubber cylinder,large gray rubber cylinder,b_front,large,a_front,False,b_front,True,a_front,False,b_front,True,a_front,False,b_front,True
CLEVR_val_000212.png,large cyan rubber cube,small green rubber cube,a_front,large,b_front,False,a_front,True,b_front,False,a_front,True,a_front,True,b_front,False
CLEVR_val_000110.png,large blue rubber cylinder,large cyan rubber sphere,a_front,small,a_front,True,a_front,True,b_front,False,a_front,True,b_front,False,a_front,True
CLEVR_val_000138.png,large blue metal sphere,small green rubber sphere,b_front,small,b_front,True,b_front,True,a_front,False,a_front,False,a_front,False,b_front,True
CLEVR_val_000013.png,small red metal cube,small red rubber sphere,b_front,small,a_front,False,b_front,True,a_front,False,a_front,False,a_front,False,b_front,True
CLEVR_val_000031.png,small blue rubber cube,small red rubber cylinder,b_front,small,b_front,True,b_front,True,a_front,False,b_front,True,a_front,False,b_front,True
CLEVR_val_000092.png,small brown rubber cube,small blue rubber cylinder,b_front,medium,a_front,False,b_front,True,a_front,False,a_front,False,a_front,False,b_front,True
CLEVR_val_000271.png,large red metal sphere,large yellow rubber cube,a_front,large,b_front,False,a_front,True,b_front,False,b_front,False,a_front,True,b_front,False
CLEVR_val_000073.png,small blue metal sphere,large red rubber sphere,a_front,medium,a_front,True,a_front,True,b_front,False,b_front,False,b_front,False,a_front,True
CLEVR_val_000191.png,large purple rubber sphere,small yellow metal cube,b_front,large,b_front,True,b_front,True,a_front,False,a_front,False,b_front,True,a_front,False
CLEVR_val_000183.png,small green metal cube,small purple rubber cube,b_front,large,a_front,False,b_front,True,a_front,False,a_front,False,a_front,False,b_front,True
CLEVR_val_000134.png,small yellow rubber cube,small gray rubber cylinder,b_front,large,b_front,True,b_front,True,a_front,False,b_front,True,b_front,True,a_front,False
CLEVR_val_000031.png,large blue metal cylinder,small red rubber cylinder,a_front,small,a_front,True,b_front,False,a_front,True,a_front,True,a_front,True,b_front,False
CLEVR_val_000183.png,small brown rubber cube,small yellow metal cube,a_front,medium,b_front,False,a_front,True,b_front,False,b_front,False,a_front,True,b_front,False
CLEVR_val_000069.png,large green rubber cube,small yellow metal cube,b_front,large,a_front,False,b_front,True,a_front,False,a_front,False,b_front,True,a_front,False
CLEVR_val_000173.png,large yellow metal sphere,small cyan rubber cylinder,a_front,large,b_front,False,a_front,True,b_front,False,a_front,True,b_front,False,a_front,True
CLEVR_val_000236.png,small brown metal sphere,large gray rubber cube,a_front,large,a_front,True,a_front,True,b_front,False,b_front,False,a_front,True,b_front,False
CLEVR_val_000214.png,large yellow metal cylinder,small red rubber cylinder,b_front,medium,b_front,True,b_front,True,a_front,False,a_front,False,a_front,False,b_front,True
CLEVR_val_000110.png,large cyan rubber sphere,large purple rubber cylinder,a_front,large,a_front,True,a_front,True,b_front,False,a_front,True,a_front,True,b_front,False
CLEVR_val_000192.png,small brown metal cylinder,small gray metal cylinder,a_front,large,b_front,False,a_front,True,b_front,False,b_front,False,b_front,False,a_front,True
CLEVR_val_000072.png,small gray rubber cylinder,large blue metal cylinder,a_front,large,a_front,True,a_front,True,b_front,False,b_front,False,a_front,True,b_front,False
CLEVR_val_000195.png,small gray rubber sphere,large yellow rubber cube,a_front,large,b_front,False,a_front,True,b_front,False,b_front,False,b_front,False,a_front,True
CLEVR_val_000216.png,large gray metal cylinder,large green rubber cylinder,b_front,large,a_front,False,b_front,True,a_front,False,a_front,False,a_front,False,b_front,True
CLEVR_val_000152.png,small brown metal cylinder,large red metal cylinder,b_front,large,b_front,True,b_front,True,a_front,False,b_front,True,a_front,False,b_front,True
CLEVR_val_000011.png,large red rubber cube,small red metal cylinder,a_front,large,a_front,True,a_front,True,b_front,False,a_front,True,b_front,False,a_front,True
CLEVR_val_000225.png,large gray rubber cube,small gray metal cube,a_front,medium,b_front,False,a_front,True,b_front,False,a_front,True,a_front,True,b_front,False
CLEVR_val_000086.png,small purple metal cube,large green metal sphere,b_front,large,a_front,False,b_front,True,a_front,False,b_front,True,a_front,False,b_front,True
CLEVR_val_000110.png,small brown metal cylinder,large purple rubber cylinder,a_front,large,b_front,False,a_front,True,b_front,False,b_front,False,a_front,True,b_front,False
CLEVR_val_000167.png,small red rubber cube,small yellow rubber cylinder,b_front,medium,a_front,False,b_front,True,a_front,False,a_front,False,a_front,False,b_front,True
CLEVR_val_000244.png,small cyan metal cylinder,large red rubber cube,a_front,small,b_front,False,a_front,True,b_front,False,b_front,False,b_front,False,a_front,True
CLEVR_val_000053.png,small yellow metal cylinder,small blue metal cylinder,a_front,small,a_front,True,a_front,True,b_front,False,a_front,True,b_front,False,a_front,True
CLEVR_val_000017.png,small gray rubber cylinder,small brown metal cylinder,a_front,large,b_front,False,a_front,True,b_front,False,b_front,False,b_front,False,a_front,True
CLEVR_val_000092.png,large green rubber sphere,large red rubber cube,b_front,small,a_front,False,b_front,True,a_front,False,a_front,False,a_front,False,b_front,True
CLEVR_val_000245.png,large cyan metal cube,large cyan rubber cube,b_front,small,b_front,True,b_front,True,a_front,False,b_front,True,a_front,False,b_front,True
CLEVR_val_000237.png,small green metal cylinder,large gray rubber cube,a_front,small,a_front,True,a_front,True,b_front,False,b_front,False,b_front,False,a_front,True
CLEVR_val_000176.png,large gray metal cylinder,small red metal sphere,b_front,large,b_front,True,b_front,True,a_front,False,a_front,False,b_front,True,a_front,False
CLEVR_val_000008.png,small brown rubber cube,small brown rubber sphere,b_front,large,a_front,False,b_front,True,a_front,False,a_front,False,a_front,False,b_front,True
CLEVR_val_000266.png,small purple rubber sphere,small brown metal cube,b_front,large,b_front,True,b_front,True,a_front,False,b_front,True,b_front,True,a_front,False
CLEVR_val_000095.png,large yellow metal sphere,small purple metal cube,a_front,medium,a_front,True,a_front,True,b_front,False,a_front,True,b_front,False,a_front,True
CLEVR_val_000063.png,large gray metal cylinder,small gray metal sphere,a_front,large,b_front,False,a_front,True,b_front,False,a_front,True,a_front,True,b_front,False
CLEVR_val_000146.png,small red rubber cylinder,large gray metal cylinder,a_front,large,a_front,True,a_front,True,b_front,False,b_front,False,a_front,True,b_front,False
CLEVR_val_000268.png,small yellow metal sphere,large blue rubber cylinder,a_front,medium,b_front,False,a_front,True,b_front,False,b_front,False,a_front,True,b_front,False
CLEVR_val_000285.png,large brown metal sphere,large yellow metal sphere,b_front,large,a_front,False,b_front,True,a_front,False,a_front,False,b_front,True,a_front,False
CLEVR_val_000102.png,small gray metal sphere,small green rubber cylinder,a_front,medium,b_front,False,a_front,True,b_front,False,b_front,False,a_front,True,b_front,False
CLEVR_val_000246.png,large cyan rubber cylinder,small yellow metal cube,b_front,medium,a_front,False,b_front,True,a_front,False,a_front,False,b_front,True,a_front,False
CLEVR_val_000072.png,small yellow metal sphere,small gray rubber cylinder,b_front,large,b_front,True,b_front,True,a_front,False,b_front,True,a_front,False,b_front,True
CLEVR_val_000157.png,large red rubber sphere,large green rubber cylinder,b_front,large,a_front,False,b_front,True,a_front,False,a_front,False,b_front,True,a_front,False
CLEVR_val_000236.png,small green metal sphere,large green rubber cylinder,a_front,large,b_front,False,a_front,True,b_front,False,b_front,False,a_front,True,b_front,False
CLEVR_val_000033.png,small green metal cube,small purple rubber cylinder,b_front,large,a_front,False,b_front,True,a_front,False,a_front,False,b_front,True,a_front,False
CLEVR_val_000282.png,small brown rubber cube,large gray rubber cube,b_front,large,b_front,True,b_front,True,a_front,False,b_front,True,a_front,False,b_front,True
CLEVR_val_000194.png,small purple rubber sphere,large yellow rubber cube,b_front,medium,a_front,False,b_front,True,a_front,False,b_front,True,b_front,True,a_front,False
CLEVR_val_000181.png,small green rubber cube,small yellow rubber cylinder,b_front,large,b_front,True,b_front,True,a_front,False,b_front,True,a_front,False,b_front,True
CLEVR_val_000228.png,large gray rubber cylinder,small blue metal cube,b_front,large,a_front,False,b_front,True,a_front,False,a_front,False,a_front,False,b_front,True
CLEVR_val_000071.png,small green rubber sphere,large red rubber cube,a_front,large,b_front,False,a_front,True,b_front,False,b_front,False,a_front,True,b_front,False
CLEVR_val_000152.png,small cyan metal sphere,small purple rubber cylinder,b_front,large,a_front,False,b_front,True,a_front,False,a_front,False,a_front,False,b_front,True
CLEVR_val_000170.png,small blue rubber cube,large red metal cylinder,b_front,large,b_front,True,b_front,True,a_front,False,b_front,True,b_front,True,a_front,False
CLEVR_val_000053.png,small yellow metal cube,small blue metal cylinder,b_front,large,a_front,False,b_front,True,a_front,False,a_front,False,a_front,False,b_front,True
CLEVR_val_000158.png,large green rubber cylinder,large gray rubber cube,a_front,large,b_front,False,a_front,True,b_front,False,b_front,False,a_front,True,b_front,False
CLEVR_val_000169.png,small yellow rubber cylinder,large blue rubber cylinder,b_front,small,a_front,False,a_front,False,b_front,True,b_front,True,b_front,True,a_front,False
CLEVR_val_000043.png,small yellow rubber cube,large red rubber sphere,b_front,small,b_front,True,a_front,False,b_front,True,b_front,True,a_front,False,b_front,True
CLEVR_val_000030.png,large green rubber sphere,large cyan rubber cube,b_front,large,a_front,False,b_front,True,a_front,False,a_front,False,b_front,True,a_front,False
CLEVR_val_000050.png,small red rubber sphere,large green rubber sphere,b_front,large,b_front,True,b_front,True,a_front,False,b_front,True,b_front,True,a_front,False
CLEVR_val_000040.png,large yellow rubber sphere,large purple metal sphere,b_front,small,a_front,False,b_front,True,a_front,False,a_front,False,a_front,False,b_front,True
CLEVR_val_000189.png,large red rubber sphere,large cyan rubber cylinder,b_front,medium,b_front,True,b_front,True,a_front,False,b_front,True,a_front,False,b_front,True
CLEVR_val_000196.png,large red rubber cube,large gray metal sphere,b_front,medium,a_front,False,b_front,True,a_front,False,a_front,False,b_front,True,a_front,False
CLEVR_val_000151.png,small brown metal sphere,small yellow rubber cube,a_front,small,b_front,False,a_front,True,b_front,False,b_front,False,a_front,True,b_front,False
CLEVR_val_000229.png,small cyan rubber cube,small gray metal sphere,a_front,large,a_front,True,a_front,True,b_front,False,a_front,True,a_front,True,b_front,False
CLEVR_val_000230.png,large cyan rubber cylinder,large yellow metal cube,a_front,large,b_front,False,a_front,True,b_front,False,b_front,False,a_front,True,b_front,False
CLEVR_val_000105.png,small blue metal cube,small yellow rubber cube,a_front,medium,a_front,True,a_front,True,b_front,False,a_front,True,a_front,True,b_front,False
CLEVR_val_000244.png,small cyan metal cylinder,large blue rubber sphere,b_front,medium,b_front,True,b_front,True,a_front,False,b_front,True,b_front,True,a_front,False
CLEVR_val_000174.png,large red rubber cylinder,small blue rubber cube,b_front,large,a_front,False,b_front,True,a_front,False,a_front,False,a_front,False,b_front,True
CLEVR_val_000008.png,small gray metal sphere,small brown rubber cube,a_front,medium,b_front,False,a_front,True,b_front,False,b_front,False,b_front,False,a_front,True
CLEVR_val_000260.png,small green metal cylinder,small red rubber cylinder,a_front,small,a_front,True,a_front,True,b_front,False,a_front,True,b_front,False,a_front,True
CLEVR_val_000129.png,large cyan rubber cube,large blue metal cube,b_front,large,b_front,True,b_front,True,a_front,False,b_front,True,b_front,True,a_front,False
CLEVR_val_000287.png,small purple metal sphere,small blue metal cylinder,b_front,large,a_front,False,b_front,True,a_front,False,a_front,False,b_front,True,a_front,False
CLEVR_val_000163.png,small red metal cylinder,small red metal cube,b_front,small,b_front,True,b_front,True,a_front,False,b_front,True,b_front,True,a_front,False
CLEVR_val_000174.png,small purple metal sphere,large purple rubber cylinder,b_front,medium,a_front,False,b_front,True,a_front,False,b_front,True,a_front,False,b_front,True
CLEVR_val_000023.png,small yellow metal sphere,large gray metal cylinder,a_front,medium,b_front,False,a_front,True,b_front,False,b_front,False,b_front,False,a_front,True
CLEVR_val_000160.png,small green metal cube,small brown rubber cylinder,a_front,large,a_front,True,a_front,True,b_front,False,a_front,True,a_front,True,b_front,False
CLEVR_val_000270.png,small blue rubber cube,large gray rubber cylinder,b_front,large,b_front,True,b_front,True,a_front,False,b_front,True,b_front,True,a_front,False
CLEVR_val_000203.png,small cyan metal cube,large yellow rubber sphere,a_front,medium,a_front,True,a_front,True,b_front,False,b_front,False,b_front,False,a_front,True
CLEVR_val_000075.png,large yellow rubber cylinder,large purple metal cylinder,b_front,large,b_front,True,b_front,True,a_front,False,b_front,True,b_front,True,a_front,False
CLEVR_val_000158.png,small red rubber sphere,small cyan metal sphere,b_front,large,a_front,False,b_front,True,a_front,False,a_front,False,b_front,True,a_front,False
CLEVR_val_000059.png,small gray rubber cylinder,large brown rubber sphere,b_front,large,b_front,True,b_front,True,a_front,False,b_front,True,b_front,True,a_front,False
CLEVR_val_000169.png,large cyan rubber sphere,large green metal cube,b_front,large,a_front,False,b_front,True,a_front,False,a_front,False,a_front,False,b_front,True
CLEVR_val_000255.png,large blue rubber cube,small blue rubber sphere,b_front,large,b_front,True,b_front,True,a_front,False,a_front,False,b_front,True,a_front,False
CLEVR_val_000013.png,large blue metal sphere,small red metal cube,b_front,medium,a_front,False,b_front,True,a_front,False,a_front,False,b_front,True,a_front,False
CLEVR_val_000152.png,large brown rubber sphere,small green metal sphere,a_front,large,b_front,False,a_front,True,b_front,False,a_front,True,a_front,True,b_front,False
CLEVR_val_000142.png,large brown rubber cylinder,large yellow rubber sphere,b_front,large,a_front,False,b_front,True,a_front,False,a_front,False,b_front,True,a_front,False
CLEVR_val_000036.png,small cyan rubber cube,large cyan metal cube,a_front,small,b_front,False,a_front,True,b_front,False,b_front,False,a_front,True,b_front,False
CLEVR_val_000268.png,small yellow metal sphere,large yellow metal cube,a_front,large,a_front,True,a_front,True,b_front,False,b_front,False,a_front,True,b_front,False
CLEVR_val_000068.png,large cyan rubber cylinder,large gray metal cube,b_front,small,b_front,True,b_front,True,a_front,False,b_front,True,a_front,False,b_front,True
CLEVR_val_000087.png,large purple metal cube,large brown rubber sphere,a_front,small,a_front,True,a_front,True,b_front,False,a_front,True,b_front,False,a_front,True
CLEVR_val_000075.png,large yellow rubber cylinder,small brown rubber sphere,b_front,large,b_front,True,b_front,True,a_front,False,a_front,False,a_front,False,b_front,True
CLEVR_val_000278.png,large blue metal cube,small blue metal cube,b_front,medium,a_front,False,b_front,True,a_front,False,a_front,False,b_front,True,a_front,False
CLEVR_val_000263.png,small gray rubber cylinder,small gray rubber cube,b_front,large,b_front,True,b_front,True,a_front,False,b_front,True,a_front,False,b_front,True
CLEVR_val_000210.png,small brown rubber cylinder,small brown rubber sphere,a_front,large,a_front,True,a_front,True,b_front,False,a_front,True,a_front,True,b_front,False
CLEVR_val_000109.png,large green rubber sphere,large brown rubber cube,a_front,medium,b_front,False,a_front,True,b_front,False,b_front,False,a_front,True,b_front,False
CLEVR_val_000080.png,large purple metal cylinder,small red rubber sphere,b_front,medium,a_front,False,b_front,True,a_front,False,a_front,False,a_front,False,b_front,True
CLEVR_val_000056.png,small yellow metal cylinder,large red rubber sphere,a_front,large,b_front,False,a_front,True,b_front,False,b_front,False,b_front,False,a_front,True
CLEVR_val_000170.png,small brown metal cylinder,large red metal cylinder,b_front,large,a_front,False,b_front,True,a_front,False,b_front,True,a_front,False,b_front,True
CLEVR_val_000072.png,large purple rubber cylinder,small gray rubber cylinder,b_front,medium,b_front,True,b_front,True,a_front,False,a_front,False,b_front,True,a_front,False
CLEVR_val_000084.png,large purple metal cylinder,large purple metal sphere,b_front,large,a_front,False,b_front,True,a_front,False,a_front,False,b_front,True,a_front,False
CLEVR_val_000273.png,small red metal cube,small blue metal cube,b_front,medium,b_front,True,b_front,True,a_front,False,b_front,True,b_front,True,a_front,False
CLEVR_val_000183.png,small purple rubber cylinder,small yellow metal cube,b_front,medium,a_front,False,b_front,True,a_front,False,a_front,False,a_front,False,b_front,True
CLEVR_val_000247.png,small blue metal cube,small red metal cube,a_front,small,b_front,False,a_front,True,b_front,False,b_front,False,b_front,False,a_front,True
CLEVR_val_000084.png,small red rubber cylinder,small green rubber cube,a_front,large,a_front,True,a_front,True,b_front,False,a_front,True,b_front,False,a_front,True
CLEVR_val_000074.png,large yellow metal sphere,small purple metal cylinder,a_front,small,b_front,False,b_front,False,a_front,True,a_front,True,b_front,False,a_front,True
CLEVR_val_000107.png,large blue rubber cylinder,small green rubber sphere,a_front,medium,a_front,True,a_front,True,b_front,False,a_front,True,b_front,False,a_front,True
CLEVR_val_000240.png,small red rubber cylinder,large brown metal sphere,b_front,medium,b_front,True,b_front,True,a_front,False,b_front,True,b_front,True,a_front,False
CLEVR_val_000075.png,small purple rubber cylinder,large purple metal cylinder,a_front,medium,a_front,True,a_front,True,b_front,False,b_front,False,b_front,False,a_front,True
CLEVR_val_000181.png,small brown metal cylinder,small brown rubber sphere,a_front,medium,b_front,False,a_front,True,b_front,False,b_front,False,b_front,False,a_front,True
CLEVR_val_000234.png,large red metal cube,large gray rubber cube,a_front,large,a_front,True,a_front,True,b_front,False,a_front,True,b_front,False,a_front,True
CLEVR_val_000138.png,small red metal sphere,small green rubber sphere,a_front,medium,b_front,False,a_front,True,b_front,False,b_front,False,a_front,True,b_front,False
CLEVR_val_000110.png,small purple metal cylinder,large purple rubber cylinder,a_front,large,a_front,True,a_front,True,b_front,False,b_front,False,a_front,True,b_front,False
CLEVR_val_000000.png,large brown rubber cylinder,small green rubber cylinder,a_front,medium,b_front,False,a_front,True,b_front,False,a_front,True,a_front,True,b_front,False
CLEVR_val_000143.png,small yellow rubber cube,large cyan metal sphere,b_front,large,a_front,False,b_front,True,a_front,False,b_front,True,b_front,True,a_front,False
CLEVR_val_000237.png,small purple rubber cylinder,large brown metal sphere,b_front,large,b_front,True,b_front,True,a_front,False,b_front,True,a_front,False,b_front,True
CLEVR_val_000198.png,small green rubber cylinder,small blue rubber cube,a_front,large,a_front,True,a_front,True,b_front,False,a_front,True,b_front,False,a_front,True
CLEVR_val_000080.png,small purple metal cylinder,large red metal cube,b_front,large,b_front,True,b_front,True,a_front,False,b_front,True,b_front,True,a_front,False
CLEVR_val_000195.png,large yellow rubber cube,small cyan rubber cube,b_front,medium,a_front,False,b_front,True,a_front,False,a_front,False,b_front,True,a_front,False
CLEVR_val_000130.png,small green rubber cylinder,small brown rubber cube,b_front,large,b_front,True,b_front,True,a_front,False,b_front,True,a_front,False,b_front,True
CLEVR_val_000009.png,large gray rubber cube,small blue metal cube,a_front,large,a_front,True,a_front,True,b_front,False,a_front,True,a_front,True,b_front,False
CLEVR_val_000130.png,small yellow metal cube,large brown rubber cylinder,a_front,medium,b_front,False,a_front,True,b_front,False,b_front,False,a_front,True,b_front,False
CLEVR_val_000106.png,small yellow metal cylinder,large blue metal cube,b_front,large,a_front,False,b_front,True,a_front,False,b_front,True,a_front,False,b_front,True
CLEVR_val_000243.png,small purple rubber cylinder,small purple metal sphere,a_front,large,b_front,False,a_front,True,b_front,False,b_front,False,a_front,True,b_front,False
CLEVR_val_000110.png,small brown metal cylinder,small brown rubber sphere,b_front,large,a_front,False,b_front,True,a_front,False,a_front,False,b_front,True,a_front,False
CLEVR_val_000157.png,small brown rubber cylinder,small brown metal cylinder,a_front,large,b_front,False,a_front,True,b_front,False,b_front,False,a_front,True,b_front,False
CLEVR_val_000238.png,small purple rubber cylinder,small red rubber cylinder,a_front,medium,a_front,True,a_front,True,b_front,False,a_front,True,b_front,False,a_front,True
CLEVR_val_000266.png,small blue metal cube,large cyan rubber cylinder,b_front,large,b_front,True,b_front,True,a_front,False,b_front,True,a_front,False,b_front,True
CLEVR_val_000157.png,small cyan rubber cube,small brown metal cylinder,a_front,small,a_front,True,a_front,True,b_front,False,a_front,True,a_front,True,b_front,False
CLEVR_val_000023.png,large brown rubber sphere,small red rubber sphere,b_front,medium,b_front,True,b_front,True,a_front,False,a_front,False,b_front,True,a_front,False
CLEVR_val_000143.png,large brown metal cylinder,large cyan metal sphere,b_front,large,a_front,False,b_front,True,a_front,False,a_front,False,b_front,True,a_front,False
CLEVR_val_000266.png,small brown metal cube,large cyan rubber cylinder,a_front,medium,b_front,False,a_front,True,b_front,False,b_front,False,a_front,True,b_front,False
CLEVR_val_000255.png,large blue rubber cube,small purple rubber sphere,b_front,small,a_front,False,b_front,True,a_front,False,a_front,False,b_front,True,a_front,False
CLEVR_val_000102.png,small gray metal sphere,small blue rubber cylinder,b_front,small,b_front,True,b_front,True,a_front,False,b_front,True,a_front,False,b_front,True
CLEVR_val_000252.png,large cyan metal cube,large gray metal sphere,a_front,large,a_front,True,a_front,True,b_front,False,a_front,True,b_front,False,a_front,True
CLEVR_val_000149.png,large cyan rubber sphere,large gray rubber cube,b_front,large,b_front,True,b_front,True,a_front,False,b_front,True,b_front,True,a_front,False
CLEVR_val_000060.png,small blue rubber sphere,small brown metal cube,b_front,large,a_front,False,b_front,True,a_front,False,a_front,False,a_front,False,b_front,True
CLEVR_val_000095.png,small brown metal cube,small purple metal cube,b_front,large,b_front,True,b_front,True,a_front,False,b_front,True,b_front,True,a_front,False
CLEVR_val_000236.png,large green rubber cylinder,large red rubber sphere,b_front,large,a_front,False,b_front,True,a_front,False,a_front,False,a_front,False,b_front,True
CLEVR_val_000203.png,small gray metal cube,small yellow metal cube,b_front,large,b_front,True,b_front,True,a_front,False,b_front,True,b_front,True,a_front,False
CLEVR_val_000001.png,large purple metal sphere,large blue metal cube,a_front,medium,a_front,True,a_front,True,b_front,False,a_front,True,b_front,False,a_front,True
CLEVR_val_000273.png,small cyan metal sphere,small red metal cube,a_front,large,b_front,False,a_front,True,b_front,False,b_front,False,a_front,True,b_front,False
CLEVR_val_000152.png,small brown metal cylinder,small blue rubber cube,b_front,large,a_front,False,b_front,True,a_front,False,a_front,False,b_front,True,a_front,False
CLEVR_val_000170.png,large red metal cylinder,small red rubber cube,a_front,large,b_front,False,a_front,True,b_front,False,a_front,True,a_front,True,b_front,False
CLEVR_val_000073.png,small purple metal sphere,large gray rubber sphere,b_front,large,a_front,False,b_front,True,a_front,False,b_front,True,b_front,True,a_front,False
CLEVR_val_000173.png,small gray rubber sphere,small blue rubber sphere,b_front,medium,b_front,True,b_front,True,a_front,False,b_front,True,a_front,False,b_front,True
CLEVR_val_000170.png,small cyan metal cylinder,small purple rubber sphere,a_front,medium,a_front,True,a_front,True,b_front,False,a_front,True,b_front,False,a_front,True
CLEVR_val_000075.png,small brown rubber sphere,small brown metal cube,a_front,large,b_front,False,a_front,True,b_front,False,b_front,False,b_front,False,a_front,True
CLEVR_val_000191.png,large purple rubber sphere,large purple metal cylinder,b_front,large,a_front,False,b_front,True,a_front,False,a_front,False,b_front,True,a_front,False
CLEVR_val_000033.png,small cyan rubber sphere,small purple rubber cylinder,b_front,small,b_front,True,b_front,True,a_front,False,b_front,True,a_front,False,b_front,True
CLEVR_val_000257.png,large red metal cylinder,large green metal cylinder,b_front,medium,a_front,False,b_front,True,a_front,False,a_front,False,b_front,True,a_front,False
CLEVR_val_000181.png,small blue rubber sphere,small green rubber cube,a_front,medium,b_front,False,a_front,True,b_front,False,b_front,False,b_front,False,a_front,True
CLEVR_val_000111.png,large yellow metal cube,small gray metal cylinder,b_front,large,a_front,False,b_front,True,a_front,False,a_front,False,a_front,False,b_front,True
CLEVR_val_000031.png,small green rubber cube,small green rubber sphere,a_front,small,b_front,False,a_front,True,b_front,False,b_front,False,a_front,True,b_front,False
CLEVR_val_000046.png,small blue metal sphere,small cyan rubber cylinder,b_front,large,a_front,False,b_front,True,a_front,False,a_front,False,b_front,True,a_front,False
CLEVR_val_000098.png,large blue metal cylinder,large gray metal sphere,a_front,medium,b_front,False,a_front,True,b_front,False,b_front,False,b_front,False,a_front,True
CLEVR_val_000266.png,large brown rubber sphere,small brown metal cube,b_front,large,a_front,False,b_front,True,a_front,False,a_front,False,b_front,True,a_front,False
CLEVR_val_000073.png,large gray rubber sphere,small green metal cylinder,a_front,small,b_front,False,a_front,True,b_front,False,a_front,True,a_front,True,b_front,False
CLEVR_val_000130.png,large red rubber cylinder,small brown rubber cube,b_front,medium,a_front,False,b_front,True,a_front,False,a_front,False,a_front,False,b_front,True
CLEVR_val_000073.png,small blue rubber sphere,small green metal cylinder,b_front,small,b_front,True,b_front,True,a_front,False,b_front,True,b_front,True,a_front,False
CLEVR_val_000084.png,small green rubber cylinder,large yellow metal cylinder,a_front,large,a_front,True,a_front,True,b_front,False,b_front,False,b_front,False,a_front,True
CLEVR_val_000017.png,small gray rubber sphere,small yellow metal cylinder,b_front,large,b_front,True,b_front,True,a_front,False,b_front,True,b_front,True,a_front,False
CLEVR_val_000199.png,small gray metal cube,large red metal sphere,a_front,large,a_front,True,a_front,True,b_front,False,b_front,False,a_front,True,b_front,False
CLEVR_val_000054.png,small yellow metal cylinder,small cyan metal cylinder,a_front,large,b_front,False,a_front,True,b_front,False,b_front,False,b_front,False,a_front,True
CLEVR_val_000258.png,large gray rubber sphere,small gray metal sphere,a_front,medium,a_front,True,a_front,True,b_front,False,a_front,True,b_front,False,a_front,True
CLEVR_val_000227.png,small cyan rubber sphere,small red rubber cylinder,a_front,large,b_front,False,a_front,True,b_front,False,b_front,False,b_front,False,a_front,True
CLEVR_val_000193.png,large yellow rubber cube,small gray rubber cylinder,a_front,medium,a_front,True,a_front,True,b_front,False,a_front,True,a_front,True,b_front,False
CLEVR_val_000066.png,large blue rubber cube,large red metal sphere,a_front,large,b_front,False,a_front,True,b_front,False,b_front,False,b_front,False,a_front,True
CLEVR_val_000008.png,large yellow rubber cylinder,large yellow metal sphere,b_front,medium,a_front,False,b_front,True,a_front,False,a_front,False,b_front,True,a_front,False
CLEVR_val_000028.png,small gray rubber cylinder,small brown metal sphere,b_front,large,b_front,True,b_front,True,a_front,False,b_front,True,a_front,False,b_front,True
CLEVR_val_000175.png,large purple rubber cube,large blue metal cube,b_front,large,a_front,False,b_front,True,a_front,False,a_front,False,b_front,True,a_front,False
CLEVR_val_000057.png,small cyan metal sphere,small gray metal cube,b_front,medium,b_front,True,b_front,True,a_front,False,b_front,True,b_front,True,a_front,False
CLEVR_val_000207.png,large purple metal cube,large brown rubber cube,b_front,small,a_front,False,b_front,True,a_front,False,a_front,False,b_front,True,a_front,False
CLEVR_val_000121.png,large blue rubber sphere,large purple metal cube,b_front,small,b_front,True,b_front,True,a_front,False,b_front,True,b_front,True,a_front,False
CLEVR_val_000225.png,large blue metal cylinder,large brown rubber cube,a_front,large,a_front,True,a_front,True,b_front,False,a_front,True,b_front,False,a_front,True
CLEVR_val_000196.png,small yellow rubber sphere,small brown rubber sphere,b_front,medium,b_front,True,b_front,True,a_front,False,b_front,True,a_front,False,b_front,True
CLEVR_val_000196.png,large cyan rubber sphere,small yellow metal cube,a_front,large,a_front,True,a_front,True,b_front,False,a_front,True,b_front,False,a_front,True
CLEVR_val_000201.png,small yellow rubber sphere,small gray rubber cube,a_front,medium,b_front,False,a_front,True,b_front,False,b_front,False,b_front,False,a_front,True
CLEVR_val_000023.png,small yellow metal cylinder,small red rubber sphere,b_front,large,a_front,False,b_front,True,a_front,False,a_front,False,a_front,False,b_front,True
CLEVR_val_000238.png,small cyan rubber cylinder,small purple rubber cylinder,b_front,large,b_front,True,b_front,True,a_front,False,b_front,True,a_front,False,b_front,True
CLEVR_val_000175.png,large purple rubber cube,small red rubber cylinder,b_front,large,a_front,False,b_front,True,a_front,False,a_front,False,a_front,False,b_front,True
CLEVR_val_000080.png,small purple metal cylinder,small red rubber sphere,a_front,small,b_front,False,a_front,True,b_front,False,b_front,False,b_front,False,a_front,True
CLEVR_val_000125.png,small brown rubber cube,large purple rubber sphere,a_front,medium,a_front,True,a_front,True,b_front,False,b_front,False,b_front,False,a_front,True
CLEVR_val_000170.png,large red metal cylinder,small purple rubber sphere,a_front,large,b_front,False,a_front,True,b_front,False,a_front,True,b_front,False,a_front,True
CLEVR_val_000178.png,small yellow metal cube,small red metal cylinder,a_front,small,a_front,True,a_front,True,b_front,False,a_front,True,b_front,False,a_front,True
CLEVR_val_000092.png,small yellow metal sphere,large cyan rubber cube,b_front,medium,b_front,True,b_front,True,a_front,False,b_front,True,b_front,True,a_front,False
CLEVR_val_000104.png,large yellow metal cube,small brown metal cylinder,a_front,large,a_front,True,a_front,True,b_front,False,a_front,True,b_front,False,a_front,True
CLEVR_val_000068.png,small cyan metal cube,large cyan rubber cylinder,a_front,medium,b_front,False,a_front,True,b_front,False,b_front,False,b_front,False,a_front,True
CLEVR_val_000254.png,small red rubber sphere,large yellow metal cube,b_front,large,a_front,False,b_front,True,a_front,False,b_front,True,b_front,True,a_front,False
CLEVR_val_000273.png,large gray metal sphere,small blue metal cube,b_front,large,b_front,True,b_front,True,a_front,False,a_front,False,b_front,True,a_front,False
CLEVR_val_000129.png,small brown metal cylinder,small gray metal cylinder,a_front,large,a_front,True,a_front,True,b_front,False,a_front,True,b_front,False,a_front,True
CLEVR_val_000047.png,large green metal cylinder,small cyan rubber sphere,b_front,large,b_front,True,b_front,True,a_front,False,a_front,False,b_front,True,a_front,False
CLEVR_val_000181.png,small brown metal cube,large brown metal cylinder,a_front,large,a_front,True,a_front,True,b_front,False,b_front,False,b_front,False,a_front,True
CLEVR_val_000126.png,large purple metal sphere,small red metal cube,a_front,medium,b_front,False,a_front,True,b_front,False,a_front,True,a_front,True,b_front,False
CLEVR_val_000283.png,small purple rubber cylinder,small gray rubber sphere,b_front,large,a_front,False,b_front,True,a_front,False,a_front,False,a_front,False,b_front,True
CLEVR_val_000165.png,large red metal cylinder,small brown metal cylinder,b_front,medium,b_front,True,b_front,True,a_front,False,a_front,False,a_front,False,b_front,True
CLEVR_val_000266.png,small brown rubber sphere,small gray rubber cube,a_front,medium,a_front,True,a_front,True,b_front,False,a_front,True,b_front,False,a_front,True
CLEVR_val_000183.png,small brown rubber cube,small green metal cube,a_front,medium,b_front,False,a_front,True,b_front,False,b_front,False,b_front,False,a_front,True
CLEVR_val_000287.png,small blue metal cylinder,small green rubber cube,a_front,medium,a_front,True,a_front,True,b_front,False,a_front,True,b_front,False,a_front,True
CLEVR_val_000102.png,small blue rubber cylinder,large brown rubber sphere,a_front,large,b_front,False,a_front,True,b_front,False,b_front,False,b_front,False,a_front,True
CLEVR_val_000181.png,small yellow metal cylinder,large green metal cube,a_front,large,a_front,True,a_front,True,b_front,False,b_front,False,b_front,False,a_front,True
CLEVR_val_000243.png,small purple rubber cylinder,large cyan metal sphere,b_front,large,b_front,True,b_front,True,a_front,False,b_front,True,b_front,True,a_front,False
CLEVR_val_000164.png,small brown metal sphere,small gray metal cube,a_front,medium,a_front,True,a_front,True,b_front,False,a_front,True,a_front,True,b_front,False
CLEVR_val_000185.png,small brown metal cube,small yellow rubber sphere,a_front,medium,b_front,False,a_front,True,b_front,False,b_front,False,b_front,False,a_front,True
CLEVR_val_000160.png,small green metal cube,large cyan rubber cube,a_front,small,a_front,True,a_front,True,b_front,False,b_front,False,a_front,True,b_front,False
CLEVR_val_000180.png,large brown metal cube,small blue metal cylinder,a_front,large,b_front,False,a_front,True,b_front,False,a_front,True,b_front,False,a_front,True
CLEVR_val_000137.png,small blue rubber sphere,large cyan rubber cube,b_front,large,a_front,False,b_front,True,a_front,False,b_front,True,b_front,True,a_front,False
CLEVR_val_000109.png,large brown rubber cube,small yellow rubber cube,b_front,large,b_front,True,b_front,True,a_front,False,a_front,False,a_front,False,b_front,True
CLEVR_val_000191.png,small yellow metal cube,small green metal cube,a_front,large,a_front,True,a_front,True,b_front,False,a_front,True,a_front,True,b_front,False
CLEVR_val_000146.png,small gray metal cube,large gray metal cylinder,a_front,medium,b_front,False,a_front,True,b_front,False,b_front,False,b_front,False,a_front,True
CLEVR_val_000035.png,small brown rubber cylinder,small yellow metal sphere,b_front,large,a_front,False,b_front,True,a_front,False,a_front,False,a_front,False,b_front,True
CLEVR_val_000053.png,large brown rubber cylinder,small blue metal cylinder,b_front,medium,b_front,True,b_front,True,a_front,False,a_front,False,a_front,False,b_front,True
CLEVR_val_000270.png,large yellow rubber sphere,large gray rubber cylinder,b_front,medium,a_front,False,b_front,True,a_front,False,a_front,False,b_front,True,a_front,False
CLEVR_val_000185.png,large purple rubber sphere,small brown metal cylinder,a_front,large,b_front,False,a_front,True,b_front,False,a_front,True,a_front,True,b_front,False
CLEVR_val_000255.png,small cyan rubber cube,large gray rubber sphere,a_front,small,a_front,True,a_front,True,b_front,False,b_front,False,a_front,True,b_front,False
CLEVR_val_000174.png,large red rubber cylinder,large blue rubber cylinder,a_front,medium,b_front,False,a_front,True,b_front,False,b_front,False,a_front,True,b_front,False
CLEVR_val_000001.png,small blue metal cylinder,small cyan rubber cylinder,b_front,large,a_front,False,b_front,True,a_front,False,a_front,False,a_front,False,b_front,True
CLEVR_val_000077.png,large purple rubber sphere,large cyan metal cube,b_front,medium,b_front,True,b_front,True,a_front,False,b_front,True,a_front,False,b_front,True
CLEVR_val_000167.png,large blue rubber cylinder,small red rubber cube,b_front,medium,a_front,False,b_front,True,a_front,False,a_front,False,b_front,True,a_front,False
CLEVR_val_000252.png,large gray metal sphere,small blue metal sphere,b_front,large,b_front,True,b_front,True,a_front,False,a_front,False,b_front,True,a_front,False
CLEVR_val_000107.png,large gray rubber cube,small green rubber sphere,b_front,large,a_front,False,b_front,True,a_front,False,a_front,False,b_front,True,a_front,False
CLEVR_val_000287.png,small brown rubber sphere,small purple metal sphere,a_front,small,b_front,False,a_front,True,b_front,False,b_front,False,a_front,True,b_front,False
CLEVR_val_000122.png,small gray metal cube,large green metal sphere,b_front,medium,a_front,False,b_front,True,a_front,False,b_front,True,b_front,True,a_front,False
CLEVR_val_000228.png,small brown rubber cube,small yellow metal cylinder,b_front,large,b_front,True,b_front,True,a_front,False,b_front,True,a_front,False,b_front,True
CLEVR_val_000026.png,small brown rubber cube,large red metal cylinder,b_front,large,a_front,False,b_front,True,a_front,False,b_front,True,b_front,True,a_front,False
CLEVR_val_000248.png,large red metal cube,large brown rubber sphere,a_front,medium,b_front,False,a_front,True,b_front,False,b_front,False,b_front,False,a_front,True
CLEVR_val_000159.png,small brown metal cube,small purple rubber cylinder,b_front,large,a_front,False,b_front,True,a_front,False,a_front,False,b_front,True,a_front,False
CLEVR_val_000131.png,large gray metal sphere,large purple rubber cube,b_front,medium,b_front,True,b_front,True,a_front,False,b_front,True,b_front,True,a_front,False
CLEVR_val_000257.png,large gray metal cylinder,large green metal cylinder,a_front,medium,a_front,True,a_front,True,b_front,False,a_front,True,b_front,False,a_front,True
CLEVR_val_000287.png,small brown rubber sphere,small green rubber cube,b_front,small,b_front,True,b_front,True,a_front,False,b_front,True,b_front,True,a_front,False
CLEVR_val_000234.png,large red metal cube,small cyan metal cube,a_front,large,a_front,True,a_front,True,b_front,False,a_front,True,b_front,False,a_front,True
CLEVR_val_000084.png,small green rubber cylinder,small green rubber cube,a_front,small,b_front,False,a_front,True,b_front,False,b_front,False,b_front,False,a_front,True
CLEVR_val_000241.png,small gray rubber sphere,small purple metal cube,a_front,large,a_front,True,a_front,True,b_front,False,a_front,True,a_front,True,b_front,False
CLEVR_val_000041.png,small gray metal sphere,large red metal sphere,a_front,small,b_front,False,a_front,True,b_front,False,b_front,False,b_front,False,a_front,True
CLEVR_val_000198.png,large gray rubber cylinder,small cyan metal cube,a_front,large,a_front,True,a_front,True,b_front,False,a_front,True,a_front,True,b_front,False
CLEVR_val_000137.png,small purple metal cube,small blue rubber sphere,b_front,medium,b_front,True,b_front,True,a_front,False,b_front,True,a_front,False,b_front,True
CLEVR_val_000021.png,small yellow metal cube,large green metal cylinder,b_front,large,a_front,False,b_front,True,a_front,False,b_front,True,a_front,False,b_front,True
CLEVR_val_000009.png,small brown metal sphere,large brown rubber cylinder,b_front,medium,b_front,True,b_front,True,b_front,True,b_front,True,b_front,True,a_front,False
CLEVR_val_000063.png,small yellow rubber cylinder,large blue metal cylinder,a_front,large,a_front,True,a_front,True,b_front,False,b_front,False,b_front,False,a_front,True
CLEVR_val_000140.png,small cyan rubber cylinder,large brown rubber cylinder,b_front,medium,b_front,True,b_front,True,a_front,False,b_front,True,a_front,False,b_front,True
CLEVR_val_000041.png,large brown metal cube,small green rubber sphere,a_front,small,a_front,True,a_front,True,b_front,False,a_front,True,a_front,True,b_front,False
CLEVR_val_000098.png,large cyan metal sphere,large gray metal sphere,b_front,medium,b_front,True,b_front,True,a_front,False,b_front,True,a_front,False,b_front,True
CLEVR_val_000104.png,large purple metal sphere,small gray metal sphere,b_front,medium,a_front,False,b_front,True,a_front,False,a_front,False,a_front,False,b_front,True
CLEVR_val_000250.png,small brown rubber sphere,large purple metal cylinder,a_front,large,b_front,False,a_front,True,b_front,False,b_front,False,a_front,True,b_front,False
CLEVR_val_000198.png,small cyan rubber cylinder,small cyan metal cube,b_front,large,a_front,False,b_front,True,a_front,False,a_front,False,a_front,False,b_front,True
CLEVR_val_000243.png,large yellow metal sphere,small blue rubber cube,b_front,medium,b_front,True,b_front,True,a_front,False,a_front,False,a_front,False,b_front,True
CLEVR_val_000168.png,large yellow metal cylinder,small brown rubber sphere,a_front,large,a_front,True,a_front,True,b_front,False,a_front,True,b_front,False,a_front,True
CLEVR_val_000203.png,small gray metal sphere,large yellow rubber sphere,a_front,large,b_front,False,a_front,True,b_front,False,b_front,False,b_front,False,a_front,True
CLEVR_val_000067.png,large blue rubber cube,small brown rubber sphere,a_front,large,a_front,True,a_front,True,b_front,False,a_front,True,a_front,True,b_front,False
CLEVR_val_000277.png,small cyan rubber sphere,large gray metal sphere,a_front,large,b_front,False,a_front,True,b_front,False,b_front,False,a_front,True,b_front,False
CLEVR_val_000105.png,small cyan metal sphere,large red rubber cylinder,a_front,large,a_front,True,a_front,True,b_front,False,b_front,False,a_front,True,b_front,False
CLEVR_val_000241.png,large green metal cylinder,large purple metal cylinder,a_front,large,b_front,False,a_front,True,b_front,False,b_front,False,a_front,True,b_front,False
CLEVR_val_000109.png,small gray rubber cylinder,small yellow rubber cube,b_front,large,a_front,False,b_front,True,a_front,False,a_front,False,b_front,True,a_front,False
CLEVR_val_000028.png,large yellow rubber sphere,small blue rubber cube,a_front,large,b_front,False,a_front,True,b_front,False,a_front,True,a_front,True,b_front,False
CLEVR_val_000222.png,small cyan metal sphere,small yellow metal cube,a_front,large,a_front,True,a_front,True,b_front,False,a_front,True,b_front,False,a_front,True
CLEVR_val_000191.png,large gray metal sphere,small brown metal cube,b_front,large,b_front,True,b_front,True,a_front,False,a_front,False,a_front,False,b_front,True
CLEVR_val_000234.png,small green rubber sphere,large cyan rubber cube,a_front,small,a_front,True,a_front,True,b_front,False,b_front,False,b_front,False,a_front,True
CLEVR_val_000084.png,large brown metal sphere,small red rubber cylinder,b_front,large,b_front,True,b_front,True,a_front,False,a_front,False,a_front,False,b_front,True
CLEVR_val_000047.png,small red metal cube,large green metal cylinder,a_front,large,a_front,True,a_front,True,b_front,False,b_front,False,a_front,True,b_front,False
CLEVR_val_000173.png,small blue rubber sphere,small red metal cube,b_front,medium,b_front,True,b_front,True,a_front,False,b_front,True,a_front,False,b_front,True
CLEVR_val_000042.png,small cyan rubber cube,small yellow metal sphere,a_front,large,a_front,True,a_front,True,b_front,False,a_front,True,b_front,False,a_front,True
CLEVR_val_000239.png,small purple rubber cylinder,small red metal cylinder,a_front,medium,b_front,False,a_front,True,b_front,False,b_front,False,b_front,False,a_front,True
CLEVR_val_000252.png,small blue rubber cube,small blue metal sphere,b_front,small,a_front,False,b_front,True,a_front,False,a_front,False,b_front,True,a_front,False
CLEVR_val_000038.png,large brown metal cube,small red metal sphere,b_front,large,b_front,True,b_front,True,a_front,False,a_front,False,b_front,True,a_front,False
CLEVR_val_000073.png,large purple rubber sphere,large red rubber sphere,a_front,large,a_front,True,a_front,True,b_front,False,a_front,True,a_front,True,b_front,False
CLEVR_val_000210.png,small brown rubber cylinder,small cyan metal sphere,b_front,medium,b_front,True,b_front,True,a_front,False,b_front,True,b_front,True,a_front,False
CLEVR_val_000123.png,large cyan metal cylinder,small brown rubber cylinder,b_front,large,a_front,False,b_front,True,a_front,False,a_front,False,b_front,True,a_front,False
CLEVR_val_000087.png,large purple metal cube,small purple rubber cylinder,b_front,medium,b_front,True,b_front,True,a_front,False,a_front,False,b_front,True,a_front,False
CLEVR_val_000208.png,small purple metal sphere,small green rubber cylinder,b_front,large,a_front,False,b_front,True,a_front,False,a_front,False,b_front,True,a_front,False
CLEVR_val_000192.png,small green rubber cube,small purple rubber cube,a_front,large,b_front,False,a_front,True,b_front,False,b_front,False,b_front,False,a_front,True
CLEVR_val_000181.png,small brown rubber sphere,large brown metal cylinder,a_front,medium,a_front,True,a_front,True,b_front,False,b_front,False,b_front,False,a_front,True
CLEVR_val_000044.png,small gray rubber sphere,small green rubber cube,b_front,large,b_front,True,b_front,True,a_front,False,b_front,True,a_front,False,b_front,True
CLEVR_val_000074.png,small green metal cylinder,small purple metal cylinder,b_front,large,a_front,False,b_front,True,a_front,False,a_front,False,b_front,True,a_front,False
CLEVR_val_000196.png,small purple metal sphere,small yellow metal cube,b_front,medium,b_front,True,b_front,True,a_front,False,b_front,True,b_front,True,a_front,False
CLEVR_val_000152.png,small blue rubber cylinder,small purple rubber cylinder,b_front,medium,a_front,False,b_front,True,a_front,False,a_front,False,b_front,True,a_front,False
CLEVR_val_000107.png,small green metal sphere,large gray rubber cube,a_front,medium,b_front,False,a_front,True,b_front,False,b_front,False,b_front,False,a_front,True
CLEVR_val_000163.png,small cyan rubber cube,large blue rubber sphere,a_front,medium,a_front,True,a_front,True,b_front,False,b_front,False,b_front,False,a_front,True
CLEVR_val_000058.png,large purple metal cylinder,small purple rubber cube,b_front,large,b_front,True,b_front,True,a_front,False,a_front,False,a_front,False,b_front,True
CLEVR_val_000208.png,large purple rubber cylinder,small brown metal sphere,b_front,medium,a_front,False,b_front,True,a_front,False,a_front,False,a_front,False,b_front,True
CLEVR_val_000122.png,small gray metal cube,large blue rubber cylinder,a_front,large,b_front,False,a_front,True,b_front,False,b_front,False,b_front,False,a_front,True
CLEVR_val_000165.png,small gray metal cylinder,large brown metal cube,a_front,large,a_front,True,a_front,True,b_front,False,b_front,False,a_front,True,b_front,False
CLEVR_val_000225.png,large yellow rubber sphere,large brown rubber cube,b_front,large,b_front,True,b_front,True,a_front,False,b_front,True,a_front,False,b_front,True
CLEVR_val_000073.png,small blue metal sphere,large gray rubber sphere,b_front,large,a_front,False,b_front,True,a_front,False,b_front,True,b_front,True,a_front,False
CLEVR_val_000052.png,large cyan rubber cylinder,small brown rubber cube,b_front,medium,b_front,True,b_front,True,a_front,False,a_front,False,b_front,True,a_front,False
CLEVR_val_000057.png,small cyan metal sphere,large red metal sphere,a_front,large,a_front,True,a_front,True,b_front,False,b_front,False,b_front,False,a_front,True
CLEVR_val_000273.png,small yellow metal sphere,small blue metal cube,a_front,medium,b_front,False,a_front,True,b_front,False,b_front,False,b_front,False,a_front,True
CLEVR_val_000086.png,large green metal sphere,large purple rubber cylinder,a_front,large,a_front,True,a_front,True,b_front,False,a_front,True,b_front,False,a_front,True
CLEVR_val_000077.png,small cyan metal cylinder,small green rubber cube,a_front,small,b_front,False,a_front,True,b_front,False,b_front,False,a_front,True,b_front,False
CLEVR_val_000165.png,large red metal cube,small blue metal sphere,a_front,large,a_front,True,a_front,True,b_front,False,a_front,True,a_front,True,b_front,False
CLEVR_val_000149.png,large gray rubber cube,large cyan rubber cube,a_front,medium,b_front,False,a_front,True,b_front,False,b_front,False,a_front,True,b_front,False
CLEVR_val_000165.png,small blue metal sphere,small brown metal cylinder,b_front,large,a_front,False,b_front,True,a_front,False,a_front,False,a_front,False,b_front,True
CLEVR_val_000050.png,small cyan metal sphere,large green rubber sphere,b_front,large,b_front,True,b_front,True,a_front,False,b_front,True,b_front,True,a_front,False
CLEVR_val_000021.png,large green metal cylinder,small green metal cylinder,a_front,large,a_front,True,a_front,True,b_front,False,a_front,True,b_front,False,a_front,True
CLEVR_val_000195.png,large gray rubber cylinder,small purple metal sphere,a_front,large,b_front,False,a_front,True,b_front,False,a_front,True,a_front,True,b_front,False
CLEVR_val_000178.png,small yellow metal cube,large green rubber sphere,b_front,small,a_front,False,a_front,False,b_front,True,b_front,True,b_front,True,a_front,False
CLEVR_val_000008.png,large yellow rubber cylinder,small brown rubber cube,b_front,large,b_front,True,b_front,True,a_front,False,a_front,False,b_front,True,a_front,False
CLEVR_val_000233.png,small brown rubber cylinder,small green metal sphere,b_front,large,a_front,False,b_front,True,a_front,False,a_front,False,a_front,False,b_front,True
CLEVR_val_000175.png,large purple rubber cube,large blue metal sphere,b_front,medium,b_front,True,b_front,True,a_front,False,b_front,True,a_front,False,b_front,True
CLEVR_val_000178.png,small red metal cylinder,small cyan metal cylinder,b_front,large,a_front,False,b_front,True,a_front,False,a_front,False,a_front,False,b_front,True
CLEVR_val_000116.png,small cyan metal sphere,large red rubber sphere,a_front,large,b_front,False,a_front,True,b_front,False,b_front,False,a_front,True,b_front,False
CLEVR_val_000222.png,large yellow metal cylinder,large blue rubber sphere,a_front,large,a_front,True,a_front,True,b_front,False,a_front,True,b_front,False,a_front,True
CLEVR_val_000200.png,small yellow rubber cube,large purple metal cube,a_front,medium,b_front,False,a_front,True,b_front,False,b_front,False,b_front,False,a_front,True
CLEVR_val_000161.png,large green rubber cube,large green rubber cylinder,a_front,small,a_front,True,a_front,True,b_front,False,a_front,True,b_front,False,a_front,True
CLEVR_val_000255.png,small cyan rubber cube,large green metal cylinder,a_front,medium,b_front,False,a_front,True,b_front,False,b_front,False,a_front,True,b_front,False
CLEVR_val_000217.png,small cyan metal cube,small brown metal sphere,b_front,large,a_front,False,b_front,True,a_front,False,a_front,False,b_front,True,a_front,False
CLEVR_val_000273.png,small blue rubber sphere,small cyan rubber cube,b_front,small,b_front,True,b_front,True,a_front,False,b_front,True,a_front,False,b_front,True
CLEVR_val_000261.png,small yellow metal cylinder,large red metal cylinder,b_front,large,a_front,False,b_front,True,a_front,False,b_front,True,b_front,True,a_front,False
CLEVR_val_000092.png,large brown rubber sphere,large cyan rubber cube,b_front,large,b_front,True,b_front,True,a_front,False,b_front,True,b_front,True,a_front,False
CLEVR_val_000068.png,large purple metal cylinder,small yellow rubber sphere,b_front,medium,a_front,False,b_front,True,a_front,False,a_front,False,b_front,True,a_front,False
CLEVR_val_000170.png,large purple metal cylinder,large green metal cube,a_front,medium,b_front,False,a_front,True,b_front,False,b_front,False,a_front,True,b_front,False
CLEVR_val_000157.png,large red rubber sphere,small blue rubber cube,b_front,large,a_front,False,b_front,True,a_front,False,a_front,False,b_front,True,a_front,False
CLEVR_val_000201.png,large cyan rubber sphere,small red rubber cube,b_front,large,b_front,True,b_front,True,a_front,False,a_front,False,b_front,True,a_front,False
CLEVR_val_000225.png,large brown metal cube,large brown rubber cube,a_front,medium,a_front,True,a_front,True,b_front,False,a_front,True,a_front,True,b_front,False
CLEVR_val_000105.png,small yellow rubber cube,large red rubber cylinder,a_front,large,b_front,False,a_front,True,b_front,False,b_front,False,b_front,False,a_front,True
CLEVR_val_000196.png,small yellow rubber sphere,large gray metal sphere,b_front,large,a_front,False,b_front,True,a_front,False,b_front,True,b_front,True,a_front,False
CLEVR_val_000116.png,small yellow metal cylinder,large red rubber sphere,a_front,large,b_front,False,a_front,True,b_front,False,b_front,False,a_front,True,b_front,False
CLEVR_val_000009.png,small brown metal sphere,small gray rubber cube,b_front,large,a_front,False,b_front,True,a_front,False,a_front,False,b_front,True,a_front,False
CLEVR_val_000181.png,large gray rubber sphere,small brown metal cube,b_front,medium,b_front,True,b_front,True,a_front,False,a_front,False,a_front,False,b_front,True
CLEVR_val_000222.png,large green rubber cylinder,large blue metal sphere,b_front,large,a_front,False,b_front,True,a_front,False,a_front,False,a_front,False,b_front,True
CLEVR_val_000185.png,large red rubber cube,small yellow rubber sphere,b_front,small,b_front,True,b_front,True,a_front,False,a_front,False,b_front,True,a_front,False
CLEVR_val_000195.png,small gray rubber sphere,large purple metal cube,b_front,medium,a_front,False,b_front,True,a_front,False,b_front,True,b_front,True,a_front,False
CLEVR_val_000228.png,large purple rubber cylinder,large purple metal cube,b_front,large,b_front,True,b_front,True,a_front,False,b_front,True,b_front,True,a_front,False
CLEVR_val_000125.png,small purple rubber cube,large blue rubber cylinder,b_front,large,a_front,False,b_front,True,a_front,False,b_front,True,a_front,False,b_front,True
CLEVR_val_000276.png,small cyan metal cylinder,small green metal cube,a_front,large,b_front,False,a_front,True,b_front,False,b_front,False,b_front,False,a_front,True
CLEVR_val_000272.png,small red metal cylinder,small purple metal sphere,b_front,large,a_front,False,b_front,True,a_front,False,a_front,False,b_front,True,a_front,False
CLEVR_val_000173.png,small gray rubber sphere,large green metal sphere,b_front,large,b_front,True,b_front,True,a_front,False,b_front,True,a_front,False,b_front,True
CLEVR_val_000246.png,small green rubber sphere,small yellow metal cube,b_front,large,a_front,False,b_front,True,a_front,False,a_front,False,a_front,False,b_front,True
CLEVR_val_000239.png,small red metal cylinder,small gray rubber cube,a_front,small,b_front,False,a_front,True,b_front,False,b_front,False,a_front,True,b_front,False
CLEVR_val_000255.png,large green metal cube,large purple metal cube,a_front,medium,a_front,True,a_front,True,b_front,False,a_front,True,a_front,True,b_front,False
CLEVR_val_000068.png,small yellow rubber sphere,small cyan metal cube,a_front,large,b_front,False,a_front,True,b_front,False,b_front,False,a_front,True,b_front,False
CLEVR_val_000066.png,large yellow rubber cube,large red metal sphere,a_front,large,a_front,True,a_front,True,b_front,False,a_front,True,a_front,True,b_front,False
CLEVR_val_000041.png,large cyan rubber cylinder,large yellow metal sphere,b_front,large,b_front,True,b_front,True,a_front,False,b_front,True,a_front,False,b_front,True
CLEVR_val_000243.png,large yellow metal sphere,small purple rubber cylinder,a_front,small,a_front,True,b_front,False,a_front,True,a_front,True,b_front,False,a_front,True
CLEVR_val_000201.png,large cyan rubber sphere,large brown metal cube,b_front,medium,b_front,True,b_front,True,a_front,False,b_front,True,b_front,True,a_front,False
CLEVR_val_000102.png,small yellow metal cylinder,small blue rubber cylinder,a_front,medium,a_front,True,a_front,True,b_front,False,a_front,True,a_front,True,b_front,False
CLEVR_val_000169.png,large cyan metal sphere,small blue rubber cube,b_front,large,b_front,True,b_front,True,a_front,False,a_front,False,a_front,False,b_front,True
CLEVR_val_000052.png,small yellow rubber cylinder,small brown rubber cube,a_front,medium,a_front,True,a_front,True,b_front,False,a_front,True,b_front,False,a_front,True
CLEVR_val_000017.png,large red rubber sphere,small brown rubber cylinder,a_front,medium,b_front,False,a_front,True,b_front,False,a_front,True,a_front,True,b_front,False
CLEVR_val_000203.png,small gray metal sphere,small yellow metal cube,a_front,medium,a_front,True,a_front,True,b_front,False,a_front,True,b_front,False,a_front,True
CLEVR_val_000260.png,small green metal cylinder,small cyan rubber cube,a_front,large,b_front,False,a_front,True,b_front,False,b_front,False,b_front,False,a_front,True
CLEVR_val_000172.png,large purple rubber cylinder,small brown metal cube,b_front,small,a_front,False,b_front,True,a_front,False,a_front,False,a_front,False,b_front,True
CLEVR_val_000234.png,large cyan metal sphere,small gray metal sphere,b_front,large,b_front,True,b_front,True,a_front,False,a_front,False,a_front,False,b_front,True
CLEVR_val_000226.png,small yellow metal cylinder,large brown rubber cylinder,b_front,medium,a_front,False,a_front,False,b_front,True,b_front,True,b_front,True,a_front,False
CLEVR_val_000008.png,small gray metal sphere,small purple rubber cylinder,a_front,large,b_front,False,a_front,True,b_front,False,b_front,False,a_front,True,b_front,False
CLEVR_val_000117.png,small cyan metal cylinder,small brown metal cube,b_front,medium,a_front,False,b_front,True,a_front,False,a_front,False,a_front,False,b_front,True
CLEVR_val_000244.png,small cyan metal cylinder,small yellow metal cylinder,b_front,large,b_front,True,b_front,True,a_front,False,b_front,True,b_front,True,a_front,False
CLEVR_val_000218.png,small brown metal sphere,large green metal sphere,a_front,small,a_front,True,a_front,True,b_front,False,b_front,False,a_front,True,b_front,False
CLEVR_val_000244.png,large blue metal cylinder,small red metal cylinder,a_front,small,b_front,False,b_front,False,a_front,True,a_front,True,b_front,False,a_front,True
CLEVR_val_000287.png,small red metal cube,small green rubber cube,a_front,large,a_front,True,a_front,True,b_front,False,a_front,True,b_front,False,a_front,True
CLEVR_val_000008.png,small purple metal cube,small brown rubber sphere,a_front,small,b_front,False,a_front,True,b_front,False,b_front,False,a_front,True,b_front,False
CLEVR_val_000087.png,small red metal cylinder,large brown rubber sphere,b_front,medium,a_front,False,b_front,True,a_front,False,b_front,True,b_front,True,a_front,False
CLEVR_val_000160.png,large red rubber cylinder,small gray rubber cylinder,b_front,large,b_front,True,b_front,True,a_front,False,a_front,False,b_front,True,a_front,False
CLEVR_val_000072.png,small gray rubber cylinder,large purple rubber sphere,a_front,medium,a_front,True,a_front,True,b_front,False,b_front,False,b_front,False,a_front,True
CLEVR_val_000163.png,small green rubber cube,small purple metal cylinder,a_front,large,b_front,False,a_front,True,b_front,False,b_front,False,a_front,True,b_front,False
CLEVR_val_000049.png,small yellow metal sphere,small brown rubber sphere,b_front,small,a_front,False,b_front,True,a_front,False,a_front,False,a_front,False,b_front,True
CLEVR_val_000188.png,large brown rubber cylinder,large gray metal cylinder,a_front,large,b_front,False,a_front,True,b_front,False,b_front,False,a_front,True,b_front,False
CLEVR_val_000057.png,large red metal sphere,large purple metal cube,b_front,large,a_front,False,b_front,True,a_front,False,a_front,False,a_front,False,b_front,True
CLEVR_val_000196.png,small yellow rubber sphere,large cyan rubber sphere,b_front,large,b_front,True,b_front,True,a_front,False,b_front,True,a_front,False,b_front,True
CLEVR_val_000161.png,large green metal cylinder,large cyan metal sphere,a_front,medium,a_front,True,a_front,True,b_front,False,a_front,True,a_front,True,b_front,False
CLEVR_val_000054.png,large purple metal cylinder,large cyan metal cylinder,b_front,medium,b_front,True,b_front,True,a_front,False,b_front,True,b_front,True,a_front,False
CLEVR_val_000156.png,small purple metal sphere,small gray metal cylinder,b_front,large,a_front,False,b_front,True,a_front,False,a_front,False,a_front,False,b_front,True
CLEVR_val_000240.png,large brown metal sphere,large blue rubber cube,b_front,large,b_front,True,b_front,True,a_front,False,b_front,True,b_front,True,a_front,False
CLEVR_val_000128.png,small cyan metal cube,small gray metal cube,b_front,medium,a_front,False,b_front,True,a_front,False,a_front,False,a_front,False,b_front,True
CLEVR_val_000223.png,large green metal sphere,small yellow rubber sphere,a_front,large,b_front,False,a_front,True,b_front,False,a_front,True,a_front,True,b_front,False
CLEVR_val_000062.png,small green rubber sphere,small cyan rubber sphere,a_front,large,a_front,True,a_front,True,b_front,False,a_front,True,b_front,False,a_front,True
CLEVR_val_000078.png,large gray rubber cylinder,large gray rubber cube,b_front,large,b_front,True,b_front,True,a_front,False,b_front,True,b_front,True,a_front,False
CLEVR_val_000273.png,large gray metal sphere,large purple metal sphere,b_front,large,a_front,False,b_front,True,a_front,False,a_front,False,b_front,True,a_front,False
CLEVR_val_000066.png,small red metal cylinder,small yellow rubber sphere,b_front,small,b_front,True,b_front,True,a_front,False,b_front,True,a_front,False,b_front,True
CLEVR_val_000260.png,small cyan rubber cube,small red rubber cylinder,b_front,large,a_front,False,b_front,True,a_front,False,a_front,False,b_front,True,a_front,False
CLEVR_val_000211.png,small red rubber cylinder,small yellow rubber sphere,a_front,large,b_front,False,a_front,True,b_front,False,b_front,False,a_front,True,b_front,False
CLEVR_val_000171.png,small green metal cube,large red rubber sphere,b_front,medium,a_front,False,b_front,True,a_front,False,b_front,True,a_front,False,b_front,True
CLEVR_val_000146.png,small yellow metal sphere,small purple metal cylinder,b_front,large,b_front,True,b_front,True,a_front,False,b_front,True,a_front,False,b_front,True
CLEVR_val_000055.png,small green metal sphere,small cyan metal cube,a_front,medium,a_front,True,a_front,True,b_front,False,a_front,True,b_front,False,a_front,True
CLEVR_val_000123.png,small gray metal sphere,small gray metal cube,b_front,large,b_front,True,b_front,True,a_front,False,b_front,True,a_front,False,b_front,True
CLEVR_val_000131.png,large gray metal sphere,small red metal cube,a_front,large,a_front,True,a_front,True,b_front,False,a_front,True,b_front,False,a_front,True
CLEVR_val_000191.png,small yellow rubber sphere,large purple metal cylinder,b_front,large,b_front,True,b_front,True,a_front,False,b_front,True,a_front,False,b_front,True
CLEVR_val_000279.png,small brown rubber cube,large yellow rubber cylinder,b_front,medium,a_front,False,a_front,False,b_front,True,b_front,True,b_front,True,a_front,False
CLEVR_val_000287.png,small red metal cube,small purple metal sphere,a_front,large,b_front,False,a_front,True,b_front,False,b_front,False,a_front,True,b_front,False
CLEVR_val_000055.png,large green metal cube,small cyan rubber cylinder,b_front,medium,a_front,False,b_front,True,a_front,False,a_front,False,a_front,False,b_front,True
CLEVR_val_000273.png,large brown rubber cube,small yellow rubber cube,b_front,large,b_front,True,b_front,True,a_front,False,a_front,False,a_front,False,b_front,True
CLEVR_val_000002.png,small green metal sphere,large purple metal cylinder,a_front,small,a_front,True,a_front,True,b_front,False,b_front,False,a_front,True,b_front,False
CLEVR_val_000114.png,large blue rubber sphere,small gray rubber cylinder,b_front,medium,b_front,True,b_front,True,a_front,False,a_front,False,a_front,False,b_front,True
CLEVR_val_000199.png,small gray metal cube,large green rubber sphere,a_front,large,a_front,True,a_front,True,b_front,False,b_front,False,a_front,True,b_front,False
CLEVR_val_000104.png,large yellow metal cube,small gray metal sphere,b_front,small,b_front,True,b_front,True,a_front,False,a_front,False,a_front,False,b_front,True
CLEVR_val_000084.png,large purple metal cylinder,small red rubber cylinder,b_front,large,a_front,False,b_front,True,a_front,False,a_front,False,a_front,False,b_front,True
CLEVR_val_000163.png,small cyan metal sphere,large blue rubber sphere,a_front,large,b_front,False,a_front,True,b_front,False,b_front,False,a_front,True,b_front,False
CLEVR_val_000198.png,small cyan rubber cylinder,large red metal cube,b_front,medium,a_front,False,b_front,True,a_front,False,b_front,True,b_front,True,a_front,False
CLEVR_val_000110.png,large red metal sphere,small brown rubber sphere,a_front,medium,b_front,False,a_front,True,b_front,False,a_front,True,b_front,False,a_front,True
CLEVR_val_000196.png,large green metal cube,large gray metal sphere,b_front,large,a_front,False,b_front,True,a_front,False,a_front,False,b_front,True,a_front,False
CLEVR_val_000061.png,small gray rubber cylinder,small brown rubber cube,a_front,large,b_front,False,a_front,True,b_front,False,b_front,False,a_front,True,b_front,False
CLEVR_val_000168.png,large yellow metal cylinder,small gray rubber sphere,a_front,large,a_front,True,a_front,True,b_front,False,a_front,True,b_front,False,a_front,True
CLEVR_val_000107.png,small green metal sphere,large blue rubber cube,a_front,large,b_front,False,a_front,True,b_front,False,b_front,False,b_front,False,a_front,True
CLEVR_val_000234.png,large green rubber cylinder,large red metal cube,b_front,small,a_front,False,b_front,True,a_front,False,a_front,False,a_front,False,b_front,True
CLEVR_val_000266.png,small brown metal cylinder,large cyan rubber cylinder,b_front,small,b_front,True,a_front,False,b_front,True,b_front,True,a_front,False,b_front,True
CLEVR_val_000181.png,small brown metal cube,small yellow rubber cylinder,a_front,small,a_front,True,a_front,True,b_front,False,a_front,True,a_front,True,b_front,False
CLEVR_val_000191.png,large purple rubber sphere,small red metal sphere,b_front,small,b_front,True,b_front,True,a_front,False,a_front,False,b_front,True,a_front,False
CLEVR_val_000131.png,small brown metal cube,large purple rubber cube,b_front,large,a_front,False,b_front,True,a_front,False,b_front,True,b_front,True,a_front,False
CLEVR_val_000171.png,small gray metal sphere,small purple rubber sphere,a_front,large,b_front,False,a_front,True,b_front,False,b_front,False,a_front,True,b_front,False
CLEVR_val_000105.png,small blue metal cube,small cyan metal sphere,a_front,small,a_front,True,a_front,True,b_front,False,a_front,True,b_front,False,a_front,True
CLEVR_val_000273.png,large purple metal sphere,small cyan rubber cube,a_front,large,b_front,False,a_front,True,b_front,False,a_front,True,a_front,True,b_front,False
CLEVR_val_000137.png,small red metal sphere,small yellow metal sphere,a_front,small,a_front,True,a_front,True,b_front,False,a_front,True,a_front,True,b_front,False
CLEVR_val_000281.png,small yellow rubber cube,small gray rubber cube,b_front,medium,b_front,True,b_front,True,a_front,False,b_front,True,a_front,False,b_front,True
CLEVR_val_000118.png,small green metal sphere,small cyan metal sphere,b_front,medium,a_front,False,b_front,True,a_front,False,a_front,False,a_front,False,b_front,True
CLEVR_val_000262.png,small cyan metal sphere,small brown rubber sphere,b_front,large,b_front,True,b_front,True,a_front,False,b_front,True,a_front,False,b_front,True
CLEVR_val_000002.png,large purple metal cylinder,large gray rubber cylinder,b_front,large,a_front,False,b_front,True,a_front,False,a_front,False,b_front,True,a_front,False
CLEVR_val_000180.png,small red rubber cube,large green rubber cylinder,a_front,medium,b_front,False,a_front,True,b_front,False,b_front,False,b_front,False,a_front,True
CLEVR_val_000013.png,large purple metal cube,small red rubber sphere,b_front,large,a_front,False,b_front,True,a_front,False,a_front,False,a_front,False,b_front,True
CLEVR_val_000243.png,small purple metal sphere,large brown metal cube,b_front,large,b_front,True,b_front,True,a_front,False,b_front,True,a_front,False,b_front,True
CLEVR_val_000092.png,large brown rubber sphere,small green metal sphere,a_front,large,a_front,True,a_front,True,b_front,False,a_front,True,b_front,False,a_front,True
CLEVR_val_000097.png,large blue metal cylinder,small purple metal sphere,b_front,small,b_front,True,b_front,True,a_front,False,a_front,False,a_front,False,b_front,True
CLEVR_val_000013.png,large purple metal cube,large blue metal sphere,b_front,medium,a_front,False,b_front,True,a_front,False,a_front,False,a_front,False,b_front,True
CLEVR_val_000178.png,small cyan metal cylinder,small brown rubber sphere,b_front,medium,b_front,True,b_front,True,a_front,False,b_front,True,b_front,True,a_front,False
CLEVR_val_000018.png,large purple metal cube,large cyan metal cylinder,a_front,medium,a_front,True,a_front,True,b_front,False,a_front,True,a_front,True,b_front,False
CLEVR_val_000075.png,small purple rubber cylinder,small brown metal cube,a_front,medium,b_front,False,a_front,True,b_front,False,b_front,False,b_front,False,a_front,True
CLEVR_val_000040.png,large yellow rubber sphere,small green rubber sphere,a_front,medium,a_front,True,a_front,True,b_front,False,a_front,True,a_front,True,b_front,False
CLEVR_val_000214.png,small yellow rubber sphere,small red rubber cylinder,b_front,large,b_front,True,b_front,True,a_front,False,b_front,True,b_front,True,a_front,False
CLEVR_val_000283.png,large red rubber cube,large brown metal cube,b_front,medium,a_front,False,b_front,True,a_front,False,a_front,False,a_front,False,b_front,True
CLEVR_val_000121.png,large blue metal cylinder,large purple metal cube,b_front,large,b_front,True,b_front,True,a_front,False,b_front,True,b_front,True,a_front,False
CLEVR_val_000229.png,small yellow metal sphere,large yellow metal cube,b_front,large,a_front,False,b_front,True,a_front,False,b_front,True,b_front,True,a_front,False
CLEVR_val_000212.png,large cyan rubber cube,small cyan metal cube,b_front,large,b_front,True,b_front,True,a_front,False,a_front,False,a_front,False,b_front,True
CLEVR_val_000083.png,small gray metal sphere,small brown metal sphere,a_front,large,a_front,True,a_front,True,b_front,False,a_front,True,b_front,False,a_front,True
CLEVR_val_000053.png,small yellow metal cylinder,small yellow rubber cube,b_front,medium,b_front,True,b_front,True,a_front,False,b_front,True,b_front,True,a_front,False
CLEVR_val_000156.png,small gray metal cylinder,small red rubber cylinder,a_front,medium,a_front,True,a_front,True,b_front,False,a_front,True,a_front,True,b_front,False
CLEVR_val_000092.png,large brown metal cylinder,small yellow rubber sphere,b_front,large,b_front,True,b_front,True,a_front,False,a_front,False,a_front,False,b_front,True
CLEVR_val_000161.png,large green rubber cube,small gray metal cylinder,b_front,medium,a_front,False,b_front,True,a_front,False,a_front,False,b_front,True,a_front,False
CLEVR_val_000234.png,large gray metal cube,large gray rubber cube,a_front,large,b_front,False,a_front,True,b_front,False,b_front,False,a_front,True,b_front,False
CLEVR_val_000201.png,small yellow rubber sphere,small red rubber cube,b_front,large,a_front,False,b_front,True,a_front,False,a_front,False,b_front,True,a_front,False
CLEVR_val_000268.png,large green metal cylinder,large blue rubber cylinder,a_front,large,b_front,False,a_front,True,b_front,False,b_front,False,a_front,True,b_front,False
CLEVR_val_000273.png,large gray metal sphere,small yellow rubber cube,b_front,large,a_front,False,b_front,True,a_front,False,a_front,False,a_front,False,b_front,True
CLEVR_val_000104.png,small cyan rubber cube,large brown metal sphere,b_front,large,b_front,True,b_front,True,a_front,False,b_front,True,b_front,True,a_front,False
CLEVR_val_000244.png,large blue rubber sphere,small yellow metal cylinder,b_front,large,a_front,False,b_front,True,a_front,False,a_front,False,a_front,False,b_front,True
CLEVR_val_000212.png,large yellow metal cube,small green rubber cube,a_front,large,b_front,False,a_front,True,b_front,False,a_front,True,a_front,True,b_front,False
CLEVR_val_000090.png,small blue metal sphere,small gray metal sphere,a_front,large,a_front,True,a_front,True,b_front,False,a_front,True,a_front,True,b_front,False
CLEVR_val_000261.png,large yellow metal cylinder,small green rubber cylinder,a_front,medium,b_front,False,a_front,True,b_front,False,a_front,True,a_front,True,b_front,False
CLEVR_val_000013.png,small gray rubber cube,small red metal cube,a_front,large,a_front,True,a_front,True,b_front,False,a_front,True,b_front,False,a_front,True
CLEVR_val_000077.png,small brown metal sphere,small green rubber cube,b_front,large,b_front,True,b_front,True,a_front,False,b_front,True,a_front,False,b_front,True
CLEVR_val_000250.png,small brown rubber sphere,large purple metal sphere,b_front,medium,a_front,False,b_front,True,a_front,False,b_front,True,b_front,True,a_front,False
CLEVR_val_000241.png,small purple metal cube,large purple metal cylinder,a_front,medium,b_front,False,a_front,True,b_front,False,b_front,False,b_front,False,a_front,True
CLEVR_val_000216.png,small purple metal cube,small blue rubber cylinder,b_front,large,a_front,False,b_front,True,a_front,False,a_front,False,a_front,False,b_front,True
CLEVR_val_000261.png,small yellow metal cylinder,large blue rubber sphere,a_front,large,b_front,False,a_front,True,b_front,False,b_front,False,a_front,True,b_front,False
CLEVR_val_000052.png,small yellow rubber cylinder,small purple rubber cube,a_front,large,a_front,True,a_front,True,b_front,False,a_front,True,b_front,False,a_front,True
CLEVR_val_000277.png,large brown rubber cylinder,small yellow metal cube,a_front,large,b_front,False,a_front,True,b_front,False,a_front,True,b_front,False,a_front,True
CLEVR_val_000162.png,large blue rubber cylinder,large red metal cube,a_front,small,a_front,True,a_front,True,b_front,False,a_front,True,a_front,True,b_front,False
CLEVR_val_000119.png,large gray rubber cube,large blue metal sphere,a_front,large,b_front,False,a_front,True,b_front,False,b_front,False,a_front,True,b_front,False
CLEVR_val_000067.png,small yellow rubber cube,small green metal cylinder,a_front,large,a_front,True,a_front,True,b_front,False,a_front,True,a_front,True,b_front,False
CLEVR_val_000025.png,large green metal cylinder,large gray metal cylinder,a_front,medium,b_front,False,a_front,True,b_front,False,b_front,False,a_front,True,b_front,False
CLEVR_val_000087.png,small purple rubber cylinder,small green metal sphere,b_front,medium,a_front,False,b_front,True,a_front,False,a_front,False,b_front,True,a_front,False
CLEVR_val_000157.png,small green rubber cylinder,small brown metal cylinder,a_front,large,b_front,False,a_front,True,b_front,False,b_front,False,a_front,True,b_front,False
CLEVR_val_000097.png,large blue metal cylinder,small cyan metal cylinder,a_front,small,a_front,True,a_front,True,a_front,True,a_front,True,a_front,True,b_front,False
CLEVR_val_000073.png,large purple rubber sphere,small blue rubber sphere,b_front,medium,b_front,True,b_front,True,a_front,False,a_front,False,a_front,False,b_front,True
CLEVR_val_000009.png,small gray metal sphere,small blue metal cube,a_front,large,a_front,True,a_front,True,b_front,False,a_front,True,a_front,True,b_front,False
CLEVR_val_000146.png,small gray metal cube,small red rubber cylinder,b_front,large,b_front,True,b_front,True,a_front,False,b_front,True,b_front,True,a_front,False
CLEVR_val_000003.png,small yellow rubber sphere,large gray rubber cube,a_front,large,a_front,True,a_front,True,b_front,False,b_front,False,b_front,False,a_front,True
CLEVR_val_000228.png,small brown rubber sphere,small blue metal cube,b_front,medium,b_front,True,b_front,True,a_front,False,b_front,True,b_front,True,a_front,False
CLEVR_val_000140.png,small purple rubber cylinder,large green rubber cylinder,b_front,medium,a_front,False,b_front,True,a_front,False,b_front,True,a_front,False,b_front,True
CLEVR_val_000170.png,large green metal cylinder,small cyan metal cylinder,a_front,large,b_front,False,a_front,True,b_front,False,a_front,True,b_front,False,a_front,True
CLEVR_val_000052.png,small gray rubber sphere,small yellow rubber cylinder,b_front,small,a_front,False,b_front,True,a_front,False,a_front,False,b_front,True,a_front,False
CLEVR_val_000025.png,small cyan metal cylinder,large gray rubber sphere,b_front,large,b_front,True,b_front,True,a_front,False,b_front,True,b_front,True,a_front,False
CLEVR_val_000073.png,large purple rubber sphere,small blue metal sphere,a_front,medium,a_front,True,a_front,True,b_front,False,a_front,True,a_front,True,b_front,False
CLEVR_val_000221.png,small green metal sphere,large cyan metal sphere,a_front,medium,b_front,False,a_front,True,b_front,False,b_front,False,a_front,True,b_front,False
CLEVR_val_000096.png,large brown rubber cube,large red metal cylinder,b_front,large,a_front,False,b_front,True,a_front,False,a_front,False,a_front,False,b_front,True
CLEVR_val_000157.png,small brown rubber cylinder,small green rubber cylinder,b_front,medium,b_front,True,b_front,True,a_front,False,b_front,True,a_front,False,b_front,True
CLEVR_val_000123.png,large cyan metal cube,small brown rubber cylinder,b_front,medium,a_front,False,b_front,True,a_front,False,a_front,False,a_front,False,b_front,True
CLEVR_val_000217.png,small cyan metal cube,small red rubber cylinder,b_front,small,b_front,True,b_front,True,a_front,False,b_front,True,b_front,True,a_front,False
CLEVR_val_000244.png,large red rubber cube,small red metal cylinder,a_front,large,a_front,True,a_front,True,b_front,False,a_front,True,a_front,True,b_front,False
CLEVR_val_000081.png,large purple rubber cylinder,large green metal cylinder,a_front,medium,b_front,False,a_front,True,b_front,False,b_front,False,b_front,False,a_front,True
CLEVR_val_000123.png,large cyan metal cylinder,small gray metal cube,b_front,large,a_front,False,b_front,True,a_front,False,a_front,False,a_front,False,b_front,True
CLEVR_val_000011.png,large brown rubber cylinder,small red metal cube,a_front,small,b_front,False,b_front,False,a_front,True,a_front,True,a_front,True,b_front,False
CLEVR_val_000244.png,small cyan metal cylinder,large purple metal cube,b_front,small,a_front,False,a_front,False,b_front,True,b_front,True,a_front,False,b_front,True
CLEVR_val_000015.png,large red metal sphere,small red metal sphere,b_front,medium,b_front,True,b_front,True,a_front,False,a_front,False,b_front,True,a_front,False
CLEVR_val_000025.png,small yellow rubber cube,large green metal cylinder,a_front,medium,a_front,True,a_front,True,b_front,False,b_front,False,b_front,False,a_front,True
CLEVR_val_000121.png,small cyan metal cylinder,large blue rubber sphere,b_front,large,b_front,True,b_front,True,a_front,False,b_front,True,a_front,False,b_front,True
CLEVR_val_000193.png,large gray metal cube,large yellow rubber cube,b_front,large,a_front,False,b_front,True,a_front,False,a_front,False,b_front,True,a_front,False
CLEVR_val_000220.png,large green rubber cylinder,small brown metal cylinder,b_front,medium,b_front,True,b_front,True,a_front,False,a_front,False,b_front,True,a_front,False
CLEVR_val_000243.png,small green rubber cube,small purple rubber cylinder,a_front,large,a_front,True,a_front,True,b_front,False,a_front,True,b_front,False,a_front,True
CLEVR_val_000219.png,small yellow metal cube,large green metal sphere,b_front,large,b_front,True,b_front,True,a_front,False,b_front,True,a_front,False,b_front,True
CLEVR_val_000182.png,small red metal cube,large brown metal cube,a_front,large,a_front,True,a_front,True,b_front,False,b_front,False,a_front,True,b_front,False
CLEVR_val_000078.png,small gray rubber cylinder,small purple metal cylinder,b_front,medium,b_front,True,b_front,True,a_front,False,b_front,True,b_front,True,a_front,False
CLEVR_val_000152.png,large red metal cylinder,small brown metal sphere,a_front,medium,a_front,True,a_front,True,b_front,False,a_front,True,b_front,False,a_front,True
CLEVR_val_000196.png,small purple rubber cube,large red rubber cube,b_front,medium,b_front,True,b_front,True,a_front,False,b_front,True,a_front,False,b_front,True
CLEVR_val_000142.png,large purple metal sphere,small blue metal cylinder,a_front,small,a_front,True,a_front,True,b_front,False,a_front,True,b_front,False,a_front,True
CLEVR_val_000176.png,large gray metal cylinder,small gray rubber cylinder,b_front,large,b_front,True,b_front,True,a_front,False,a_front,False,a_front,False,b_front,True
CLEVR_val_000052.png,large cyan rubber cylinder,small cyan rubber cube,b_front,medium,a_front,False,b_front,True,a_front,False,a_front,False,b_front,True,a_front,False
CLEVR_val_000102.png,large yellow metal sphere,small blue rubber cylinder,b_front,large,b_front,True,b_front,True,a_front,False,a_front,False,a_front,False,b_front,True
CLEVR_val_000137.png,small green rubber sphere,large cyan rubber cube,b_front,large,a_front,False,b_front,True,a_front,False,b_front,True,b_front,True,a_front,False
CLEVR_val_000243.png,small green rubber cube,large brown metal cube,a_front,medium,b_front,False,a_front,True,b_front,False,b_front,False,a_front,True,b_front,False
CLEVR_val_000077.png,large blue metal sphere,small cyan metal cylinder,b_front,large,a_front,False,b_front,True,a_front,False,a_front,False,b_front,True,a_front,False
CLEVR_val_000238.png,small cyan rubber cylinder,large purple rubber sphere,b_front,medium,b_front,True,b_front,True,a_front,False,b_front,True,a_front,False,b_front,True
CLEVR_val_000155.png,large blue metal sphere,large purple metal sphere,b_front,large,a_front,False,b_front,True,a_front,False,a_front,False,b_front,True,a_front,False
CLEVR_val_000111.png,large yellow metal cube,small yellow metal cube,a_front,large,b_front,False,a_front,True,b_front,False,a_front,True,a_front,True,b_front,False
CLEVR_val_000135.png,large green metal cube,small yellow metal cube,b_front,medium,a_front,False,b_front,True,a_front,False,a_front,False,a_front,False,b_front,True
CLEVR_val_000169.png,large blue rubber cylinder,small blue rubber cube,b_front,large,b_front,True,b_front,True,a_front,False,a_front,False,b_front,True,a_front,False
CLEVR_val_000126.png,large blue metal cylinder,small gray rubber cylinder,a_front,large,a_front,True,a_front,True,b_front,False,a_front,True,a_front,True,b_front,False
CLEVR_val_000158.png,small cyan metal sphere,large gray rubber cube,b_front,small,b_front,True,a_front,False,b_front,True,b_front,True,a_front,False,b_front,True
CLEVR_val_000267.png,small gray rubber sphere,small green rubber cube,b_front,medium,a_front,False,b_front,True,a_front,False,a_front,False,a_front,False,b_front,True
CLEVR_val_000056.png,large cyan metal cube,small yellow metal cylinder,a_front,medium,b_front,False,a_front,True,b_front,False,a_front,True,b_front,False,a_front,True
CLEVR_val_000212.png,large cyan rubber cube,small brown metal cube,a_front,large,a_front,True,a_front,True,b_front,False,a_front,True,b_front,False,a_front,True
CLEVR_val_000074.png,large blue metal cube,large brown rubber sphere,a_front,medium,b_front,False,a_front,True,b_front,False,b_front,False,b_front,False,a_front,True
CLEVR_val_000266.png,small brown rubber sphere,large cyan rubber cylinder,b_front,medium,a_front,False,b_front,True,a_front,False,b_front,True,b_front,True,a_front,False
CLEVR_val_000225.png,small yellow rubber sphere,large gray rubber cube,b_front,medium,b_front,True,b_front,True,a_front,False,b_front,True,b_front,True,a_front,False
CLEVR_val_000185.png,large yellow metal sphere,large red metal cylinder,a_front,large,a_front,True,a_front,True,b_front,False,a_front,True,a_front,True,b_front,False
CLEVR_val_000025.png,small yellow rubber cube,large gray rubber sphere,a_front,small,b_front,False,a_front,True,b_front,False,b_front,False,a_front,True,b_front,False
CLEVR_val_000168.png,large gray metal sphere,small red rubber cube,b_front,medium,a_front,False,b_front,True,a_front,False,a_front,False,a_front,False,b_front,True
CLEVR_val_000077.png,small brown metal sphere,small brown metal cylinder,b_front,large,b_front,True,b_front,True,a_front,False,b_front,True,b_front,True,a_front,False
CLEVR_val_000102.png,small yellow metal cylinder,small green rubber cylinder,a_front,large,a_front,True,a_front,True,b_front,False,a_front,True,b_front,False,a_front,True
CLEVR_val_000167.png,small red rubber cube,large purple rubber cylinder,a_front,medium,b_front,False,a_front,True,b_front,False,b_front,False,a_front,True,b_front,False
CLEVR_val_000199.png,large green rubber sphere,large red metal sphere,b_front,large,a_front,False,b_front,True,a_front,False,a_front,False,a_front,False,b_front,True
CLEVR_val_000162.png,large red metal cube,small red rubber cylinder,b_front,large,b_front,True,b_front,True,a_front,False,a_front,False,b_front,True,a_front,False
CLEVR_val_000067.png,small brown rubber sphere,small green metal cylinder,a_front,medium,a_front,True,a_front,True,b_front,False,a_front,True,b_front,False,a_front,True
CLEVR_val_000228.png,large gray rubber cylinder,small gray metal sphere,a_front,medium,b_front,False,a_front,True,b_front,False,a_front,True,a_front,True,b_front,False
CLEVR_val_000230.png,small red metal sphere,large yellow metal cube,a_front,small,a_front,True,a_front,True,b_front,False,b_front,False,a_front,True,b_front,False
CLEVR_val_000046.png,small brown rubber cylinder,small green rubber sphere,b_front,small,b_front,True,b_front,True,a_front,False,b_front,True,b_front,True,a_front,False
CLEVR_val_000188.png,small green rubber sphere,large gray metal cylinder,a_front,large,a_front,True,a_front,True,b_front,False,b_front,False,a_front,True,b_front,False
CLEVR_val_000162.png,large purple metal cylinder,large red metal cube,b_front,medium,b_front,True,b_front,True,a_front,False,b_front,True,a_front,False,b_front,True
CLEVR_val_000181.png,small brown rubber sphere,large green metal cube,a_front,large,a_front,True,a_front,True,b_front,False,b_front,False,a_front,True,b_front,False
CLEVR_val_000152.png,small purple rubber cylinder,small brown metal sphere,a_front,large,b_front,False,a_front,True,b_front,False,b_front,False,b_front,False,a_front,True
CLEVR_val_000046.png,large purple metal cylinder,small blue metal sphere,a_front,medium,a_front,True,a_front,True,b_front,False,a_front,True,a_front,True,b_front,False
CLEVR_val_000273.png,small red metal cube,large purple metal sphere,b_front,large,b_front,True,b_front,True,a_front,False,b_front,True,b_front,True,a_front,False
CLEVR_val_000277.png,large gray metal sphere,small yellow metal cube,a_front,medium,a_front,True,a_front,True,b_front,False,a_front,True,b_front,False,a_front,True
CLEVR_val_000061.png,small brown metal cylinder,small red metal cylinder,b_front,large,b_front,True,b_front,True,a_front,False,b_front,True,b_front,True,a_front,False
CLEVR_val_000201.png,small yellow metal sphere,small red rubber cube,b_front,large,a_front,False,b_front,True,a_front,False,a_front,False,a_front,False,b_front,True
CLEVR_val_000207.png,large purple metal cube,large green rubber cylinder,a_front,medium,b_front,False,a_front,True,b_front,False,b_front,False,b_front,False,a_front,True
CLEVR_val_000277.png,large gray metal sphere,large brown rubber sphere,b_front,large,a_front,False,b_front,True,a_front,False,a_front,False,b_front,True,a_front,False
CLEVR_val_000155.png,large blue metal cylinder,small blue rubber cylinder,b_front,large,b_front,True,b_front,True,a_front,False,a_front,False,b_front,True,a_front,False
CLEVR_val_000234.png,small cyan metal cube,large gray rubber cube,b_front,small,a_front,False,a_front,False,b_front,True,b_front,True,a_front,False,b_front,True
CLEVR_val_000020.png,large cyan metal cylinder,small blue rubber sphere,b_front,large,b_front,True,b_front,True,a_front,False,a_front,False,b_front,True,a_front,False
CLEVR_val_000090.png,small gray metal sphere,small green metal sphere,b_front,large,a_front,False,b_front,True,a_front,False,a_front,False,b_front,True,a_front,False
CLEVR_val_000151.png,small green rubber cube,small red metal cube,a_front,large,b_front,False,a_front,True,b_front,False,b_front,False,b_front,False,a_front,True
CLEVR_val_000100.png,small cyan rubber sphere,large green metal sphere,b_front,medium,a_front,False,b_front,True,a_front,False,b_front,True,b_front,True,a_front,False
CLEVR_val_000164.png,small purple metal cylinder,large green metal sphere,a_front,large,b_front,False,a_front,True,b_front,False,b_front,False,a_front,True,b_front,False
CLEVR_val_000184.png,small gray metal sphere,small red rubber sphere,a_front,large,a_front,True,a_front,True,b_front,False,a_front,True,a_front,True,b_front,False
CLEVR_val_000166.png,large yellow rubber cylinder,small yellow metal cylinder,a_front,small,b_front,False,b_front,False,a_front,True,a_front,True,a_front,True,b_front,False
CLEVR_val_000178.png,large cyan metal cube,small red metal cylinder,a_front,large,a_front,True,a_front,True,b_front,False,a_front,True,b_front,False,a_front,True
CLEVR_val_000166.png,small cyan metal cylinder,small yellow metal cylinder,b_front,medium,b_front,True,b_front,True,a_front,False,b_front,True,b_front,True,a_front,False
CLEVR_val_000192.png,small brown metal cylinder,small green rubber cube,b_front,medium,a_front,False,b_front,True,a_front,False,a_front,False,b_front,True,a_front,False
CLEVR_val_000057.png,small gray metal cube,small yellow metal cube,a_front,large,b_front,False,a_front,True,b_front,False,b_front,False,a_front,True,b_front,False
CLEVR_val_000196.png,small blue metal cube,small purple rubber cube,b_front,large,a_front,False,b_front,True,a_front,False,a_front,False,b_front,True,a_front,False
CLEVR_val_000066.png,large green metal cylinder,large blue rubber cube,b_front,small,b_front,True,b_front,True,a_front,False,b_front,True,a_front,False,b_front,True
CLEVR_val_000226.png,small yellow metal cylinder,small red metal cube,a_front,large,a_front,True,a_front,True,b_front,False,a_front,True,b_front,False,a_front,True
CLEVR_val_000228.png,large gray rubber cylinder,small brown rubber sphere,b_front,medium,b_front,True,b_front,True,a_front,False,a_front,False,a_front,False,b_front,True
CLEVR_val_000199.png,small gray metal cube,large yellow metal cube,a_front,small,a_front,True,a_front,True,b_front,False,b_front,False,a_front,True,b_front,False
CLEVR_val_000043.png,small cyan rubber cylinder,large red rubber sphere,b_front,large,b_front,True,b_front,True,a_front,False,b_front,True,a_front,False,b_front,True
CLEVR_val_000059.png,large blue metal sphere,small cyan metal sphere,a_front,large,a_front,True,a_front,True,b_front,False,a_front,True,a_front,True,b_front,False
CLEVR_val_000086.png,small purple metal cube,small brown metal cube,b_front,large,b_front,True,b_front,True,a_front,False,b_front,True,b_front,True,a_front,False
CLEVR_val_000073.png,large cyan metal cylinder,large red rubber sphere,b_front,large,a_front,False,b_front,True,a_front,False,a_front,False,b_front,True,a_front,False
CLEVR_val_000116.png,small blue rubber sphere,small gray metal cube,b_front,small,b_front,True,b_front,True,a_front,False,b_front,True,a_front,False,b_front,True
CLEVR_val_000252.png,large yellow metal sphere,small blue metal sphere,a_front,large,a_front,True,a_front,True,b_front,False,a_front,True,b_front,False,a_front,True
CLEVR_val_000031.png,large blue metal cylinder,small cyan rubber cylinder,b_front,large,b_front,True,b_front,True,a_front,False,a_front,False,a_front,False,b_front,True
CLEVR_val_000287.png,small purple metal sphere,small green rubber cube,b_front,medium,a_front,False,b_front,True,a_front,False,a_front,False,b_front,True,a_front,False
CLEVR_val_000068.png,small yellow rubber sphere,large gray metal cube,a_front,large,b_front,False,a_front,True,b_front,False,b_front,False,a_front,True,b_front,False
CLEVR_val_000152.png,small cyan metal sphere,small green metal sphere,a_front,large,a_front,True,a_front,True,b_front,False,a_front,True,a_front,True,b_front,False
CLEVR_val_000121.png,small purple rubber cube,large purple metal cube,b_front,medium,b_front,True,b_front,True,a_front,False,b_front,True,a_front,False,b_front,True
CLEVR_val_000043.png,large green rubber cylinder,small gray rubber sphere,b_front,small,a_front,False,b_front,True,a_front,False,a_front,False,b_front,True,a_front,False
CLEVR_val_000254.png,small yellow rubber sphere,large red rubber cube,b_front,large,b_front,True,b_front,True,a_front,False,b_front,True,b_front,True,a_front,False
CLEVR_val_000064.png,small blue rubber sphere,small purple rubber sphere,a_front,large,a_front,True,a_front,True,b_front,False,a_front,True,b_front,False,a_front,True
CLEVR_val_000113.png,large gray rubber cylinder,large cyan rubber cube,a_front,large,b_front,False,a_front,True,b_front,False,b_front,False,b_front,False,a_front,True
CLEVR_val_000181.png,large gray rubber sphere,small blue rubber sphere,a_front,medium,a_front,True,a_front,True,b_front,False,a_front,True,a_front,True,b_front,False
CLEVR_val_000174.png,small blue rubber cube,large blue rubber cylinder,a_front,large,b_front,False,a_front,True,b_front,False,b_front,False,a_front,True,b_front,False
CLEVR_val_000008.png,small purple metal cube,large yellow metal sphere,a_front,large,a_front,True,a_front,True,b_front,False,b_front,False,a_front,True,b_front,False
CLEVR_val_000270.png,large yellow rubber sphere,small blue rubber cube,a_front,medium,b_front,False,a_front,True,b_front,False,a_front,True,a_front,True,b_front,False
CLEVR_val_000003.png,large blue metal cylinder,small brown metal cylinder,b_front,large,a_front,False,b_front,True,a_front,False,a_front,False,b_front,True,a_front,False
CLEVR_val_000167.png,large blue rubber cylinder,large red metal cylinder,b_front,large,b_front,True,b_front,True,a_front,False,b_front,True,a_front,False,b_front,True
CLEVR_val_000041.png,large red metal sphere,large yellow metal sphere,b_front,large,a_front,False,b_front,True,a_front,False,a_front,False,b_front,True,a_front,False
CLEVR_val_000041.png,small gray rubber cylinder,large red metal sphere,a_front,large,b_front,False,a_front,True,b_front,False,b_front,False,b_front,False,a_front,True
CLEVR_val_000234.png,small cyan metal cube,large cyan rubber cube,b_front,large,a_front,False,b_front,True,a_front,False,b_front,True,a_front,False,b_front,True
CLEVR_val_000095.png,large blue metal sphere,small yellow rubber cube,a_front,large,b_front,False,a_front,True,b_front,False,a_front,True,a_front,True,b_front,False
CLEVR_val_000017.png,small gray rubber sphere,small brown metal cylinder,a_front,large,a_front,True,a_front,True,b_front,False,a_front,True,b_front,False,a_front,True
CLEVR_val_000024.png,large gray rubber sphere,small brown rubber cube,b_front,large,b_front,True,b_front,True,a_front,False,a_front,False,b_front,True,a_front,False
CLEVR_val_000078.png,large red metal cube,small brown metal cylinder,b_front,large,a_front,False,b_front,True,a_front,False,a_front,False,a_front,False,b_front,True
CLEVR_val_000180.png,small gray rubber cube,large green rubber cylinder,b_front,medium,b_front,True,b_front,True,a_front,False,b_front,True,b_front,True,a_front,False
CLEVR_val_000107.png,large blue rubber cylinder,large gray rubber cube,a_front,large,a_front,True,a_front,True,b_front,False,a_front,True,a_front,True,b_front,False
CLEVR_val_000273.png,small blue rubber sphere,small blue metal cube,b_front,medium,b_front,True,b_front,True,a_front,False,b_front,True,b_front,True,a_front,False
CLEVR_val_000119.png,small purple rubber sphere,small red metal cube,b_front,large,a_front,False,b_front,True,a_front,False,a_front,False,a_front,False,b_front,True
CLEVR_val_000166.png,large green rubber cube,small yellow metal cylinder,b_front,large,b_front,True,b_front,True,a_front,False,a_front,False,a_front,False,b_front,True
CLEVR_val_000008.png,large yellow rubber cylinder,small purple metal cube,b_front,large,a_front,False,b_front,True,a_front,False,a_front,False,b_front,True,a_front,False
CLEVR_val_000066.png,large yellow rubber cube,small green rubber cylinder,a_front,large,b_front,False,a_front,True,b_front,False,a_front,True,a_front,True,b_front,False
CLEVR_val_000245.png,small blue metal cube,large cyan rubber cube,a_front,large,a_front,True,a_front,True,b_front,False,b_front,False,a_front,True,b_front,False
CLEVR_val_000028.png,small gray rubber cylinder,large purple rubber sphere,b_front,large,b_front,True,b_front,True,a_front,False,b_front,True,b_front,True,a_front,False
CLEVR_val_000126.png,large gray rubber cube,small gray rubber cylinder,b_front,small,a_front,False,b_front,True,a_front,False,a_front,False,a_front,False,b_front,True
CLEVR_val_000234.png,large cyan rubber cube,small gray metal sphere,b_front,large,b_front,True,b_front,True,a_front,False,a_front,False,b_front,True,a_front,False
CLEVR_val_000181.png,small green rubber cube,large green metal cube,a_front,small,a_front,True,a_front,True,b_front,False,b_front,False,a_front,True,b_front,False
CLEVR_val_000009.png,large gray rubber cube,small brown metal sphere,a_front,large,b_front,False,a_front,True,b_front,False,a_front,True,a_front,True,b_front,False
CLEVR_val_000225.png,large brown metal cube,large blue metal cylinder,b_front,small,a_front,False,b_front,True,a_front,False,a_front,False,a_front,False,b_front,True
CLEVR_val_000234.png,large gray rubber cube,small gray metal sphere,b_front,large,b_front,True,b_front,True,a_front,False,a_front,False,b_front,True,a_front,False
CLEVR_val_000090.png,small purple rubber cylinder,small cyan rubber cylinder,b_front,medium,a_front,False,b_front,True,a_front,False,a_front,False,b_front,True,a_front,False
CLEVR_val_000196.png,small blue metal cube,small purple metal sphere,a_front,small,b_front,False,a_front,True,b_front,False,b_front,False,b_front,False,a_front,True
CLEVR_val_000172.png,large green metal sphere,small brown metal cube,a_front,medium,a_front,True,a_front,True,b_front,False,a_front,True,b_front,False,a_front,True
CLEVR_val_000044.png,small cyan metal cylinder,small green rubber cube,a_front,large,b_front,False,a_front,True,b_front,False,b_front,False,a_front,True,b_front,False
CLEVR_val_000230.png,large cyan rubber cylinder,large red metal sphere,a_front,large,a_front,True,a_front,True,b_front,False,a_front,True,a_front,True,a_front,True
CLEVR_val_000171.png,small blue metal sphere,large red rubber sphere,a_front,small,b_front,False,a_front,True,b_front,False,b_front,False,b_front,False,a_front,True
CLEVR_val_000254.png,small cyan rubber cube,small yellow rubber sphere,a_front,medium,a_front,True,a_front,True,b_front,False,a_front,True,a_front,True,b_front,False
CLEVR_val_000266.png,small brown rubber sphere,small brown metal cylinder,b_front,medium,b_front,True,b_front,True,a_front,False,b_front,True,b_front,True,a_front,False
CLEVR_val_000017.png,large red rubber sphere,small gray rubber sphere,b_front,medium,a_front,False,b_front,True,a_front,False,a_front,False,a_front,False,b_front,True
CLEVR_val_000041.png,small gray rubber cylinder,small green rubber sphere,a_front,medium,b_front,False,a_front,True,b_front,False,b_front,False,b_front,False,a_front,True
CLEVR_val_000069.png,small yellow metal cube,small green rubber cube,a_front,medium,a_front,True,a_front,True,b_front,False,a_front,True,b_front,False,a_front,True
CLEVR_val_000175.png,large cyan rubber cube,small purple metal sphere,a_front,large,b_front,False,a_front,True,b_front,False,a_front,True,a_front,True,b_front,False
CLEVR_val_000013.png,large blue metal sphere,small gray rubber cube,b_front,large,a_front,False,b_front,True,a_front,False,a_front,False,b_front,True,a_front,False
CLEVR_val_000198.png,small green rubber cylinder,large gray rubber cylinder,b_front,large,b_front,True,b_front,True,a_front,False,b_front,True,a_front,False,b_front,True
CLEVR_val_000240.png,small purple metal sphere,large blue metal cube,b_front,medium,a_front,False,b_front,True,a_front,False,b_front,True,a_front,False,b_front,True
CLEVR_val_000168.png,small brown rubber sphere,small gray rubber sphere,a_front,medium,b_front,False,a_front,True,b_front,False,b_front,False,a_front,True,b_front,False
CLEVR_val_000159.png,large blue metal sphere,small purple rubber cylinder,b_front,large,a_front,False,b_front,True,a_front,False,a_front,False,a_front,False,b_front,True
CLEVR_val_000057.png,large purple metal cube,small yellow metal cube,a_front,small,b_front,False,a_front,True,b_front,False,a_front,True,a_front,True,b_front,False
CLEVR_val_000025.png,small cyan rubber sphere,large cyan rubber cylinder,b_front,large,a_front,False,b_front,True,a_front,False,b_front,True,b_front,True,a_front,False
CLEVR_val_000131.png,large gray metal sphere,small brown metal cube,a_front,large,b_front,False,a_front,True,b_front,False,a_front,True,b_front,False,a_front,True
CLEVR_val_000175.png,large purple rubber cube,small purple metal sphere,a_front,medium,a_front,True,a_front,True,a_front,True,a_front,True,a_front,True,b_front,False
CLEVR_val_000077.png,large purple rubber sphere,small cyan metal cylinder,b_front,large,b_front,True,b_front,True,a_front,False,a_front,False,b_front,True,a_front,False
CLEVR_val_000185.png,small brown metal cube,large green metal cylinder,b_front,large,a_front,False,b_front,True,a_front,False,b_front,True,b_front,True,a_front,False
CLEVR_val_000098.png,large blue metal cylinder,large cyan metal sphere,a_front,large,b_front,False,a_front,True,b_front,False,b_front,False,b_front,False,a_front,True
CLEVR_val_000047.png,large red metal cube,small cyan rubber cylinder,a_front,large,a_front,True,a_front,True,b_front,False,a_front,True,b_front,False,a_front,True
CLEVR_val_000001.png,large gray metal cylinder,small yellow rubber cylinder,b_front,large,b_front,True,b_front,True,a_front,False,a_front,False,a_front,False,b_front,True
CLEVR_val_000141.png,large purple metal sphere,small blue metal cube,b_front,large,a_front,False,b_front,True,a_front,False,a_front,False,a_front,False,b_front,True
CLEVR_val_000124.png,large cyan rubber cylinder,small purple rubber cylinder,a_front,large,b_front,False,a_front,True,b_front,False,a_front,True,a_front,True,b_front,False
CLEVR_val_000028.png,large purple rubber sphere,small brown metal sphere,b_front,large,a_front,False,b_front,True,a_front,False,a_front,False,a_front,False,b_front,True
CLEVR_val_000151.png,small brown rubber sphere,small green rubber cube,b_front,large,b_front,True,b_front,True,a_front,False,b_front,True,a_front,False,b_front,True
CLEVR_val_000028.png,large purple metal sphere,small blue rubber cube,a_front,medium,a_front,True,a_front,True,b_front,False,a_front,True,a_front,True,b_front,False
CLEVR_val_000092.png,small green metal sphere,small yellow metal sphere,b_front,large,b_front,True,b_front,True,a_front,False,b_front,True,a_front,False,b_front,True
CLEVR_val_000244.png,large blue rubber cube,small red metal cylinder,a_front,large,a_front,True,a_front,True,b_front,False,a_front,True,b_front,False,a_front,True
CLEVR_val_000110.png,small brown rubber sphere,small yellow metal cylinder,a_front,large,b_front,False,a_front,True,b_front,False,b_front,False,b_front,False,a_front,True
CLEVR_val_000134.png,large red rubber sphere,large gray rubber cube,b_front,small,a_front,False,b_front,True,a_front,False,a_front,False,b_front,True,a_front,False
CLEVR_val_000231.png,small brown rubber cube,large cyan metal cylinder,b_front,small,b_front,True,a_front,False,b_front,True,b_front,True,a_front,False,b_front,True
CLEVR_val_000231.png,small brown rubber cube,large cyan rubber cylinder,b_front,medium,a_front,False,b_front,True,a_front,False,b_front,True,a_front,False,b_front,True
CLEVR_val_000146.png,small red metal sphere,large gray metal cylinder,a_front,large,b_front,False,a_front,True,b_front,False,b_front,False,b_front,False,a_front,True
CLEVR_val_000105.png,large purple rubber sphere,large red rubber cylinder,b_front,large,a_front,False,b_front,True,a_front,False,a_front,False,a_front,False,b_front,True
CLEVR_val_000266.png,small blue metal cube,small gray rubber cube,b_front,medium,b_front,True,b_front,True,a_front,False,b_front,True,b_front,True,a_front,False
CLEVR_val_000049.png,small green metal cube,large purple metal cylinder,a_front,small,a_front,True,a_front,True,b_front,False,b_front,False,a_front,True,b_front,False
CLEVR_val_000071.png,large brown rubber cube,large gray rubber cylinder,b_front,small,b_front,True,b_front,True,a_front,False,b_front,True,a_front,False,b_front,True
CLEVR_val_000215.png,small yellow metal sphere,large brown rubber cube,b_front,large,a_front,False,b_front,True,a_front,False,b_front,True,a_front,False,b_front,True
CLEVR_val_000215.png,small yellow rubber cylinder,small yellow metal sphere,a_front,large,b_front,False,a_front,True,b_front,False,b_front,False,b_front,False,a_front,True
CLEVR_val_000274.png,large cyan rubber cube,large yellow metal cube,a_front,medium,a_front,True,a_front,True,b_front,False,a_front,True,a_front,True,b_front,False
CLEVR_val_000002.png,large purple metal cylinder,small brown metal cylinder,a_front,large,b_front,False,a_front,True,b_front,False,a_front,True,b_front,False,a_front,True
CLEVR_val_000195.png,large green rubber sphere,small cyan rubber cube,b_front,small,a_front,False,b_front,True,a_front,False,a_front,False,b_front,True,a_front,False
CLEVR_val_000232.png,large purple metal sphere,large purple metal cylinder,b_front,medium,b_front,True,b_front,True,a_front,False,b_front,True,a_front,False,b_front,True
CLEVR_val_000027.png,small purple rubber cube,large cyan rubber cylinder,a_front,large,a_front,True,a_front,True,b_front,False,b_front,False,a_front,True,b_front,False
CLEVR_val_000104.png,small gray rubber cube,small gray metal sphere,a_front,large,b_front,False,a_front,True,b_front,False,b_front,False,a_front,True,b_front,False
CLEVR_val_000184.png,small gray metal sphere,large cyan rubber cylinder,a_front,medium,a_front,True,a_front,True,b_front,False,b_front,False,a_front,True,b_front,False
CLEVR_val_000230.png,large gray metal sphere,small red metal sphere,b_front,large,b_front,True,b_front,True,a_front,False,a_front,False,a_front,False,b_front,True
CLEVR_val_000165.png,large cyan rubber sphere,large brown rubber cube,b_front,large,a_front,False,b_front,True,a_front,False,a_front,False,a_front,False,b_front,True
CLEVR_val_000077.png,small brown metal sphere,large blue rubber cube,b_front,large,b_front,True,b_front,True,a_front,False,b_front,True,b_front,True,a_front,False
CLEVR_val_000072.png,small yellow metal sphere,small green rubber cylinder,a_front,large,a_front,True,a_front,True,b_front,False,a_front,True,a_front,True,b_front,False
CLEVR_val_000214.png,small yellow rubber sphere,small yellow metal cylinder,b_front,large,b_front,True,b_front,True,a_front,False,b_front,True,a_front,False,b_front,True
CLEVR_val_000230.png,large gray metal sphere,small green metal cylinder,b_front,medium,a_front,False,b_front,True,a_front,False,a_front,False,a_front,False,b_front,True
CLEVR_val_000028.png,large red metal cube,small brown metal sphere,b_front,medium,b_front,True,b_front,True,a_front,False,a_front,False,b_front,True,a_front,False
CLEVR_val_000130.png,large purple rubber cube,large red rubber cylinder,b_front,large,a_front,False,b_front,True,a_front,False,a_front,False,b_front,True,a_front,False
CLEVR_val_000054.png,large purple metal cylinder,small cyan metal cylinder,a_front,small,b_front,False,b_front,False,a_front,True,a_front,True,b_front,False,a_front,True
CLEVR_val_000252.png,large red metal cube,large yellow metal sphere,b_front,large,a_front,False,b_front,True,a_front,False,a_front,False,b_front,True,a_front,False
CLEVR_val_000260.png,small blue metal cube,small red rubber cylinder,b_front,medium,b_front,True,b_front,True,a_front,False,b_front,True,b_front,True,a_front,False
CLEVR_val_000104.png,small brown metal cylinder,large brown metal sphere,b_front,large,a_front,False,b_front,True,a_front,False,b_front,True,b_front,True,a_front,False
CLEVR_val_000273.png,small cyan metal sphere,large brown rubber cube,a_front,large,b_front,False,a_front,True,b_front,False,b_front,False,a_front,True,b_front,False
CLEVR_val_000078.png,small purple metal cylinder,small brown metal cylinder,a_front,small,a_front,True,a_front,True,b_front,False,a_front,True,a_front,True,b_front,False
CLEVR_val_000073.png,small green metal sphere,large red rubber sphere,a_front,small,b_front,False,a_front,True,b_front,False,b_front,False,b_front,False,a_front,True
CLEVR_val_000030.png,large cyan rubber cube,small yellow metal cube,a_front,large,a_front,True,a_front,True,b_front,False,a_front,True,b_front,False,a_front,True
CLEVR_val_000032.png,small gray rubber cylinder,large yellow rubber sphere,a_front,medium,b_front,False,a_front,True,b_front,False,b_front,False,b_front,False,a_front,True
CLEVR_val_000204.png,small yellow rubber cylinder,large red metal cylinder,b_front,large,a_front,False,b_front,True,a_front,False,b_front,True,a_front,False,b_front,True
CLEVR_val_000139.png,large purple metal sphere,small blue metal cylinder,b_front,medium,b_front,True,b_front,True,a_front,False,a_front,False,a_front,False,b_front,True
CLEVR_val_000077.png,small brown rubber sphere,small brown metal sphere,a_front,medium,a_front,True,a_front,True,b_front,False,a_front,True,b_front,False,a_front,True
CLEVR_val_000102.png,small red rubber cube,small blue metal cube,b_front,medium,b_front,True,b_front,True,a_front,False,b_front,True,a_front,False,b_front,True
CLEVR_val_000234.png,large purple rubber cube,large cyan rubber cube,b_front,medium,a_front,False,b_front,True,a_front,False,a_front,False,a_front,False,b_front,True
CLEVR_val_000173.png,large green metal sphere,small cyan rubber cylinder,a_front,large,b_front,False,a_front,True,b_front,False,a_front,True,b_front,False,a_front,True
CLEVR_val_000171.png,small green metal cube,small blue metal sphere,b_front,medium,a_front,False,b_front,True,a_front,False,a_front,False,a_front,False,b_front,True
CLEVR_val_000074.png,large yellow metal sphere,small green metal cylinder,a_front,large,b_front,False,a_front,True,b_front,False,a_front,True,b_front,False,a_front,True
CLEVR_val_000227.png,small red rubber cylinder,small purple rubber cylinder,b_front,large,a_front,False,b_front,True,a_front,False,a_front,False,b_front,True,a_front,False
CLEVR_val_000185.png,small brown metal cube,small brown metal cylinder,a_front,large,b_front,False,a_front,True,b_front,False,b_front,False,b_front,False,a_front,True
CLEVR_val_000157.png,large cyan metal cylinder,large red rubber sphere,a_front,large,a_front,True,a_front,True,b_front,False,a_front,True,b_front,False,a_front,True
CLEVR_val_000238.png,small red metal cylinder,small red rubber cylinder,a_front,small,b_front,False,a_front,True,b_front,False,b_front,False,b_front,False,a_front,True
CLEVR_val_000072.png,large purple rubber cylinder,large yellow metal cylinder,a_front,large,a_front,True,a_front,True,b_front,False,a_front,True,a_front,True,b_front,False
CLEVR_val_000092.png,small yellow rubber sphere,small blue rubber cylinder,b_front,medium,b_front,True,b_front,True,a_front,False,b_front,True,b_front,True,a_front,False
CLEVR_val_000134.png,large gray rubber cube,large green metal sphere,b_front,large,a_front,False,b_front,True,a_front,False,a_front,False,b_front,True,a_front,False
CLEVR_val_000164.png,small brown metal sphere,small brown metal cylinder,a_front,large,b_front,False,a_front,True,b_front,False,b_front,False,a_front,True,b_front,False
CLEVR_val_000196.png,small purple metal sphere,large green metal cube,b_front,large,a_front,False,b_front,True,a_front,False,b_front,True,a_front,False,b_front,True
CLEVR_val_000260.png,small blue metal cube,small green metal cylinder,b_front,large,b_front,True,b_front,True,a_front,False,b_front,True,a_front,False,b_front,True
CLEVR_val_000031.png,large gray metal cube,small green rubber sphere,b_front,small,a_front,False,b_front,True,a_front,False,a_front,False,b_front,True,a_front,False
CLEVR_val_000203.png,small gray metal sphere,small gray metal cube,a_front,large,b_front,False,a_front,True,b_front,False,b_front,False,a_front,True,b_front,False
CLEVR_val_000234.png,large gray metal cube,small gray metal sphere,b_front,small,a_front,False,b_front,True,a_front,False,a_front,False,a_front,False,b_front,True
CLEVR_val_000163.png,small cyan metal sphere,small red metal cylinder,a_front,medium,b_front,False,a_front,True,b_front,False,b_front,False,a_front,True,b_front,False
CLEVR_val_000146.png,small yellow metal sphere,large gray metal cylinder,a_front,large,a_front,True,a_front,True,b_front,False,b_front,False,a_front,True,b_front,False
CLEVR_val_000232.png,large cyan metal sphere,small brown metal sphere,a_front,large,b_front,False,a_front,True,b_front,False,a_front,True,b_front,False,a_front,True
CLEVR_val_000278.png,large cyan metal cube,small purple metal sphere,b_front,large,a_front,False,b_front,True,a_front,False,a_front,False,a_front,False,b_front,True
CLEVR_val_000111.png,large purple rubber cylinder,large green rubber sphere,a_front,large,b_front,False,a_front,True,b_front,False,b_front,False,b_front,False,a_front,True
CLEVR_val_000166.png,large red metal cylinder,large gray metal cylinder,a_front,small,a_front,True,a_front,True,b_front,False,a_front,True,b_front,False,a_front,True
CLEVR_val_000287.png,small yellow metal cube,small green rubber cube,a_front,large,b_front,False,a_front,True,b_front,False,b_front,False,b_front,False,a_front,True
CLEVR_val_000063.png,large blue rubber cube,large blue metal cylinder,a_front,large,a_front,True,a_front,True,b_front,False,a_front,True,a_front,True,b_front,False
CLEVR_val_000266.png,large brown rubber sphere,large brown rubber cylinder,a_front,large,b_front,False,a_front,True,b_front,False,b_front,False,b_front,False,a_front,True
CLEVR_val_000204.png,small brown metal sphere,small yellow rubber cylinder,b_front,large,a_front,False,b_front,True,a_front,False,a_front,False,b_front,True,a_front,False
CLEVR_val_000242.png,large cyan metal sphere,large green rubber cube,b_front,medium,b_front,True,b_front,True,a_front,False,b_front,True,a_front,False,b_front,True
CLEVR_val_000209.png,small cyan metal cylinder,small blue metal cube,b_front,small,a_front,False,b_front,True,a_front,False,a_front,False,a_front,False,b_front,True
CLEVR_val_000053.png,small red rubber cube,small yellow metal cylinder,a_front,small,b_front,False,a_front,True,b_front,False,b_front,False,a_front,True,b_front,False
CLEVR_val_000072.png,large purple rubber cylinder,large blue metal cylinder,a_front,large,a_front,True,a_front,True,b_front,False,a_front,True,a_front,True,b_front,False
CLEVR_val_000196.png,small blue metal cube,large cyan rubber sphere,b_front,large,b_front,True,b_front,True,a_front,False,b_front,True,b_front,True,a_front,False
CLEVR_val_000174.png,small yellow metal sphere,small purple metal sphere,b_front,medium,a_front,False,b_front,True,a_front,False,a_front,False,b_front,True,a_front,False
CLEVR_val_000122.png,large green metal sphere,large blue rubber cylinder,a_front,large,b_front,False,a_front,True,b_front,False,b_front,False,a_front,True,b_front,False
CLEVR_val_000188.png,small brown metal cylinder,small purple rubber cylinder,a_front,small,a_front,True,a_front,True,b_front,False,a_front,True,b_front,False,a_front,True
CLEVR_val_000063.png,small brown metal sphere,small yellow rubber cylinder,b_front,medium,b_front,True,b_front,True,a_front,False,b_front,True,a_front,False,b_front,True
CLEVR_val_000077.png,large blue metal sphere,large blue rubber cube,b_front,medium,a_front,False,b_front,True,a_front,False,a_front,False,b_front,True,a_front,False
CLEVR_val_000123.png,large cyan metal cube,small gray metal cube,a_front,small,b_front,False,b_front,False,a_front,True,a_front,True,a_front,True,b_front,False
CLEVR_val_000078.png,large red metal cube,small gray rubber cylinder,b_front,medium,a_front,False,b_front,True,a_front,False,a_front,False,a_front,False,b_front,True
CLEVR_val_000123.png,small brown metal cube,small gray metal cube,b_front,large,b_front,True,b_front,True,a_front,False,b_front,True,b_front,True,a_front,False
CLEVR_val_000075.png,large yellow rubber cylinder,large blue rubber cube,b_front,large,a_front,False,b_front,True,a_front,False,a_front,False,b_front,True,a_front,False
CLEVR_val_000238.png,small cyan rubber cylinder,small red metal cylinder,b_front,large,b_front,True,b_front,True,a_front,False,b_front,True,a_front,False,b_front,True
CLEVR_val_000188.png,small red rubber sphere,small brown metal cylinder,b_front,large,a_front,False,b_front,True,a_front,False,a_front,False,a_front,False,b_front,True
CLEVR_val_000166.png,large yellow rubber cylinder,large red metal cylinder,a_front,large,b_front,False,a_front,True,b_front,False,b_front,False,a_front,True,b_front,False
CLEVR_val_000270.png,large yellow rubber sphere,small gray metal cylinder,b_front,large,a_front,False,b_front,True,a_front,False,a_front,False,a_front,False,b_front,True
CLEVR_val_000126.png,large blue metal cylinder,small green metal cube,a_front,large,b_front,False,a_front,True,b_front,False,a_front,True,a_front,True,b_front,False
CLEVR_val_000252.png,small brown metal cube,small green rubber cube,a_front,large,a_front,True,a_front,True,b_front,False,a_front,True,a_front,True,b_front,False
CLEVR_val_000173.png,large purple rubber cube,small cyan rubber cylinder,a_front,medium,b_front,False,a_front,True,b_front,False,a_front,True,b_front,False,a_front,True
CLEVR_val_000026.png,small purple rubber cylinder,large red metal cylinder,b_front,large,a_front,False,b_front,True,a_front,False,b_front,True,a_front,False,b_front,True
CLEVR_val_000087.png,small green metal sphere,large brown rubber sphere,a_front,large,b_front,False,a_front,True,b_front,False,b_front,False,b_front,False,a_front,True
CLEVR_val_000195.png,large purple metal cube,large yellow rubber cube,a_front,large,a_front,True,a_front,True,b_front,False,a_front,True,b_front,False,a_front,True
CLEVR_val_000281.png,large purple rubber cube,small blue metal cube,b_front,small,b_front,True,b_front,True,a_front,False,a_front,False,a_front,False,b_front,True
CLEVR_val_000196.png,small purple rubber cube,large green metal cube,a_front,medium,a_front,True,a_front,True,b_front,False,b_front,False,a_front,True,b_front,False
CLEVR_val_000160.png,large cyan rubber cube,small brown rubber cylinder,a_front,large,b_front,False,a_front,True,b_front,False,a_front,True,b_front,False,a_front,True
CLEVR_val_000059.png,large blue metal sphere,large gray metal cube,a_front,medium,a_front,True,a_front,True,b_front,False,a_front,True,a_front,True,b_front,False
CLEVR_val_000160.png,large cyan rubber cube,small gray rubber cylinder,b_front,large,b_front,True,b_front,True,a_front,False,a_front,False,b_front,True,a_front,False
CLEVR_val_000068.png,small red metal cube,small red rubber cylinder,b_front,large,a_front,False,b_front,True,a_front,False,a_front,False,b_front,True,a_front,False
CLEVR_val_000222.png,small blue metal cube,small red metal cylinder,b_front,large,b_front,True,b_front,True,a_front,False,b_front,True,a_front,False,b_front,True
CLEVR_val_000230.png,small blue metal cube,large red metal sphere,b_front,medium,a_front,False,b_front,True,a_front,False,b_front,True,a_front,False,b_front,True
CLEVR_val_000059.png,large blue metal sphere,large green metal cube,a_front,large,b_front,False,a_front,True,b_front,False,b_front,False,a_front,True,b_front,False
CLEVR_val_000177.png,large gray metal sphere,large brown rubber cube,a_front,large,a_front,True,a_front,True,b_front,False,a_front,True,b_front,False,a_front,True
CLEVR_val_000196.png,small blue metal cube,large green metal cube,b_front,medium,b_front,True,b_front,True,a_front,False,b_front,True,a_front,False,b_front,True
CLEVR_val_000017.png,small gray rubber cylinder,large brown metal cylinder,a_front,large,a_front,True,a_front,True,b_front,False,b_front,False,a_front,True,b_front,False
CLEVR_val_000185.png,large yellow metal sphere,small brown metal cylinder,a_front,large,b_front,False,a_front,True,b_front,False,a_front,True,a_front,True,b_front,False
CLEVR_val_000020.png,large cyan metal cylinder,large cyan metal sphere,a_front,large,a_front,True,a_front,True,b_front,False,a_front,True,b_front,False,a_front,True
CLEVR_val_000164.png,small brown metal cylinder,large green metal sphere,b_front,medium,b_front,True,b_front,True,a_front,False,b_front,True,a_front,False,b_front,True
CLEVR_val_000137.png,small red metal sphere,large cyan rubber cube,b_front,large,a_front,False,b_front,True,a_front,False,b_front,True,a_front,False,b_front,True
CLEVR_val_000169.png,large brown metal sphere,small blue rubber cube,b_front,large,b_front,True,b_front,True,a_front,False,a_front,False,a_front,False,b_front,True
CLEVR_val_000052.png,small brown rubber cube,small purple rubber cube,a_front,large,a_front,True,a_front,True,b_front,False,a_front,True,a_front,True,b_front,False
CLEVR_val_000181.png,small brown rubber sphere,small brown metal cube,b_front,large,b_front,True,b_front,True,a_front,False,b_front,True,a_front,False,b_front,True
CLEVR_val_000043.png,large yellow rubber cylinder,large red rubber sphere,b_front,medium,a_front,False,b_front,True,a_front,False,a_front,False,a_front,False,b_front,True
CLEVR_val_000144.png,small cyan rubber cube,large brown metal cube,b_front,large,b_front,True,b_front,True,a_front,False,b_front,True,b_front,True,a_front,False
CLEVR_val_000028.png,small red metal cube,large yellow rubber sphere,a_front,small,a_front,True,a_front,True,b_front,False,b_front,False,b_front,False,a_front,True
CLEVR_val_000028.png,large red metal cube,large brown rubber cube,a_front,small,b_front,False,a_front,True,b_front,False,b_front,False,b_front,False,a_front,True
CLEVR_val_000083.png,large blue metal cube,small gray metal sphere,a_front,small,a_front,True,a_front,True,b_front,False,a_front,True,a_front,True,b_front,False
CLEVR_val_000134.png,large cyan metal sphere,small gray rubber cylinder,b_front,large,b_front,True,b_front,True,a_front,False,a_front,False,b_front,True,a_front,False
CLEVR_val_000278.png,small blue metal cube,small purple metal sphere,a_front,medium,a_front,True,a_front,True,b_front,False,a_front,True,a_front,True,b_front,False
CLEVR_val_000236.png,small cyan rubber sphere,large green rubber cylinder,a_front,large,b_front,False,a_front,True,b_front,False,b_front,False,a_front,True,b_front,False
CLEVR_val_000042.png,large brown rubber cylinder,small yellow metal sphere,a_front,large,a_front,True,a_front,True,b_front,False,a_front,True,b_front,False,a_front,True
CLEVR_val_000110.png,large blue rubber cylinder,small brown metal cylinder,a_front,large,b_front,False,a_front,True,b_front,False,a_front,True,b_front,False,a_front,True
CLEVR_val_000197.png,small cyan rubber cylinder,small green rubber sphere,b_front,medium,a_front,False,b_front,True,a_front,False,a_front,False,b_front,True,a_front,False
CLEVR_val_000122.png,small yellow rubber cube,large blue rubber cylinder,a_front,medium,b_front,False,a_front,True,b_front,False,b_front,False,a_front,True,b_front,False
CLEVR_val_000072.png,small green rubber cylinder,large blue metal cylinder,b_front,large,a_front,False,b_front,True,a_front,False,b_front,True,a_front,False,b_front,True
CLEVR_val_000266.png,large brown rubber sphere,small brown rubber sphere,b_front,small,b_front,True,b_front,True,a_front,False,a_front,False,a_front,False,b_front,True
CLEVR_val_000168.png,large gray metal sphere,small cyan rubber sphere,b_front,large,a_front,False,b_front,True,a_front,False,a_front,False,b_front,True,a_front,False
CLEVR_val_000162.png,large purple metal cylinder,small red rubber cylinder,b_front,large,b_front,True,b_front,True,a_front,False,a_front,False,a_front,False,b_front,True
CLEVR_val_000120.png,small gray rubber cylinder,small purple rubber cube,b_front,large,a_front,False,b_front,True,a_front,False,a_front,False,a_front,False,b_front,True
CLEVR_val_000089.png,small gray rubber cylinder,large cyan metal cylinder,a_front,large,b_front,False,a_front,True,b_front,False,b_front,False,a_front,True,b_front,False
CLEVR_val_000065.png,small green metal sphere,large purple rubber cube,b_front,large,a_front,False,b_front,True,a_front,False,b_front,True,b_front,True,a_front,False
CLEVR_val_000200.png,large gray rubber cylinder,large brown metal cube,a_front,large,b_front,False,a_front,True,b_front,False,b_front,False,b_front,False,a_front,True
CLEVR_val_000174.png,small yellow metal sphere,large green metal sphere,a_front,medium,a_front,True,a_front,True,b_front,False,b_front,False,a_front,True,b_front,False
CLEVR_val_000146.png,large gray metal cylinder,large brown rubber cylinder,b_front,large,b_front,True,b_front,True,a_front,False,b_front,True,b_front,True,a_front,False
CLEVR_val_000191.png,large purple metal cylinder,small brown metal cube,a_front,medium,a_front,True,a_front,True,b_front,False,a_front,True,a_front,True,b_front,False
CLEVR_val_000191.png,large purple rubber sphere,small red rubber sphere,b_front,large,b_front,True,b_front,True,a_front,False,a_front,False,a_front,False,b_front,True
CLEVR_val_000072.png,small purple metal cylinder,small yellow metal sphere,a_front,small,a_front,True,a_front,True,b_front,False,a_front,True,b_front,False,a_front,True
CLEVR_val_000072.png,large purple rubber cylinder,small green rubber cylinder,a_front,large,b_front,False,a_front,True,b_front,False,a_front,True,b_front,False,a_front,True
CLEVR_val_000251.png,small gray metal cube,large cyan rubber sphere,b_front,large,a_front,False,b_front,True,a_front,False,b_front,True,b_front,True,a_front,False
CLEVR_val_000091.png,large gray metal cylinder,large cyan metal cylinder,a_front,medium,b_front,False,a_front,True,b_front,False,b_front,False,b_front,False,a_front,True
CLEVR_val_000116.png,small cyan metal sphere,small blue rubber sphere,a_front,medium,a_front,True,a_front,True,b_front,False,a_front,True,b_front,False,a_front,True
CLEVR_val_000073.png,large cyan metal cylinder,small green metal cylinder,b_front,large,b_front,True,b_front,True,a_front,False,a_front,False,a_front,False,b_front,True
CLEVR_val_000185.png,large green metal cylinder,large yellow metal sphere,a_front,large,a_front,True,a_front,True,b_front,False,a_front,True,b_front,False,a_front,True
CLEVR_val_000155.png,large red rubber cube,small blue rubber cylinder,b_front,large,b_front,True,b_front,True,a_front,False,a_front,False,b_front,True,a_front,False
CLEVR_val_000227.png,small red rubber cylinder,small red metal cube,b_front,medium,a_front,False,b_front,True,a_front,False,a_front,False,b_front,True,a_front,False
CLEVR_val_000240.png,small purple metal sphere,large cyan metal cube,a_front,large,b_front,False,a_front,True,b_front,False,b_front,False,a_front,True,b_front,False
CLEVR_val_000043.png,large green rubber cylinder,large blue metal sphere,a_front,medium,a_front,True,a_front,True,b_front,False,a_front,True,b_front,False,a_front,True
CLEVR_val_000211.png,small blue rubber sphere,small cyan metal sphere,b_front,large,b_front,True,b_front,True,a_front,False,b_front,True,a_front,False,b_front,True
CLEVR_val_000188.png,small brown metal cylinder,large green rubber sphere,b_front,medium,a_front,False,b_front,True,a_front,False,b_front,True,b_front,True,a_front,False
CLEVR_val_000044.png,small yellow rubber sphere,small gray rubber sphere,a_front,large,b_front,False,a_front,True,b_front,False,b_front,False,b_front,False,a_front,True
CLEVR_val_000185.png,small brown metal cylinder,small yellow rubber sphere,b_front,large,a_front,False,b_front,True,a_front,False,a_front,False,b_front,True,a_front,False
CLEVR_val_000166.png,small purple metal cube,large yellow rubber cylinder,b_front,large,b_front,True,b_front,True,a_front,False,b_front,True,b_front,True,a_front,False
CLEVR_val_000185.png,large green metal cylinder,large red rubber cube,a_front,large,a_front,True,a_front,True,b_front,False,a_front,True,a_front,True,b_front,False
CLEVR_val_000017.png,large red rubber sphere,large brown metal cylinder,b_front,small,b_front,True,b_front,True,a_front,False,b_front,True,a_front,False,b_front,True
CLEVR_val_000097.png,large brown metal cylinder,small cyan metal cylinder,b_front,small,a_front,False,b_front,True,a_front,False,a_front,False,b_front,True,a_front,False
CLEVR_val_000033.png,small blue rubber cube,small cyan rubber sphere,b_front,large,b_front,True,b_front,True,a_front,False,b_front,True,b_front,True,a_front,False
CLEVR_val_000067.png,large gray metal sphere,large blue rubber cube,a_front,medium,a_front,True,a_front,True,b_front,False,a_front,True,b_front,False,a_front,True
CLEVR_val_000106.png,large yellow metal cube,large blue metal sphere,b_front,medium,b_front,True,b_front,True,a_front,False,b_front,True,a_front,False,b_front,True
CLEVR_val_000104.png,small brown metal cylinder,small gray metal sphere,b_front,large,a_front,False,b_front,True,a_front,False,a_front,False,a_front,False,b_front,True
CLEVR_val_000059.png,small gray rubber cylinder,small cyan metal sphere,b_front,medium,b_front,True,b_front,True,a_front,False,b_front,True,b_front,True,a_front,False
CLEVR_val_000001.png,large gray metal cylinder,small cyan metal cube,a_front,large,a_front,True,a_front,True,b_front,False,a_front,True,a_front,True,b_front,False
CLEVR_val_000203.png,small cyan metal cube,small yellow metal cube,b_front,small,b_front,True,b_front,True,a_front,False,b_front,True,b_front,True,a_front,False
CLEVR_val_000209.png,small cyan rubber sphere,large green metal cube,a_front,medium,a_front,True,a_front,True,b_front,False,b_front,False,a_front,True,b_front,False
CLEVR_val_000125.png,small purple rubber cube,large blue metal cube,b_front,large,b_front,True,b_front,True,a_front,False,b_front,True,a_front,False,b_front,True
CLEVR_val_000181.png,small brown rubber sphere,small green rubber cube,a_front,large,a_front,True,a_front,True,b_front,False,a_front,True,a_front,True,b_front,False
CLEVR_val_000156.png,small gray metal cylinder,small blue metal cube,b_front,medium,b_front,True,b_front,True,a_front,False,b_front,True,b_front,True,a_front,False
CLEVR_val_000198.png,large red metal cube,small blue metal cylinder,b_front,large,a_front,False,b_front,True,a_front,False,a_front,False,a_front,False,b_front,True
CLEVR_val_000156.png,small green rubber cylinder,small red rubber cylinder,b_front,medium,b_front,True,b_front,True,a_front,False,b_front,True,a_front,False,b_front,True
CLEVR_val_000105.png,small blue metal cube,large red rubber cylinder,a_front,large,a_front,True,a_front,True,b_front,False,b_front,False,a_front,True,b_front,False
CLEVR_val_000061.png,small gray rubber cylinder,small brown metal cylinder,a_front,large,b_front,False,a_front,True,b_front,False,b_front,False,b_front,False,a_front,True
CLEVR_val_000063.png,large gray metal cylinder,large blue metal cylinder,a_front,large,a_front,True,a_front,True,b_front,False,a_front,True,a_front,True,b_front,False
CLEVR_val_000073.png,small purple metal sphere,small green metal cylinder,b_front,large,b_front,True,b_front,True,a_front,False,b_front,True,a_front,False,b_front,True
CLEVR_val_000026.png,large red rubber cylinder,small brown rubber cube,b_front,medium,a_front,False,b_front,True,a_front,False,a_front,False,a_front,False,b_front,True
CLEVR_val_000171.png,small brown rubber cylinder,large blue rubber cube,b_front,small,b_front,True,b_front,True,a_front,False,b_front,True,a_front,False,b_front,True
CLEVR_val_000152.png,small green metal sphere,large red metal cylinder,b_front,medium,a_front,False,b_front,True,a_front,False,b_front,True,a_front,False,b_front,True
CLEVR_val_000031.png,large gray metal cube,small cyan rubber cylinder,b_front,large,b_front,True,b_front,True,a_front,False,a_front,False,b_front,True,a_front,False
CLEVR_val_000075.png,large purple metal cylinder,small purple rubber sphere,a_front,medium,a_front,True,a_front,True,b_front,False,a_front,True,b_front,False,a_front,True
CLEVR_val_000237.png,small purple metal cube,small blue rubber sphere,a_front,medium,b_front,False,a_front,True,b_front,False,b_front,False,a_front,True,b_front,False
CLEVR_val_000124.png,small blue metal sphere,small purple rubber cylinder,b_front,medium,a_front,False,b_front,True,a_front,False,a_front,False,a_front,False,b_front,True
CLEVR_val_000236.png,small cyan rubber sphere,large red rubber sphere,a_front,small,b_front,False,a_front,True,b_front,False,b_front,False,a_front,True,b_front,False
CLEVR_val_000158.png,large gray metal sphere,small cyan metal sphere,b_front,large,a_front,False,b_front,True,a_front,False,a_front,False,a_front,False,b_front,True
CLEVR_val_000057.png,large gray metal cube,large purple metal cube,a_front,large,b_front,False,a_front,True,b_front,False,b_front,False,b_front,False,a_front,True
CLEVR_val_000126.png,small cyan metal cylinder,small yellow metal cylinder,a_front,large,a_front,True,a_front,True,b_front,False,a_front,True,b_front,False,a_front,True
CLEVR_val_000134.png,small gray rubber cylinder,large gray rubber cube,a_front,large,b_front,False,a_front,True,b_front,False,b_front,False,b_front,False,a_front,True
CLEVR_val_000066.png,large purple metal cylinder,small red metal cylinder,b_front,medium,a_front,False,b_front,True,a_front,False,a_front,False,b_front,True,a_front,False
CLEVR_val_000250.png,large purple metal sphere,small red rubber cube,a_front,medium,b_front,False,a_front,True,b_front,False,a_front,True,a_front,True,b_front,False
CLEVR_val_000271.png,large red metal sphere,small blue rubber cube,b_front,large,a_front,False,b_front,True,a_front,False,a_front,False,a_front,False,b_front,True
CLEVR_val_000087.png,large red metal sphere,large purple metal cube,b_front,large,b_front,True,b_front,True,a_front,False,b_front,True,a_front,False,b_front,True
CLEVR_val_000078.png,large gray rubber cylinder,small blue rubber sphere,b_front,large,a_front,False,b_front,True,a_front,False,a_front,False,b_front,True,a_front,False
CLEVR_val_000173.png,small gray rubber sphere,large yellow metal sphere,b_front,large,b_front,True,b_front,True,a_front,False,b_front,True,a_front,False,b_front,True
CLEVR_val_000070.png,small brown metal cylinder,large blue rubber cylinder,b_front,large,a_front,False,b_front,True,a_front,False,b_front,True,b_front,True,a_front,False
CLEVR_val_000244.png,large blue metal cylinder,large red rubber cube,b_front,medium,b_front,True,b_front,True,a_front,False,b_front,True,b_front,True,a_front,False
CLEVR_val_000137.png,small purple metal cube,large cyan rubber cube,b_front,large,a_front,False,b_front,True,a_front,False,b_front,True,a_front,False,b_front,True
CLEVR_val_000071.png,large brown rubber cube,large red rubber cube,a_front,large,b_front,False,a_front,True,b_front,False,b_front,False,a_front,True,b_front,False
CLEVR_val_000146.png,small cyan rubber cube,small gray metal sphere,a_front,small,a_front,True,a_front,True,b_front,False,a_front,True,b_front,False,a_front,True
CLEVR_val_000001.png,small blue metal cylinder,small cyan metal cube,a_front,medium,b_front,False,a_front,True,b_front,False,b_front,False,b_front,False,a_front,True
CLEVR_val_000169.png,small blue rubber cube,large cyan rubber sphere,a_front,large,a_front,True,a_front,True,b_front,False,b_front,False,b_front,False,a_front,True
CLEVR_val_000244.png,small cyan metal cylinder,small red metal cylinder,a_front,large,b_front,False,a_front,True,b_front,False,b_front,False,b_front,False,a_front,True
CLEVR_val_000006.png,large blue metal cube,large green rubber cube,b_front,medium,a_front,False,b_front,True,a_front,False,a_front,False,b_front,True,a_front,False
CLEVR_val_000004.png,large brown rubber sphere,small purple rubber cylinder,a_front,large,b_front,False,a_front,True,b_front,False,a_front,True,a_front,True,b_front,False
CLEVR_val_000101.png,small yellow rubber sphere,large cyan rubber cube,b_front,medium,a_front,False,b_front,True,a_front,False,b_front,True,a_front,False,b_front,True
CLEVR_val_000246.png,large cyan rubber cylinder,small purple rubber sphere,b_front,large,b_front,True,b_front,True,a_front,False,a_front,False,b_front,True,a_front,False
CLEVR_val_000047.png,large green metal cylinder,large red metal cube,b_front,large,a_front,False,b_front,True,a_front,False,a_front,False,a_front,False,b_front,True
CLEVR_val_000169.png,large blue rubber cylinder,large cyan rubber sphere,b_front,medium,b_front,True,b_front,True,a_front,False,b_front,True,b_front,True,a_front,False
CLEVR_val_000116.png,small cyan metal sphere,small gray metal cube,a_front,small,a_front,True,a_front,True,b_front,False,a_front,True,b_front,False,a_front,True
CLEVR_val_000187.png,large green metal cylinder,small cyan metal sphere,a_front,large,b_front,False,a_front,True,b_front,False,a_front,True,b_front,False,a_front,True
CLEVR_val_000220.png,small gray rubber cube,small yellow metal cylinder,a_front,large,a_front,True,a_front,True,b_front,False,a_front,True,b_front,False,a_front,True
CLEVR_val_000020.png,large blue rubber cube,large cyan metal cylinder,a_front,large,b_front,False,a_front,True,b_front,False,b_front,False,a_front,True,b_front,False
CLEVR_val_000286.png,large yellow metal sphere,small cyan rubber sphere,b_front,large,a_front,False,b_front,True,a_front,False,a_front,False,b_front,True,a_front,False
CLEVR_val_000073.png,small green metal sphere,small green metal cylinder,b_front,large,b_front,True,b_front,True,a_front,False,b_front,True,b_front,True,a_front,False
CLEVR_val_000188.png,small green rubber sphere,small purple rubber cylinder,b_front,medium,a_front,False,b_front,True,a_front,False,a_front,False,b_front,True,a_front,False
CLEVR_val_000266.png,large brown rubber cylinder,small gray rubber cube,b_front,large,b_front,True,b_front,True,a_front,False,a_front,False,b_front,True,a_front,False
CLEVR_val_000237.png,small green metal cylinder,small purple rubber cylinder,a_front,large,a_front,True,a_front,True,b_front,False,a_front,True,a_front,True,b_front,False
CLEVR_val_000017.png,large red rubber sphere,large brown rubber sphere,a_front,large,b_front,False,a_front,True,b_front,False,b_front,False,a_front,True,b_front,False
CLEVR_val_000123.png,small brown metal cube,small brown rubber cylinder,b_front,large,a_front,False,b_front,True,a_front,False,a_front,False,b_front,True,a_front,False
CLEVR_val_000129.png,small red rubber sphere,small cyan metal sphere,a_front,medium,b_front,False,a_front,True,b_front,False,b_front,False,a_front,True,b_front,False
CLEVR_val_000110.png,large purple metal cube,large cyan rubber sphere,b_front,small,a_front,False,b_front,True,a_front,False,a_front,False,b_front,True,a_front,False
CLEVR_val_000159.png,small yellow metal cylinder,small purple rubber cylinder,b_front,medium,b_front,True,b_front,True,a_front,False,b_front,True,a_front,False,b_front,True
CLEVR_val_000240.png,large blue rubber cube,large purple metal cylinder,a_front,medium,a_front,True,a_front,True,b_front,False,a_front,True,a_front,True,b_front,False
CLEVR_val_000095.png,small yellow metal cube,small purple metal cube,b_front,large,b_front,True,b_front,True,a_front,False,b_front,True,b_front,True,a_front,False
CLEVR_val_000236.png,small brown metal cube,large green metal cylinder,a_front,medium,a_front,True,a_front,True,b_front,False,b_front,False,b_front,False,a_front,True
CLEVR_val_000211.png,small blue rubber sphere,small yellow rubber sphere,b_front,medium,b_front,True,b_front,True,a_front,False,b_front,True,a_front,False,b_front,True
CLEVR_val_000060.png,large purple metal cylinder,small brown metal cube,a_front,medium,a_front,True,a_front,True,b_front,False,a_front,True,a_front,True,b_front,False
CLEVR_val_000092.png,large red rubber cube,large brown metal cylinder,a_front,large,b_front,False,a_front,True,b_front,False,b_front,False,b_front,False,a_front,True
CLEVR_val_000195.png,large gray rubber cylinder,large green rubber sphere,a_front,large,a_front,True,a_front,True,b_front,False,a_front,True,a_front,True,b_front,False
CLEVR_val_000189.png,small red metal sphere,small brown metal cylinder,b_front,medium,b_front,True,b_front,True,a_front,False,b_front,True,a_front,False,b_front,True
CLEVR_val_000008.png,small purple metal cube,small yellow metal cube,b_front,small,a_front,False,b_front,True,a_front,False,a_front,False,a_front,False,b_front,True
CLEVR_val_000185.png,large green metal cylinder,large purple rubber sphere,a_front,large,b_front,False,a_front,True,b_front,False,b_front,False,b_front,False,a_front,True
CLEVR_val_000125.png,large blue metal cube,large blue rubber cylinder,a_front,medium,a_front,True,a_front,True,b_front,False,a_front,True,a_front,True,b_front,False
CLEVR_val_000270.png,small brown metal cube,small blue rubber cube,a_front,large,b_front,False,a_front,True,b_front,False,b_front,False,b_front,False,a_front,True
CLEVR_val_000152.png,small cyan metal sphere,small blue rubber cylinder,b_front,small,a_front,False,b_front,True,a_front,False,a_front,False,a_front,False,b_front,True
CLEVR_val_000198.png,large blue rubber sphere,small green metal cylinder,a_front,large,b_front,False,a_front,True,b_front,False,a_front,True,a_front,True,b_front,False
CLEVR_val_000203.png,small gray metal cube,small yellow rubber sphere,b_front,medium,a_front,False,b_front,True,a_front,False,a_front,False,a_front,False,b_front,True
CLEVR_val_000130.png,large brown rubber cylinder,large red rubber cylinder,a_front,small,b_front,False,a_front,True,b_front,False,b_front,False,b_front,False,a_front,True
CLEVR_val_000165.png,large cyan rubber cube,large brown rubber cube,b_front,large,a_front,False,b_front,True,a_front,False,a_front,False,a_front,False,b_front,True
CLEVR_val_000110.png,large blue rubber cylinder,large purple rubber cylinder,a_front,large,b_front,False,a_front,True,b_front,False,b_front,False,b_front,False,a_front,True
CLEVR_val_000039.png,large red rubber sphere,small red metal cylinder,b_front,medium,a_front,False,b_front,True,a_front,False,a_front,False,a_front,False,b_front,True
CLEVR_val_000177.png,small gray rubber cylinder,small gray rubber cube,a_front,large,b_front,False,a_front,True,b_front,False,b_front,False,b_front,False,a_front,True
CLEVR_val_000181.png,small brown rubber sphere,small yellow rubber cylinder,b_front,large,a_front,False,b_front,True,a_front,False,a_front,False,a_front,False,b_front,True
CLEVR_val_000203.png,large yellow rubber sphere,large green rubber cylinder,a_front,large,b_front,False,a_front,True,b_front,False,b_front,False,a_front,True,b_front,False
CLEVR_val_000232.png,small red metal cube,small purple metal cube,b_front,large,a_front,False,b_front,True,a_front,False,a_front,False,a_front,False,b_front,True
CLEVR_val_000237.png,small purple metal cube,large gray rubber cube,b_front,large,b_front,True,b_front,True,a_front,False,b_front,True,a_front,False,b_front,True
CLEVR_val_000001.png,large blue rubber cylinder,large blue metal cube,b_front,small,a_front,False,b_front,True,a_front,False,a_front,False,b_front,True,a_front,False
CLEVR_val_000189.png,small red rubber cube,large cyan rubber cylinder,b_front,large,b_front,True,b_front,True,a_front,False,b_front,True,a_front,False,b_front,True
CLEVR_val_000185.png,large yellow metal sphere,large red rubber cube,a_front,medium,a_front,True,a_front,True,b_front,False,a_front,True,a_front,True,b_front,False
CLEVR_val_000077.png,small cyan metal cylinder,small brown metal cylinder,a_front,large,b_front,False,a_front,True,b_front,False,b_front,False,b_front,False,a_front,True
CLEVR_val_000110.png,small brown rubber cylinder,large purple rubber cylinder,a_front,medium,a_front,True,a_front,True,b_front,False,b_front,False,b_front,False,a_front,True
CLEVR_val_000163.png,small purple metal cylinder,small red metal cube,b_front,medium,b_front,True,b_front,True,a_front,False,b_front,True,b_front,True,a_front,False
CLEVR_val_000231.png,large yellow metal cylinder,large purple rubber cube,a_front,large,a_front,True,a_front,True,b_front,False,a_front,True,b_front,False,a_front,True
CLEVR_val_000035.png,small yellow rubber cylinder,small brown rubber cylinder,b_front,medium,b_front,True,b_front,True,a_front,False,b_front,True,b_front,True,a_front,False
CLEVR_val_000244.png,large cyan rubber cube,large cyan metal cube,b_front,large,a_front,False,b_front,True,a_front,False,a_front,False,a_front,False,b_front,True
CLEVR_val_000261.png,small green rubber cylinder,large green rubber cube,a_front,large,b_front,False,a_front,True,b_front,False,b_front,False,b_front,False,a_front,True
CLEVR_val_000165.png,large cyan rubber sphere,large red metal cylinder,b_front,small,a_front,False,b_front,True,a_front,False,a_front,False,a_front,False,b_front,True
CLEVR_val_000002.png,large yellow metal sphere,small blue metal cube,b_front,large,b_front,True,b_front,True,a_front,False,a_front,False,b_front,True,a_front,False
CLEVR_val_000284.png,small red rubber cylinder,large purple rubber sphere,a_front,large,a_front,True,a_front,True,b_front,False,b_front,False,a_front,True,b_front,False
CLEVR_val_000266.png,large brown rubber cylinder,small purple rubber sphere,b_front,medium,b_front,True,b_front,True,a_front,False,a_front,False,a_front,False,b_front,True
CLEVR_val_000215.png,large yellow metal cube,large brown rubber cube,a_front,small,a_front,True,a_front,True,b_front,False,a_front,True,a_front,True,b_front,False
CLEVR_val_000222.png,small cyan metal sphere,large yellow metal cylinder,a_front,medium,b_front,False,a_front,True,b_front,False,b_front,False,b_front,False,a_front,True
CLEVR_val_000168.png,large yellow metal cylinder,small cyan rubber sphere,b_front,small,a_front,False,b_front,True,a_front,False,a_front,False,b_front,True,a_front,False
CLEVR_val_000066.png,small blue rubber sphere,small green rubber cylinder,a_front,small,b_front,False,a_front,True,b_front,False,b_front,False,b_front,False,a_front,True
CLEVR_val_000243.png,large cyan metal sphere,large brown metal cube,a_front,small,a_front,True,a_front,True,b_front,False,a_front,True,a_front,True,b_front,False
CLEVR_val_000152.png,small brown metal cylinder,small green metal sphere,b_front,medium,b_front,True,b_front,True,a_front,False,b_front,True,a_front,False,b_front,True
CLEVR_val_000237.png,small blue rubber sphere,small green metal cylinder,b_front,large,a_front,False,b_front,True,a_front,False,a_front,False,b_front,True,a_front,False
CLEVR_val_000024.png,large gray rubber sphere,large blue metal cube,b_front,medium,b_front,True,b_front,True,a_front,False,b_front,True,b_front,True,a_front,False
CLEVR_val_000228.png,small blue metal cube,large purple metal cube,a_front,medium,a_front,True,a_front,True,b_front,False,b_front,False,b_front,False,a_front,True
CLEVR_val_000160.png,small cyan metal sphere,large cyan rubber cube,b_front,large,b_front,True,b_front,True,a_front,False,b_front,True,a_front,False,b_front,True
CLEVR_val_000084.png,small red rubber cylinder,large yellow metal cylinder,a_front,large,a_front,True,a_front,True,b_front,False,b_front,False,b_front,False,a_front,True
CLEVR_val_000161.png,large cyan metal sphere,small gray metal cylinder,b_front,large,b_front,True,b_front,True,a_front,False,a_front,False,a_front,False,b_front,True
CLEVR_val_000147.png,small red metal sphere,large cyan metal cube,a_front,large,a_front,True,a_front,True,b_front,False,b_front,False,b_front,False,a_front,True
CLEVR_val_000157.png,small cyan rubber cube,large cyan rubber cylinder,b_front,small,b_front,True,b_front,True,b_front,True,b_front,True,a_front,False,b_front,True
CLEVR_val_000075.png,small purple rubber cylinder,small cyan rubber cube,b_front,large,a_front,False,b_front,True,a_front,False,a_front,False,b_front,True,a_front,False
CLEVR_val_000195.png,small gray rubber sphere,small cyan rubber cube,a_front,small,b_front,False,a_front,True,b_front,False,b_front,False,b_front,False,a_front,True
CLEVR_val_000171.png,large blue rubber cube,large red rubber sphere,a_front,large,a_front,True,a_front,True,b_front,False,a_front,True,b_front,False,a_front,True
CLEVR_val_000201.png,small purple metal cylinder,small yellow metal sphere,b_front,large,b_front,True,b_front,True,a_front,False,b_front,True,b_front,True,a_front,False
CLEVR_val_000260.png,large cyan metal sphere,small blue metal cube,a_front,small,a_front,True,a_front,True,a_front,True,a_front,True,b_front,False,a_front,True
CLEVR_val_000261.png,small yellow metal cylinder,large green rubber cube,a_front,large,b_front,False,a_front,True,b_front,False,b_front,False,b_front,False,a_front,True
CLEVR_val_000114.png,large blue rubber sphere,large blue rubber cylinder,a_front,medium,a_front,True,a_front,True,b_front,False,a_front,True,a_front,True,b_front,False
CLEVR_val_000163.png,large blue rubber sphere,small red metal cube,b_front,large,b_front,True,b_front,True,a_front,False,a_front,False,b_front,True,a_front,False
CLEVR_val_000033.png,small cyan rubber sphere,small yellow metal sphere,a_front,large,a_front,True,a_front,True,b_front,False,a_front,True,b_front,False,a_front,True
CLEVR_val_000208.png,small purple metal sphere,large purple rubber cylinder,b_front,large,b_front,True,b_front,True,a_front,False,b_front,True,b_front,True,a_front,False
CLEVR_val_000180.png,small red rubber cube,large brown metal cube,b_front,medium,a_front,False,b_front,True,a_front,False,b_front,True,a_front,False,b_front,True
CLEVR_val_000149.png,large gray rubber cube,large red rubber sphere,b_front,medium,b_front,True,b_front,True,a_front,False,b_front,True,a_front,False,b_front,True
CLEVR_val_000277.png,large brown rubber cylinder,large brown rubber sphere,b_front,large,a_front,False,b_front,True,a_front,False,a_front,False,b_front,True,a_front,False
CLEVR_val_000070.png,small brown metal cylinder,small gray metal cube,b_front,large,b_front,True,b_front,True,a_front,False,b_front,True,a_front,False,b_front,True
CLEVR_val_000057.png,large red metal sphere,small cyan rubber cylinder,b_front,medium,a_front,False,b_front,True,a_front,False,a_front,False,b_front,True,a_front,False
CLEVR_val_000137.png,small brown metal sphere,small green rubber sphere,b_front,large,b_front,True,b_front,True,a_front,False,b_front,True,a_front,False,b_front,True
CLEVR_val_000043.png,small yellow rubber cube,large green rubber cylinder,a_front,medium,a_front,True,a_front,True,b_front,False,b_front,False,a_front,True,b_front,False
CLEVR_val_000021.png,small yellow metal cube,large brown metal cube,a_front,small,b_front,False,a_front,True,b_front,False,b_front,False,a_front,True,b_front,False
CLEVR_val_000200.png,large gray rubber cylinder,small cyan rubber cylinder,a_front,large,a_front,True,a_front,True,b_front,False,a_front,True,a_front,True,b_front,False
CLEVR_val_000066.png,small blue rubber sphere,large yellow rubber cube,b_front,large,b_front,True,b_front,True,a_front,False,b_front,True,b_front,True,a_front,False
CLEVR_val_000119.png,small purple rubber sphere,large blue metal sphere,a_front,medium,a_front,True,a_front,True,b_front,False,b_front,False,a_front,True,b_front,False
CLEVR_val_000080.png,small cyan rubber cylinder,small cyan metal sphere,a_front,large,b_front,False,a_front,True,b_front,False,b_front,False,a_front,True,b_front,False
CLEVR_val_000165.png,large cyan rubber cube,small gray metal cylinder,b_front,large,a_front,False,b_front,True,a_front,False,a_front,False,b_front,True,a_front,False
CLEVR_val_000095.png,large blue metal sphere,small brown metal cube,a_front,large,b_front,False,a_front,True,b_front,False,a_front,True,a_front,True,b_front,False
CLEVR_val_000146.png,small red rubber cylinder,large brown rubber cylinder,a_front,large,a_front,True,a_front,True,b_front,False,b_front,False,b_front,False,a_front,True
CLEVR_val_000017.png,small gray rubber cylinder,small yellow metal cylinder,b_front,medium,b_front,True,b_front,True,a_front,False,b_front,True,b_front,True,a_front,False
CLEVR_val_000172.png,small brown metal cylinder,small brown metal cube,b_front,large,a_front,False,b_front,True,a_front,False,a_front,False,b_front,True,a_front,False
CLEVR_val_000077.png,small cyan metal cylinder,large brown metal cylinder,a_front,large,b_front,False,a_front,True,b_front,False,b_front,False,b_front,False,a_front,True
CLEVR_val_000204.png,small green rubber cylinder,large red metal cylinder,b_front,large,a_front,False,b_front,True,a_front,False,b_front,True,b_front,True,a_front,False
CLEVR_val_000137.png,small brown metal sphere,small purple metal cube,b_front,large,b_front,True,b_front,True,a_front,False,b_front,True,b_front,True,a_front,False
CLEVR_val_000067.png,large gray metal sphere,small red metal cylinder,a_front,small,a_front,True,a_front,True,a_front,True,a_front,True,b_front,False,a_front,True
CLEVR_val_000047.png,large cyan rubber cylinder,small red metal cube,a_front,large,b_front,False,a_front,True,b_front,False,a_front,True,b_front,False,a_front,True
CLEVR_val_000172.png,small brown metal cylinder,small gray metal cube,b_front,medium,a_front,False,b_front,True,a_front,False,a_front,False,b_front,True,a_front,False
CLEVR_val_000106.png,large green rubber sphere,large green rubber cube,b_front,large,b_front,True,b_front,True,a_front,False,b_front,True,a_front,False,b_front,True
CLEVR_val_000110.png,large purple metal cube,large purple rubber cylinder,a_front,large,a_front,True,a_front,True,b_front,False,a_front,True,b_front,False,a_front,True
CLEVR_val_000073.png,large cyan metal cylinder,small blue rubber cube,b_front,large,b_front,True,b_front,True,a_front,False,a_front,False,b_front,True,a_front,False
CLEVR_val_000111.png,large purple rubber cylinder,large cyan metal sphere,a_front,large,a_front,True,a_front,True,b_front,False,a_front,True,b_front,False,a_front,True
CLEVR_val_000020.png,large blue rubber cube,large cyan rubber cylinder,a_front,large,b_front,False,a_front,True,b_front,False,b_front,False,b_front,False,a_front,True
CLEVR_val_000254.png,small cyan rubber cube,small red rubber sphere,a_front,large,a_front,True,a_front,True,b_front,False,a_front,True,a_front,True,b_front,False
CLEVR_val_000077.png,large brown metal cylinder,small brown metal sphere,a_front,medium,b_front,False,a_front,True,b_front,False,a_front,True,a_front,True,b_front,False
CLEVR_val_000071.png,large brown rubber cube,small blue metal sphere,b_front,medium,a_front,False,b_front,True,a_front,False,a_front,False,a_front,False,b_front,True
CLEVR_val_000126.png,large purple metal sphere,small yellow metal cylinder,a_front,large,b_front,False,a_front,True,b_front,False,a_front,True,a_front,True,b_front,False
CLEVR_val_000169.png,large blue rubber cylinder,large cyan metal sphere,b_front,large,a_front,False,b_front,True,a_front,False,a_front,False,b_front,True,a_front,False
CLEVR_val_000110.png,large blue rubber cylinder,small purple metal cylinder,b_front,small,b_front,True,b_front,True,a_front,False,a_front,False,b_front,True,a_front,False
CLEVR_val_000216.png,large green rubber cylinder,small brown rubber sphere,a_front,large,a_front,True,a_front,True,b_front,False,a_front,True,a_front,True,b_front,False
CLEVR_val_000234.png,small green rubber sphere,small gray metal sphere,b_front,medium,b_front,True,b_front,True,a_front,False,b_front,True,b_front,True,a_front,False
CLEVR_val_000236.png,large gray rubber cube,large green rubber cylinder,b_front,small,a_front,False,b_front,True,a_front,False,a_front,False,a_front,False,b_front,True
CLEVR_val_000146.png,small gray metal sphere,large brown rubber cylinder,a_front,small,b_front,False,a_front,True,b_front,False,b_front,False,b_front,False,a_front,True
CLEVR_val_000067.png,small cyan metal cylinder,large purple metal sphere,b_front,large,a_front,False,b_front,True,a_front,False,b_front,True,b_front,True,a_front,False
CLEVR_val_000271.png,large gray rubber cylinder,small green rubber sphere,b_front,medium,b_front,True,b_front,True,a_front,False,a_front,False,b_front,True,a_front,False
CLEVR_val_000142.png,small cyan metal cube,small blue metal cylinder,b_front,medium,a_front,False,b_front,True,a_front,False,a_front,False,b_front,True,a_front,False
CLEVR_val_000204.png,small brown metal sphere,large cyan rubber sphere,b_front,medium,b_front,True,b_front,True,a_front,False,b_front,True,a_front,False,b_front,True
CLEVR_val_000055.png,small cyan metal cube,small gray metal cube,b_front,large,a_front,False,b_front,True,a_front,False,a_front,False,a_front,False,b_front,True
CLEVR_val_000056.png,small yellow metal cylinder,large blue rubber cube,a_front,medium,b_front,False,a_front,True,b_front,False,b_front,False,a_front,True,b_front,False
CLEVR_val_000181.png,large brown metal cylinder,small green rubber cube,a_front,medium,a_front,True,b_front,False,a_front,True,a_front,True,a_front,True,b_front,False
CLEVR_val_000072.png,small purple metal cylinder,small gray rubber cylinder,b_front,large,b_front,True,b_front,True,a_front,False,b_front,True,b_front,True,a_front,False
CLEVR_val_000129.png,small red rubber sphere,small brown metal cylinder,b_front,medium,a_front,False,b_front,True,a_front,False,a_front,False,b_front,True,a_front,False
CLEVR_val_000041.png,small gray metal sphere,large yellow metal sphere,b_front,large,b_front,True,b_front,True,a_front,False,b_front,True,b_front,True,a_front,False
CLEVR_val_000121.png,small green rubber sphere,large purple metal cube,b_front,large,a_front,False,b_front,True,a_front,False,b_front,True,b_front,True,a_front,False
CLEVR_val_000084.png,small red rubber cylinder,large purple metal sphere,a_front,medium,b_front,False,a_front,True,b_front,False,b_front,False,b_front,False,a_front,True
CLEVR_val_000165.png,large blue metal cylinder,large cyan rubber sphere,a_front,medium,a_front,True,a_front,True,b_front,False,a_front,True,a_front,True,b_front,False
CLEVR_val_000035.png,small yellow rubber cylinder,small yellow metal sphere,b_front,large,b_front,True,b_front,True,a_front,False,b_front,True,a_front,False,b_front,True
CLEVR_val_000043.png,small yellow rubber cube,large yellow rubber cylinder,a_front,small,a_front,True,a_front,True,b_front,False,b_front,False,b_front,False,a_front,True
CLEVR_val_000072.png,small green rubber cylinder,small gray rubber cylinder,b_front,large,b_front,True,b_front,True,a_front,False,b_front,True,b_front,True,a_front,False
CLEVR_val_000086.png,small brown metal cube,large green metal sphere,a_front,large,a_front,True,a_front,True,b_front,False,b_front,False,a_front,True,b_front,False
CLEVR_val_000205.png,large gray rubber cylinder,small gray rubber cylinder,a_front,large,b_front,False,a_front,True,b_front,False,a_front,True,a_front,True,b_front,False
CLEVR_val_000169.png,large green rubber cylinder,large green metal cube,b_front,medium,a_front,False,b_front,True,a_front,False,a_front,False,b_front,True,a_front,False
CLEVR_val_000232.png,small purple metal cube,large gray rubber cube,a_front,large,b_front,False,a_front,True,b_front,False,b_front,False,a_front,True,b_front,False
CLEVR_val_000253.png,large purple metal cylinder,small red metal cylinder,b_front,medium,a_front,False,b_front,True,a_front,False,a_front,False,a_front,False,b_front,True
CLEVR_val_000087.png,large green metal sphere,large purple metal cylinder,a_front,large,b_front,False,a_front,True,b_front,False,b_front,False,a_front,True,b_front,False
CLEVR_val_000277.png,large gray metal sphere,small cyan metal sphere,a_front,large,a_front,True,a_front,True,b_front,False,a_front,True,b_front,False,a_front,True
CLEVR_val_000222.png,large green rubber cylinder,small blue metal cube,b_front,large,b_front,True,b_front,True,a_front,False,a_front,False,a_front,False,b_front,True
CLEVR_val_000246.png,large cyan rubber cylinder,large blue rubber sphere,a_front,large,a_front,True,a_front,True,b_front,False,a_front,True,b_front,False,a_front,True
CLEVR_val_000170.png,small brown metal cylinder,large purple metal cylinder,b_front,medium,b_front,True,b_front,True,a_front,False,b_front,True,a_front,False,b_front,True
CLEVR_val_000230.png,small red metal sphere,large red metal sphere,a_front,large,a_front,True,a_front,True,b_front,False,b_front,False,a_front,True,b_front,False
CLEVR_val_000237.png,large gray rubber cylinder,large brown metal sphere,b_front,large,b_front,True,b_front,True,a_front,False,b_front,True,a_front,False,b_front,True
CLEVR_val_000277.png,small cyan rubber sphere,small purple metal cylinder,a_front,large,a_front,True,a_front,True,b_front,False,a_front,True,b_front,False,a_front,True
CLEVR_val_000074.png,large yellow metal sphere,large brown rubber sphere,b_front,medium,b_front,True,b_front,True,a_front,False,b_front,True,b_front,True,a_front,False
CLEVR_val_000251.png,small gray metal cube,large blue metal sphere,b_front,medium,a_front,False,b_front,True,a_front,False,b_front,True,b_front,True,a_front,False
CLEVR_val_000220.png,large cyan rubber cylinder,large green rubber cylinder,b_front,medium,b_front,True,b_front,True,a_front,False,b_front,True,a_front,False,b_front,True
CLEVR_val_000186.png,small green metal cylinder,large cyan rubber cube,a_front,large,a_front,True,a_front,True,b_front,False,b_front,False,a_front,True,b_front,False
CLEVR_val_000001.png,small cyan rubber cylinder,small yellow rubber cylinder,a_front,small,b_front,False,a_front,True,b_front,False,b_front,False,b_front,False,a_front,True
CLEVR_val_000001.png,small cyan metal cube,large blue metal cube,b_front,large,a_front,False,b_front,True,a_front,False,b_front,True,a_front,False,b_front,True
CLEVR_val_000238.png,small purple rubber sphere,small red rubber cylinder,b_front,small,b_front,True,b_front,True,a_front,False,b_front,True,b_front,True,a_front,False
CLEVR_val_000270.png,small brown metal cube,small gray rubber sphere,b_front,large,a_front,False,b_front,True,a_front,False,a_front,False,b_front,True,a_front,False
CLEVR_val_000273.png,large purple metal sphere,small yellow rubber cube,a_front,large,b_front,False,a_front,True,b_front,False,a_front,True,a_front,True,b_front,False
CLEVR_val_000188.png,large gray metal cylinder,large purple metal cylinder,b_front,large,a_front,False,b_front,True,a_front,False,a_front,False,b_front,True,a_front,False
CLEVR_val_000283.png,large brown metal cylinder,small yellow rubber sphere,a_front,medium,b_front,False,a_front,True,b_front,False,a_front,True,b_front,False,a_front,True
CLEVR_val_000209.png,small cyan metal cylinder,large green metal cube,a_front,large,a_front,True,a_front,True,b_front,False,b_front,False,a_front,True,b_front,False
CLEVR_val_000110.png,small purple metal cylinder,large purple metal cube,a_front,medium,b_front,False,a_front,True,b_front,False,b_front,False,a_front,True,b_front,False
CLEVR_val_000208.png,small green metal cylinder,small brown metal sphere,b_front,large,a_front,False,b_front,True,a_front,False,a_front,False,a_front,False,b_front,True
CLEVR_val_000080.png,small red rubber sphere,small cyan metal sphere,a_front,large,b_front,False,a_front,True,b_front,False,b_front,False,a_front,True,b_front,False
CLEVR_val_000102.png,small green rubber cylinder,small blue metal cube,b_front,medium,a_front,False,b_front,True,a_front,False,a_front,False,a_front,False,b_front,True
CLEVR_val_000192.png,small brown metal cylinder,small red metal sphere,a_front,medium,b_front,False,a_front,True,b_front,False,b_front,False,b_front,False,a_front,True
CLEVR_val_000158.png,small red rubber sphere,large green rubber cylinder,b_front,large,a_front,False,b_front,True,a_front,False,b_front,True,b_front,True,a_front,False
CLEVR_val_000196.png,large cyan rubber sphere,small brown rubber sphere,a_front,small,b_front,False,b_front,False,a_front,True,a_front,True,a_front,True,b_front,False
CLEVR_val_000198.png,large red metal cube,small cyan metal cube,b_front,medium,a_front,False,b_front,True,a_front,False,a_front,False,a_front,False,b_front,True
CLEVR_val_000212.png,large cyan rubber cube,large red metal cylinder,a_front,large,b_front,False,a_front,True,b_front,False,b_front,False,a_front,True,b_front,False
CLEVR_val_000142.png,large yellow rubber sphere,small blue metal cylinder,a_front,large,a_front,True,a_front,True,b_front,False,a_front,True,a_front,True,b_front,False
CLEVR_val_000268.png,large blue rubber cylinder,large yellow metal cube,a_front,large,b_front,False,a_front,True,b_front,False,b_front,False,b_front,False,a_front,True
CLEVR_val_000041.png,small gray rubber cylinder,large brown metal cube,a_front,small,a_front,True,a_front,True,b_front,False,b_front,False,b_front,False,a_front,True
CLEVR_val_000181.png,large gray rubber sphere,small yellow rubber cylinder,b_front,medium,b_front,True,b_front,True,a_front,False,a_front,False,a_front,False,b_front,True
CLEVR_val_000049.png,large yellow metal cylinder,large purple metal cylinder,a_front,large,a_front,True,a_front,True,b_front,False,a_front,True,a_front,True,b_front,False
CLEVR_val_000287.png,large blue metal sphere,small red metal cube,a_front,medium,b_front,False,a_front,True,b_front,False,a_front,True,b_front,False,a_front,True
CLEVR_val_000068.png,large purple metal cylinder,large cyan rubber cylinder,a_front,large,a_front,True,a_front,True,b_front,False,a_front,True,b_front,False,a_front,True
CLEVR_val_000137.png,small red metal sphere,large red metal cube,a_front,medium,b_front,False,a_front,True,b_front,False,b_front,False,a_front,True,b_front,False
CLEVR_val_000126.png,small cyan metal cylinder,large gray rubber cube,a_front,medium,a_front,True,a_front,True,b_front,False,b_front,False,b_front,False,a_front,True
CLEVR_val_000087.png,large red metal sphere,small red metal cylinder,b_front,medium,b_front,True,b_front,True,a_front,False,a_front,False,b_front,True,a_front,False
CLEVR_val_000183.png,small brown rubber cube,small purple rubber cube,b_front,large,a_front,False,b_front,True,a_front,False,a_front,False,b_front,True,a_front,False
CLEVR_val_000081.png,small cyan metal sphere,large green metal cylinder,b_front,large,b_front,True,b_front,True,a_front,False,b_front,True,b_front,True,a_front,False
CLEVR_val_000031.png,small blue rubber cube,large gray metal cube,b_front,large,a_front,False,b_front,True,a_front,False,b_front,True,a_front,False,b_front,True
CLEVR_val_000273.png,large purple metal sphere,small blue metal cube,a_front,large,b_front,False,a_front,True,b_front,False,a_front,True,b_front,False,a_front,True
CLEVR_val_000009.png,large blue rubber cube,small gray metal sphere,b_front,medium,a_front,False,b_front,True,a_front,False,a_front,False,b_front,True,a_front,False
CLEVR_val_000109.png,small yellow rubber cylinder,small red metal cube,b_front,large,b_front,True,b_front,True,a_front,False,b_front,True,b_front,True,a_front,False
CLEVR_val_000061.png,small gray rubber cylinder,small red metal cylinder,a_front,large,a_front,True,a_front,True,b_front,False,a_front,True,b_front,False,a_front,True
CLEVR_val_000277.png,small cyan rubber sphere,large brown rubber cylinder,a_front,medium,b_front,False,a_front,True,b_front,False,b_front,False,a_front,True,b_front,False
CLEVR_val_000030.png,small purple metal cube,small yellow metal cube,b_front,large,a_front,False,b_front,True,a_front,False,a_front,False,b_front,True,a_front,False
CLEVR_val_000251.png,large blue metal sphere,large cyan rubber sphere,b_front,medium,b_front,True,b_front,True,a_front,False,b_front,True,a_front,False,b_front,True
CLEVR_val_000201.png,small purple metal cylinder,small red rubber cube,b_front,large,a_front,False,b_front,True,a_front,False,a_front,False,b_front,True,a_front,False
CLEVR_val_000166.png,large gray metal cylinder,small yellow metal cylinder,b_front,large,b_front,True,b_front,True,a_front,False,a_front,False,a_front,False,b_front,True
CLEVR_val_000171.png,large blue rubber cube,small gray metal sphere,a_front,medium,a_front,True,a_front,True,b_front,False,a_front,True,b_front,False,a_front,True
CLEVR_val_000118.png,small blue rubber cube,small cyan metal sphere,b_front,small,b_front,True,b_front,True,a_front,False,b_front,True,a_front,False,b_front,True
CLEVR_val_000025.png,large green metal cylinder,large gray rubber sphere,b_front,medium,a_front,False,b_front,True,a_front,False,a_front,False,a_front,False,b_front,True
CLEVR_val_000232.png,small red metal cube,small brown metal sphere,a_front,large,b_front,False,a_front,True,b_front,False,b_front,False,a_front,True,b_front,False
CLEVR_val_000271.png,large red metal sphere,large gray rubber cylinder,a_front,large,a_front,True,a_front,True,b_front,False,a_front,True,a_front,True,b_front,False
CLEVR_val_000126.png,small cyan metal cylinder,small green metal cube,a_front,large,b_front,False,a_front,True,b_front,False,b_front,False,a_front,True,b_front,False
CLEVR_val_000130.png,large purple rubber cube,large brown metal cylinder,b_front,medium,a_front,False,b_front,True,a_front,False,a_front,False,a_front,False,b_front,True
CLEVR_val_000014.png,small brown rubber cylinder,small purple rubber cube,b_front,large,b_front,True,b_front,True,a_front,False,b_front,True,b_front,True,a_front,False
CLEVR_val_000078.png,large red metal cube,small purple metal cylinder,b_front,large,a_front,False,b_front,True,a_front,False,a_front,False,b_front,True,a_front,False
CLEVR_val_000036.png,small cyan rubber cube,small red metal cylinder,a_front,medium,b_front,False,a_front,True,b_front,False,b_front,False,a_front,True,b_front,False
CLEVR_val_000219.png,small yellow metal cube,large blue metal cylinder,a_front,medium,a_front,True,a_front,True,b_front,False,b_front,False,b_front,False,a_front,True
CLEVR_val_000057.png,large gray rubber sphere,large gray metal cube,b_front,large,b_front,True,b_front,True,a_front,False,b_front,True,b_front,True,a_front,False
CLEVR_val_000188.png,small green rubber sphere,small brown metal cylinder,b_front,medium,a_front,False,b_front,True,a_front,False,a_front,False,a_front,False,b_front,True
CLEVR_val_000277.png,large brown rubber cylinder,large purple rubber sphere,a_front,small,b_front,False,a_front,True,b_front,False,b_front,False,b_front,False,a_front,True
CLEVR_val_000228.png,small red metal cylinder,small gray metal sphere,a_front,small,a_front,True,a_front,True,b_front,False,a_front,True,b_front,False,a_front,True
CLEVR_val_000067.png,small cyan metal cylinder,large blue rubber cube,b_front,medium,b_front,True,b_front,True,a_front,False,b_front,True,b_front,True,a_front,False
CLEVR_val_000075.png,large blue rubber cube,small purple rubber cylinder,a_front,large,a_front,True,a_front,True,b_front,False,a_front,True,a_front,True,b_front,False
CLEVR_val_000126.png,small green rubber cylinder,small gray rubber cylinder,b_front,medium,b_front,True,b_front,True,a_front,False,b_front,True,a_front,False,b_front,True
CLEVR_val_000150.png,large green rubber sphere,large red metal cube,b_front,medium,a_front,False,b_front,True,a_front,False,a_front,False,a_front,False,b_front,True
CLEVR_val_000210.png,small cyan metal sphere,small brown rubber sphere,a_front,large,b_front,False,a_front,True,b_front,False,b_front,False,a_front,True,b_front,False
CLEVR_val_000250.png,large purple metal sphere,large purple metal cylinder,a_front,large,a_front,True,a_front,True,b_front,False,a_front,True,a_front,True,b_front,False
CLEVR_val_000024.png,large gray metal cube,small brown rubber cube,b_front,large,b_front,True,b_front,True,a_front,False,a_front,False,b_front,True,a_front,False
CLEVR_val_000178.png,large blue rubber sphere,small cyan metal cylinder,b_front,small,a_front,False,b_front,True,a_front,False,a_front,False,a_front,False,b_front,True
CLEVR_val_000165.png,small gray metal cylinder,large brown rubber cube,b_front,medium,b_front,True,b_front,True,a_front,False,b_front,True,a_front,False,b_front,True
CLEVR_val_000051.png,large brown rubber cylinder,small cyan metal cylinder,a_front,large,a_front,True,a_front,True,b_front,False,a_front,True,b_front,False,a_front,True
CLEVR_val_000152.png,small brown metal cylinder,small purple rubber cylinder,b_front,large,b_front,True,b_front,True,a_front,False,b_front,True,b_front,True,a_front,False
CLEVR_val_000180.png,large green rubber cylinder,small blue metal cylinder,a_front,large,a_front,True,a_front,True,b_front,False,a_front,True,a_front,True,b_front,False
CLEVR_val_000138.png,small red metal sphere,small yellow rubber cube,a_front,large,b_front,False,a_front,True,b_front,False,b_front,False,a_front,True,b_front,False
CLEVR_val_000165.png,small brown metal cylinder,small gray metal cylinder,a_front,small,a_front,True,a_front,True,b_front,False,a_front,True,b_front,False,a_front,True
CLEVR_val_000180.png,small red rubber cube,small blue metal cylinder,a_front,large,b_front,False,a_front,True,b_front,False,b_front,False,b_front,False,a_front,True
CLEVR_val_000107.png,large blue rubber cylinder,small gray metal cylinder,a_front,large,a_front,True,a_front,True,b_front,False,a_front,True,a_front,True,b_front,False
CLEVR_val_000102.png,large yellow metal sphere,large brown rubber sphere,b_front,small,b_front,True,b_front,True,a_front,False,b_front,True,b_front,True,a_front,False
CLEVR_val_000160.png,large yellow metal cylinder,small cyan metal sphere,a_front,large,a_front,True,a_front,True,b_front,False,a_front,True,b_front,False,a_front,True
CLEVR_val_000215.png,large yellow metal cube,large yellow rubber cylinder,a_front,medium,b_front,False,a_front,True,b_front,False,b_front,False,b_front,False,a_front,True
CLEVR_val_000263.png,small yellow metal cylinder,small gray rubber cube,b_front,medium,a_front,False,b_front,True,a_front,False,a_front,False,a_front,False,b_front,True
CLEVR_val_000188.png,small red rubber sphere,large purple metal cylinder,b_front,medium,b_front,True,b_front,True,a_front,False,b_front,True,a_front,False,b_front,True
CLEVR_val_000159.png,large blue metal sphere,large brown metal cylinder,b_front,large,a_front,False,b_front,True,a_front,False,a_front,False,a_front,False,b_front,True
CLEVR_val_000078.png,small purple metal cylinder,large gray rubber cube,a_front,large,b_front,False,a_front,True,b_front,False,b_front,False,b_front,False,a_front,True
CLEVR_val_000080.png,large purple metal cylinder,small cyan rubber cylinder,b_front,large,a_front,False,b_front,True,a_front,False,a_front,False,a_front,False,b_front,True
CLEVR_val_000103.png,large gray rubber cylinder,large yellow metal cylinder,a_front,large,b_front,False,a_front,True,b_front,False,b_front,False,b_front,False,a_front,True
CLEVR_val_000030.png,large cyan rubber cube,small cyan rubber sphere,a_front,medium,a_front,True,a_front,True,b_front,False,a_front,True,b_front,False,a_front,True
CLEVR_val_000077.png,large brown metal cylinder,large blue rubber cube,b_front,large,b_front,True,b_front,True,a_front,False,b_front,True,b_front,True,a_front,False
CLEVR_val_000274.png,small red rubber cube,large yellow metal cube,a_front,large,a_front,True,a_front,True,b_front,False,b_front,False,a_front,True,b_front,False
CLEVR_val_000245.png,large red rubber sphere,small green metal cube,a_front,medium,b_front,False,a_front,True,b_front,False,a_front,True,a_front,True,b_front,False
CLEVR_val_000107.png,small gray metal cylinder,small green rubber sphere,b_front,large,a_front,False,b_front,True,a_front,False,a_front,False,b_front,True,a_front,False
CLEVR_val_000195.png,large cyan metal sphere,small red rubber cylinder,b_front,small,b_front,True,b_front,True,a_front,False,a_front,False,b_front,True,a_front,False
CLEVR_val_000102.png,small yellow metal cylinder,large brown rubber sphere,a_front,large,a_front,True,a_front,True,b_front,False,b_front,False,b_front,False,a_front,True
CLEVR_val_000095.png,large yellow metal sphere,large yellow metal cylinder,a_front,large,b_front,False,a_front,True,b_front,False,b_front,False,a_front,True,b_front,False
CLEVR_val_000051.png,small red rubber cylinder,large cyan rubber cylinder,a_front,large,a_front,True,a_front,True,b_front,False,b_front,False,a_front,True,b_front,False
CLEVR_val_000072.png,large cyan metal cube,large yellow metal cylinder,b_front,small,b_front,True,b_front,True,a_front,False,b_front,True,a_front,False,b_front,True
CLEVR_val_000210.png,small brown rubber cylinder,large yellow rubber sphere,a_front,large,a_front,True,a_front,True,b_front,False,b_front,False,a_front,True,b_front,False
CLEVR_val_000121.png,small purple rubber cube,small red rubber cylinder,b_front,large,b_front,True,b_front,True,a_front,False,b_front,True,a_front,False,b_front,True
CLEVR_val_000109.png,large cyan rubber sphere,small yellow rubber cube,b_front,large,a_front,False,b_front,True,a_front,False,a_front,False,b_front,True,a_front,False
CLEVR_val_000071.png,small blue metal sphere,small gray metal cylinder,a_front,large,b_front,False,a_front,True,b_front,False,b_front,False,a_front,True,b_front,False
CLEVR_val_000183.png,small brown rubber cube,large brown metal sphere,a_front,large,a_front,True,a_front,True,b_front,False,b_front,False,b_front,False,a_front,True
CLEVR_val_000170.png,small cyan metal cylinder,large green metal cube,a_front,small,b_front,False,a_front,True,b_front,False,b_front,False,a_front,True,b_front,False
CLEVR_val_000244.png,small cyan metal cylinder,large cyan metal cube,b_front,large,a_front,False,b_front,True,a_front,False,b_front,True,b_front,True,a_front,False
CLEVR_val_000185.png,large purple rubber sphere,large yellow metal sphere,b_front,large,b_front,True,b_front,True,a_front,False,b_front,True,a_front,False,b_front,True
CLEVR_val_000172.png,small brown metal cylinder,small blue metal sphere,b_front,large,a_front,False,b_front,True,a_front,False,a_front,False,b_front,True,a_front,False
CLEVR_val_000169.png,large cyan metal sphere,large green metal cube,b_front,medium,b_front,True,b_front,True,a_front,False,b_front,True,a_front,False,b_front,True
CLEVR_val_000008.png,large yellow rubber cylinder,small yellow metal cube,b_front,large,a_front,False,b_front,True,a_front,False,a_front,False,b_front,True,a_front,False
CLEVR_val_000137.png,small yellow metal sphere,large yellow rubber sphere,b_front,large,b_front,True,b_front,True,a_front,False,b_front,True,b_front,True,a_front,False
CLEVR_val_000236.png,small brown metal cube,small yellow metal sphere,b_front,large,a_front,False,b_front,True,a_front,False,a_front,False,b_front,True,a_front,False
CLEVR_val_000183.png,large brown metal sphere,small purple rubber cube,b_front,large,b_front,True,b_front,True,a_front,False,a_front,False,b_front,True,a_front,False
CLEVR_val_000255.png,large gray rubber sphere,small purple rubber sphere,a_front,medium,a_front,True,a_front,True,b_front,False,a_front,True,b_front,False,a_front,True
CLEVR_val_000246.png,small purple rubber sphere,small green rubber sphere,a_front,large,b_front,False,a_front,True,b_front,False,b_front,False,b_front,False,a_front,True
CLEVR_val_000203.png,small gray metal sphere,large green rubber cylinder,a_front,large,a_front,True,a_front,True,b_front,False,b_front,False,a_front,True,b_front,False
CLEVR_val_000092.png,large red rubber cube,small brown rubber cube,a_front,large,b_front,False,a_front,True,b_front,False,a_front,True,b_front,False,a_front,True
CLEVR_val_000270.png,small red rubber cylinder,small yellow metal cylinder,b_front,medium,a_front,False,b_front,True,a_front,False,a_front,False,a_front,False,b_front,True
CLEVR_val_000135.png,small red rubber cylinder,small yellow metal cube,b_front,large,b_front,True,b_front,True,a_front,False,b_front,True,b_front,True,a_front,False
CLEVR_val_000057.png,large gray metal cube,small gray metal cube,a_front,small,a_front,True,b_front,False,a_front,True,a_front,True,b_front,False,a_front,True
CLEVR_val_000168.png,large yellow metal cylinder,small red rubber cube,a_front,small,b_front,False,b_front,False,a_front,True,a_front,True,a_front,True,b_front,False
CLEVR_val_000203.png,small gray metal cube,large yellow rubber sphere,b_front,small,a_front,False,a_front,False,b_front,True,b_front,True,b_front,True,a_front,False
CLEVR_val_000188.png,small red rubber sphere,large brown rubber cylinder,b_front,large,b_front,True,b_front,True,a_front,False,b_front,True,b_front,True,a_front,False
CLEVR_val_000066.png,small red metal cylinder,small green rubber cylinder,a_front,large,a_front,True,a_front,True,b_front,False,a_front,True,a_front,True,b_front,False
CLEVR_val_000063.png,small gray metal sphere,large blue metal cylinder,a_front,medium,b_front,False,a_front,True,b_front,False,b_front,False,b_front,False,a_front,True
CLEVR_val_000008.png,small gray metal sphere,small yellow metal cube,b_front,large,a_front,False,b_front,True,a_front,False,a_front,False,a_front,False,b_front,True
CLEVR_val_000009.png,large gray rubber cube,small purple metal cube,a_front,large,b_front,False,a_front,True,b_front,False,a_front,True,a_front,True,b_front,False
CLEVR_val_000195.png,large gray rubber cylinder,large purple metal cube,a_front,large,a_front,True,a_front,True,b_front,False,a_front,True,a_front,True,b_front,False
CLEVR_val_000092.png,large green rubber sphere,large brown metal cylinder,a_front,large,b_front,False,a_front,True,b_front,False,b_front,False,a_front,True,b_front,False
CLEVR_val_000078.png,large gray rubber cube,small blue rubber sphere,b_front,large,a_front,False,b_front,True,a_front,False,a_front,False,a_front,False,b_front,True
CLEVR_val_000023.png,large brown rubber sphere,large brown rubber cube,a_front,large,b_front,False,a_front,True,b_front,False,b_front,False,a_front,True,b_front,False
CLEVR_val_000106.png,small cyan rubber sphere,large blue metal sphere,b_front,large,a_front,False,b_front,True,a_front,False,b_front,True,b_front,True,a_front,False
CLEVR_val_000152.png,small cyan metal sphere,large red metal cylinder,a_front,small,b_front,False,a_front,True,b_front,False,b_front,False,a_front,True,b_front,False
CLEVR_val_000140.png,large green metal cylinder,small purple rubber cylinder,a_front,large,a_front,True,a_front,True,b_front,False,a_front,True,b_front,False,a_front,True
CLEVR_val_000055.png,small cyan rubber cylinder,small green metal sphere,b_front,medium,b_front,True,b_front,True,a_front,False,b_front,True,a_front,False,b_front,True
CLEVR_val_000169.png,small yellow rubber cylinder,small blue rubber cube,b_front,large,a_front,False,b_front,True,a_front,False,a_front,False,b_front,True,a_front,False
CLEVR_val_000119.png,small purple metal cylinder,large blue metal sphere,b_front,small,b_front,True,a_front,False,b_front,True,b_front,True,a_front,False,b_front,True
CLEVR_val_000238.png,small purple rubber cylinder,large purple rubber sphere,a_front,large,a_front,True,a_front,True,b_front,False,b_front,False,b_front,False,a_front,True
CLEVR_val_000072.png,large yellow metal cylinder,small yellow metal sphere,b_front,medium,b_front,True,b_front,True,a_front,False,a_front,False,b_front,True,a_front,False
CLEVR_val_000157.png,small cyan rubber cube,large cyan metal cylinder,b_front,large,a_front,False,b_front,True,a_front,False,b_front,True,a_front,False,b_front,True
CLEVR_val_000238.png,small cyan rubber cylinder,small red rubber cylinder,b_front,large,b_front,True,b_front,True,a_front,False,b_front,True,b_front,True,a_front,False
CLEVR_val_000031.png,small yellow rubber sphere,large gray metal cube,a_front,large,a_front,True,a_front,True,b_front,False,b_front,False,a_front,True,b_front,False
CLEVR_val_000046.png,small green rubber cube,large purple metal cylinder,b_front,large,b_front,True,b_front,True,a_front,False,b_front,True,a_front,False,b_front,True
CLEVR_val_000089.png,small gray rubber cylinder,large green metal cube,b_front,medium,a_front,False,b_front,True,a_front,False,b_front,True,a_front,False,b_front,True
CLEVR_val_000190.png,small blue metal sphere,small purple rubber sphere,b_front,large,b_front,True,b_front,True,a_front,False,b_front,True,a_front,False,b_front,True
CLEVR_val_000052.png,small gray rubber sphere,small brown rubber cube,a_front,small,a_front,True,a_front,True,b_front,False,a_front,True,b_front,False,a_front,True
CLEVR_val_000020.png,small purple rubber sphere,large cyan rubber cylinder,a_front,small,b_front,False,a_front,True,b_front,False,b_front,False,b_front,False,a_front,True
CLEVR_val_000171.png,small blue metal sphere,small gray metal sphere,b_front,medium,a_front,False,b_front,True,a_front,False,a_front,False,b_front,True,a_front,False
CLEVR_val_000080.png,large red metal cube,large purple metal cylinder,a_front,large,b_front,False,a_front,True,b_front,False,b_front,False,b_front,False,a_front,True
CLEVR_val_000013.png,large gray metal cylinder,small red rubber sphere,b_front,medium,a_front,False,b_front,True,a_front,False,a_front,False,a_front,False,b_front,True
CLEVR_val_000243.png,large yellow metal sphere,small purple metal sphere,a_front,large,b_front,False,a_front,True,b_front,False,a_front,True,b_front,False,a_front,True
CLEVR_val_000222.png,small cyan metal sphere,small blue metal cube,a_front,small,a_front,True,a_front,True,b_front,False,a_front,True,b_front,False,a_front,True
CLEVR_val_000017.png,small brown rubber cylinder,small brown metal cylinder,a_front,large,b_front,False,a_front,True,b_front,False,b_front,False,a_front,True,b_front,False
CLEVR_val_000191.png,large gray metal sphere,small red metal sphere,b_front,large,a_front,False,b_front,True,a_front,False,a_front,False,b_front,True,a_front,False
CLEVR_val_000174.png,large red rubber cylinder,large green metal sphere,a_front,large,b_front,False,a_front,True,b_front,False,b_front,False,a_front,True,b_front,False
CLEVR_val_000021.png,large brown metal cube,small green metal cylinder,a_front,large,a_front,True,a_front,True,b_front,False,a_front,True,a_front,True,b_front,False
CLEVR_val_000041.png,large cyan rubber cylinder,large gray rubber sphere,b_front,large,b_front,True,b_front,True,a_front,False,b_front,True,a_front,False,b_front,True
CLEVR_val_000277.png,small brown rubber cylinder,small cyan metal sphere,a_front,large,a_front,True,a_front,True,b_front,False,a_front,True,a_front,True,b_front,False
CLEVR_val_000144.png,large yellow rubber sphere,large brown metal cube,b_front,large,b_front,True,b_front,True,a_front,False,b_front,True,b_front,True,a_front,False
CLEVR_val_000236.png,small yellow metal sphere,large green rubber cylinder,a_front,large,a_front,True,a_front,True,b_front,False,b_front,False,a_front,True,b_front,False
CLEVR_val_000110.png,large red metal sphere,large purple rubber cylinder,a_front,large,b_front,False,a_front,True,b_front,False,b_front,False,b_front,False,a_front,True
CLEVR_val_000008.png,small brown rubber cube,large yellow metal sphere,a_front,medium,a_front,True,a_front,True,b_front,False,b_front,False,a_front,True,b_front,False
CLEVR_val_000002.png,small blue metal cube,small green metal sphere,b_front,medium,b_front,True,b_front,True,a_front,False,b_front,True,a_front,False,b_front,True
CLEVR_val_000206.png,small red rubber sphere,large gray rubber cylinder,b_front,large,a_front,False,b_front,True,a_front,False,b_front,True,b_front,True,a_front,False
CLEVR_val_000008.png,large yellow rubber cylinder,small brown rubber sphere,b_front,large,b_front,True,b_front,True,a_front,False,a_front,False,a_front,False,b_front,True
CLEVR_val_000163.png,small purple metal cylinder,small blue metal cylinder,a_front,large,a_front,True,a_front,True,b_front,False,a_front,True,b_front,False,a_front,True
CLEVR_val_000126.png,small green rubber cylinder,small yellow metal cylinder,a_front,large,b_front,False,a_front,True,b_front,False,b_front,False,b_front,False,a_front,True
CLEVR_val_000056.png,small red rubber sphere,small brown rubber sphere,b_front,medium,a_front,False,b_front,True,a_front,False,a_front,False,b_front,True,a_front,False
CLEVR_val_000192.png,large purple metal cylinder,small purple rubber cube,b_front,small,b_front,True,b_front,True,a_front,False,a_front,False,b_front,True,a_front,False
CLEVR_val_000020.png,large gray metal cube,small purple rubber sphere,a_front,small,a_front,True,b_front,False,a_front,True,a_front,True,a_front,True,b_front,False
CLEVR_val_000081.png,large purple rubber cylinder,large red rubber sphere,a_front,large,b_front,False,a_front,True,b_front,False,b_front,False,b_front,False,a_front,True
CLEVR_val_000041.png,large gray rubber sphere,small green rubber sphere,a_front,large,a_front,True,a_front,True,b_front,False,a_front,True,a_front,True,b_front,False
CLEVR_val_000095.png,small purple metal cube,large yellow metal cylinder,a_front,large,b_front,False,a_front,True,b_front,False,b_front,False,a_front,True,b_front,False
CLEVR_val_000057.png,small cyan rubber cylinder,small yellow metal cube,b_front,large,a_front,False,b_front,True,a_front,False,a_front,False,a_front,False,b_front,True
CLEVR_val_000129.png,small cyan metal sphere,small brown metal cylinder,b_front,large,b_front,True,b_front,True,a_front,False,b_front,True,b_front,True,a_front,False
CLEVR_val_000272.png,small red metal cylinder,large red rubber sphere,b_front,medium,a_front,False,b_front,True,a_front,False,b_front,True,b_front,True,a_front,False
CLEVR_val_000255.png,small cyan rubber cube,small blue rubber sphere,b_front,medium,b_front,True,b_front,True,a_front,False,b_front,True,a_front,False,b_front,True
CLEVR_val_000148.png,large brown metal sphere,large blue metal cylinder,a_front,small,a_front,True,a_front,True,b_front,False,a_front,True,a_front,True,b_front,False
CLEVR_val_000250.png,small brown rubber sphere,small red rubber cube,a_front,small,b_front,False,a_front,True,b_front,False,b_front,False,a_front,True,b_front,False
CLEVR_val_000137.png,small yellow metal sphere,large red metal cube,a_front,small,a_front,True,a_front,True,b_front,False,b_front,False,b_front,False,a_front,True
CLEVR_val_000028.png,large red metal cube,small blue rubber cube,a_front,large,b_front,False,a_front,True,b_front,False,a_front,True,b_front,False,a_front,True
CLEVR_val_000185.png,small brown metal cylinder,large red metal cylinder,b_front,large,a_front,False,b_front,True,a_front,False,b_front,True,b_front,True,a_front,False
CLEVR_val_000076.png,large red rubber cube,small yellow metal cube,a_front,large,b_front,False,a_front,True,b_front,False,a_front,True,a_front,True,b_front,False
CLEVR_val_000075.png,large blue rubber cube,small red rubber cube,a_front,medium,a_front,True,a_front,True,b_front,False,a_front,True,b_front,False,a_front,True
CLEVR_val_000071.png,small blue metal sphere,large red rubber cube,a_front,large,b_front,False,a_front,True,b_front,False,b_front,False,a_front,True,b_front,False
CLEVR_val_000243.png,small brown rubber cylinder,small blue rubber cube,a_front,small,a_front,True,a_front,True,b_front,False,a_front,True,a_front,True,b_front,False
CLEVR_val_000155.png,large blue metal cylinder,small purple metal cylinder,b_front,large,b_front,True,b_front,True,a_front,False,a_front,False,a_front,False,b_front,True
CLEVR_val_000204.png,small green rubber cylinder,small blue metal sphere,a_front,small,a_front,True,a_front,True,b_front,False,a_front,True,b_front,False,a_front,True
CLEVR_val_000239.png,small purple rubber cylinder,small green metal cylinder,b_front,small,b_front,True,b_front,True,a_front,False,b_front,True,b_front,True,a_front,False
CLEVR_val_000152.png,large yellow metal sphere,small green metal sphere,a_front,medium,a_front,True,a_front,True,b_front,False,a_front,True,a_front,True,b_front,False
CLEVR_val_000057.png,small brown rubber cylinder,small gray metal cube,b_front,large,b_front,True,b_front,True,a_front,False,b_front,True,a_front,False,b_front,True
CLEVR_val_000110.png,large blue rubber cylinder,small yellow metal cylinder,a_front,medium,a_front,True,a_front,True,b_front,False,a_front,True,b_front,False,a_front,True
CLEVR_val_000169.png,large green rubber cylinder,large cyan rubber sphere,a_front,medium,b_front,False,a_front,True,b_front,False,b_front,False,b_front,False,a_front,True
CLEVR_val_000066.png,large purple metal cylinder,large blue rubber cube,a_front,medium,a_front,True,a_front,True,b_front,False,a_front,True,a_front,True,b_front,False
CLEVR_val_000156.png,small purple metal sphere,large yellow rubber cube,b_front,large,b_front,True,b_front,True,a_front,False,b_front,True,b_front,True,a_front,False
CLEVR_val_000007.png,small brown rubber cube,large brown rubber cube,b_front,large,a_front,False,b_front,True,a_front,False,b_front,True,b_front,True,a_front,False
CLEVR_val_000228.png,small brown rubber cube,small red metal cylinder,a_front,medium,b_front,False,a_front,True,b_front,False,b_front,False,a_front,True,b_front,False
CLEVR_val_000258.png,small cyan metal sphere,large gray rubber sphere,a_front,large,a_front,True,a_front,True,b_front,False,b_front,False,a_front,True,b_front,False
CLEVR_val_000086.png,small brown metal cube,large cyan rubber cylinder,a_front,large,b_front,False,a_front,True,b_front,False,b_front,False,b_front,False,a_front,True
CLEVR_val_000181.png,small blue rubber sphere,small yellow metal cylinder,b_front,large,a_front,False,b_front,True,a_front,False,a_front,False,b_front,True,a_front,False
CLEVR_val_000087.png,large red metal sphere,small purple rubber cylinder,b_front,large,b_front,True,b_front,True,a_front,False,a_front,False,a_front,False,b_front,True
CLEVR_val_000200.png,large gray rubber cylinder,large green metal sphere,a_front,large,a_front,True,a_front,True,b_front,False,a_front,True,a_front,True,b_front,False
CLEVR_val_000080.png,small purple metal cylinder,large purple metal cylinder,a_front,medium,b_front,False,a_front,True,b_front,False,b_front,False,b_front,False,a_front,True
CLEVR_val_000007.png,small cyan rubber cylinder,large brown rubber cube,a_front,small,a_front,True,a_front,True,b_front,False,b_front,False,b_front,False,a_front,True
CLEVR_val_000015.png,small yellow rubber cube,small gray metal cube,a_front,large,b_front,False,a_front,True,b_front,False,b_front,False,a_front,True,b_front,False
CLEVR_val_000222.png,large blue metal sphere,small yellow metal cube,a_front,large,a_front,True,a_front,True,b_front,False,a_front,True,a_front,True,b_front,False
CLEVR_val_000070.png,large blue rubber cylinder,large gray metal cube,a_front,large,b_front,False,a_front,True,b_front,False,b_front,False,b_front,False,a_front,True
CLEVR_val_000203.png,small cyan metal cube,small yellow rubber sphere,a_front,small,a_front,True,a_front,True,b_front,False,a_front,True,a_front,True,b_front,False
CLEVR_val_000191.png,large gray metal sphere,small red rubber sphere,b_front,large,b_front,True,b_front,True,a_front,False,a_front,False,a_front,False,b_front,True
CLEVR_val_000243.png,large yellow metal sphere,large cyan metal sphere,b_front,large,a_front,False,b_front,True,a_front,False,a_front,False,b_front,True,a_front,False
CLEVR_val_000017.png,small gray rubber cylinder,large cyan rubber cube,a_front,medium,b_front,False,a_front,True,b_front,False,b_front,False,b_front,False,a_front,True
CLEVR_val_000038.png,small blue metal cylinder,small brown metal cylinder,a_front,medium,a_front,True,a_front,True,b_front,False,a_front,True,a_front,True,b_front,False
CLEVR_val_000241.png,large green metal cylinder,small purple metal cube,a_front,medium,b_front,False,a_front,True,b_front,False,a_front,True,a_front,True,b_front,False
CLEVR_val_000171.png,small brown rubber cylinder,large cyan rubber cylinder,a_front,large,a_front,True,a_front,True,b_front,False,b_front,False,a_front,True,b_front,False
CLEVR_val_000119.png,small purple metal cylinder,small red metal cube,b_front,large,b_front,True,b_front,True,a_front,False,b_front,True,a_front,False,b_front,True
CLEVR_val_000198.png,small blue metal cylinder,small blue rubber cube,a_front,large,a_front,True,a_front,True,b_front,False,a_front,True,b_front,False,a_front,True
CLEVR_val_000203.png,small yellow metal cube,small yellow rubber sphere,a_front,medium,b_front,False,a_front,True,b_front,False,b_front,False,a_front,True,b_front,False
CLEVR_val_000004.png,large gray metal sphere,large green rubber cylinder,b_front,medium,a_front,False,b_front,True,a_front,False,a_front,False,b_front,True,a_front,False
CLEVR_val_000160.png,small brown rubber cylinder,small blue rubber sphere,b_front,large,b_front,True,b_front,True,a_front,False,b_front,True,a_front,False,b_front,True
CLEVR_val_000044.png,large green rubber cube,small green rubber cube,b_front,medium,a_front,False,b_front,True,a_front,False,a_front,False,a_front,False,b_front,True
CLEVR_val_000205.png,small gray rubber cylinder,large red metal sphere,b_front,large,b_front,True,b_front,True,a_front,False,b_front,True,b_front,True,a_front,False
CLEVR_val_000237.png,large gray rubber cube,small purple rubber cylinder,a_front,large,a_front,True,a_front,True,b_front,False,a_front,True,a_front,True,b_front,False
CLEVR_val_000215.png,small yellow metal sphere,large blue rubber cylinder,b_front,large,b_front,True,b_front,True,a_front,False,b_front,True,b_front,True,a_front,False
CLEVR_val_000271.png,small blue rubber cube,small green rubber sphere,a_front,large,a_front,True,a_front,True,b_front,False,a_front,True,b_front,False,a_front,True
CLEVR_val_000230.png,small green metal cylinder,large red metal sphere,a_front,small,b_front,False,a_front,True,b_front,False,b_front,False,a_front,True,b_front,False
CLEVR_val_000106.png,large green rubber sphere,large blue metal sphere,b_front,large,a_front,False,b_front,True,a_front,False,a_front,False,a_front,False,b_front,True
CLEVR_val_000232.png,large purple metal sphere,small red metal cube,b_front,medium,b_front,True,b_front,True,a_front,False,a_front,False,b_front,True,a_front,False
CLEVR_val_000174.png,large green metal sphere,large purple rubber cylinder,b_front,large,a_front,False,b_front,True,a_front,False,a_front,False,a_front,False,b_front,True
CLEVR_val_000255.png,small blue rubber sphere,large gray rubber sphere,a_front,medium,b_front,False,a_front,True,b_front,False,b_front,False,a_front,True,b_front,False
CLEVR_val_000158.png,small purple metal cylinder,large gray metal sphere,a_front,large,a_front,True,a_front,True,b_front,False,b_front,False,a_front,True,b_front,False
CLEVR_val_000224.png,small cyan rubber sphere,large purple metal cylinder,b_front,large,b_front,True,b_front,True,a_front,False,b_front,True,a_front,False,b_front,True
CLEVR_val_000244.png,large cyan rubber cube,large red rubber cube,a_front,large,a_front,True,a_front,True,b_front,False,a_front,True,b_front,False,a_front,True
CLEVR_val_000183.png,small yellow metal cube,small purple rubber cube,b_front,large,b_front,True,b_front,True,a_front,False,b_front,True,b_front,True,a_front,False
CLEVR_val_000240.png,large brown metal sphere,large blue rubber cylinder,b_front,medium,a_front,False,b_front,True,a_front,False,a_front,False,a_front,False,b_front,True
CLEVR_val_000263.png,small yellow metal cylinder,small gray rubber cylinder,a_front,large,b_front,False,a_front,True,b_front,False,b_front,False,b_front,False,a_front,True
CLEVR_val_000196.png,small purple metal sphere,small brown rubber sphere,b_front,large,a_front,False,b_front,True,a_front,False,a_front,False,a_front,False,b_front,True
CLEVR_val_000035.png,small green metal cylinder,small yellow rubber cylinder,b_front,medium,b_front,True,b_front,True,a_front,False,b_front,True,b_front,True,a_front,False
CLEVR_val_000079.png,large red metal sphere,small purple metal sphere,a_front,medium,a_front,True,a_front,True,b_front,False,a_front,True,a_front,True,b_front,False
CLEVR_val_000181.png,large brown metal cylinder,small yellow rubber cylinder,b_front,large,b_front,True,b_front,True,a_front,False,a_front,False,a_front,False,b_front,True
CLEVR_val_000138.png,small yellow rubber cube,large brown rubber cube,b_front,large,a_front,False,b_front,True,a_front,False,b_front,True,b_front,True,a_front,False
CLEVR_val_000262.png,large red rubber sphere,large blue metal cylinder,b_front,medium,b_front,True,b_front,True,a_front,False,b_front,True,a_front,False,b_front,True
CLEVR_val_000160.png,small blue metal cylinder,small brown rubber cylinder,a_front,large,a_front,True,a_front,True,b_front,False,a_front,True,a_front,True,b_front,False
CLEVR_val_000226.png,large brown rubber cylinder,small red metal cube,a_front,large,b_front,False,a_front,True,b_front,False,a_front,True,a_front,True,b_front,False
CLEVR_val_000274.png,large cyan metal sphere,large purple rubber cube,a_front,large,a_front,True,a_front,True,b_front,False,a_front,True,a_front,True,b_front,False
CLEVR_val_000245.png,small blue metal cube,large cyan metal cube,a_front,large,b_front,False,a_front,True,b_front,False,b_front,False,b_front,False,a_front,True
CLEVR_val_000063.png,large gray metal cylinder,small yellow rubber cylinder,a_front,large,a_front,True,a_front,True,b_front,False,a_front,True,a_front,True,b_front,False
CLEVR_val_000004.png,small red rubber sphere,large green rubber cylinder,a_front,medium,b_front,False,a_front,True,b_front,False,b_front,False,b_front,False,a_front,True
CLEVR_val_000055.png,large green metal cube,large yellow metal cylinder,a_front,medium,a_front,True,a_front,True,b_front,False,a_front,True,a_front,True,b_front,False
CLEVR_val_000236.png,small brown metal cube,small brown metal sphere,b_front,small,b_front,True,b_front,True,a_front,False,b_front,True,b_front,True,a_front,False
CLEVR_val_000004.png,large gray rubber cylinder,large green rubber cylinder,a_front,medium,a_front,True,a_front,True,b_front,False,a_front,True,b_front,False,a_front,True
CLEVR_val_000001.png,small cyan metal cube,small yellow rubber cylinder,b_front,large,b_front,True,b_front,True,a_front,False,b_front,True,b_front,True,a_front,False
CLEVR_val_000047.png,large green metal cylinder,small cyan rubber cylinder,b_front,medium,a_front,False,b_front,True,a_front,False,a_front,False,a_front,False,b_front,True
CLEVR_val_000095.png,small yellow rubber cube,large yellow metal cylinder,a_front,small,b_front,False,a_front,True,b_front,False,b_front,False,a_front,True,b_front,False
CLEVR_val_000245.png,small gray metal sphere,large cyan rubber cube,a_front,large,a_front,True,a_front,True,b_front,False,b_front,False,a_front,True,b_front,False
CLEVR_val_000115.png,small yellow metal cylinder,small red metal cylinder,a_front,medium,b_front,False,a_front,True,b_front,False,b_front,False,b_front,False,a_front,True
CLEVR_val_000042.png,small yellow metal sphere,large yellow rubber sphere,b_front,medium,a_front,False,b_front,True,a_front,False,b_front,True,b_front,True,a_front,False
CLEVR_val_000177.png,large brown rubber cube,small gray rubber cube,a_front,large,b_front,False,a_front,True,b_front,False,a_front,True,a_front,True,b_front,False
CLEVR_val_000165.png,large red metal cube,large brown metal cube,a_front,large,a_front,True,a_front,True,b_front,False,a_front,True,a_front,True,b_front,False
CLEVR_val_000022.png,large brown rubber sphere,large blue metal sphere,a_front,large,b_front,False,a_front,True,b_front,False,b_front,False,b_front,False,a_front,True
CLEVR_val_000097.png,large blue metal cylinder,large brown metal cylinder,a_front,medium,a_front,True,a_front,True,b_front,False,a_front,True,a_front,True,b_front,False
CLEVR_val_000020.png,large cyan metal cylinder,small cyan metal cube,a_front,medium,b_front,False,a_front,True,b_front,False,a_front,True,b_front,False,a_front,True
CLEVR_val_000285.png,large brown metal sphere,large purple rubber sphere,b_front,large,a_front,False,b_front,True,a_front,False,a_front,False,b_front,True,a_front,False
CLEVR_val_000075.png,large yellow rubber cylinder,small cyan rubber cube,b_front,large,b_front,True,b_front,True,a_front,False,a_front,False,a_front,False,b_front,True
CLEVR_val_000216.png,small purple metal cube,large gray metal cylinder,b_front,medium,a_front,False,b_front,True,a_front,False,b_front,True,b_front,True,a_front,False
CLEVR_val_000130.png,small yellow metal cube,large brown metal cylinder,a_front,large,b_front,False,a_front,True,b_front,False,b_front,False,a_front,True,b_front,False
CLEVR_val_000055.png,small cyan rubber cylinder,small cyan metal cube,b_front,small,a_front,False,b_front,True,a_front,False,a_front,False,b_front,True,a_front,False
CLEVR_val_000236.png,small brown metal sphere,small blue rubber cylinder,a_front,large,b_front,False,a_front,True,b_front,False,b_front,False,a_front,True,b_front,False
CLEVR_val_000170.png,small brown metal cylinder,small red rubber cube,a_front,large,a_front,True,a_front,True,b_front,False,a_front,True,a_front,True,b_front,False
CLEVR_val_000228.png,small red metal cylinder,large gray rubber cylinder,b_front,small,b_front,True,a_front,False,b_front,True,b_front,True,b_front,True,a_front,False
CLEVR_val_000240.png,small red rubber cylinder,large blue rubber cube,b_front,large,a_front,False,b_front,True,a_front,False,b_front,True,b_front,True,a_front,False
CLEVR_val_000181.png,large green metal cube,small yellow rubber cylinder,b_front,large,b_front,True,b_front,True,a_front,False,a_front,False,a_front,False,b_front,True
CLEVR_val_000165.png,large red metal cube,large red metal cylinder,a_front,large,a_front,True,a_front,True,b_front,False,a_front,True,a_front,True,b_front,False
CLEVR_val_000234.png,large gray metal cube,large cyan rubber cube,a_front,medium,b_front,False,a_front,True,b_front,False,b_front,False,a_front,True,b_front,False
CLEVR_val_000245.png,small green metal cube,small gray metal sphere,b_front,large,a_front,False,b_front,True,a_front,False,a_front,False,b_front,True,a_front,False
CLEVR_val_000051.png,small cyan metal cylinder,large cyan rubber cylinder,a_front,large,b_front,False,a_front,True,b_front,False,b_front,False,a_front,True,b_front,False
CLEVR_val_000173.png,small red metal cube,large yellow metal sphere,b_front,small,a_front,False,a_front,False,b_front,True,b_front,True,b_front,True,a_front,False
CLEVR_val_000147.png,large purple rubber cylinder,large cyan metal cube,a_front,large,b_front,False,a_front,True,b_front,False,b_front,False,b_front,False,a_front,True
CLEVR_val_000232.png,large cyan metal sphere,large purple metal cylinder,a_front,medium,a_front,True,a_front,True,b_front,False,a_front,True,a_front,True,b_front,False
CLEVR_val_000237.png,small purple metal cube,small purple rubber cylinder,a_front,large,b_front,False,a_front,True,b_front,False,b_front,False,a_front,True,b_front,False
CLEVR_val_000215.png,small yellow rubber cylinder,large blue rubber cylinder,b_front,small,a_front,False,a_front,False,b_front,True,b_front,True,b_front,True,a_front,False
CLEVR_val_000046.png,small green rubber cube,small blue metal sphere,b_front,large,b_front,True,b_front,True,a_front,False,b_front,True,a_front,False,b_front,True
CLEVR_val_000023.png,small green rubber cube,small red rubber sphere,b_front,large,a_front,False,b_front,True,a_front,False,a_front,False,b_front,True,a_front,False
CLEVR_val_000174.png,small blue rubber cube,large green metal sphere,a_front,large,b_front,False,a_front,True,b_front,False,b_front,False,a_front,True,b_front,False
CLEVR_val_000146.png,small red metal sphere,small purple metal cylinder,b_front,small,a_front,False,b_front,True,a_front,False,a_front,False,b_front,True,a_front,False
CLEVR_val_000005.png,small yellow rubber cube,large yellow rubber sphere,b_front,large,b_front,True,b_front,True,a_front,False,b_front,True,b_front,True,a_front,False
CLEVR_val_000247.png,small red metal cube,large green metal cylinder,b_front,medium,a_front,False,b_front,True,a_front,False,b_front,True,a_front,False,b_front,True
CLEVR_val_000160.png,small green metal cube,small blue rubber sphere,b_front,small,b_front,True,b_front,True,a_front,False,b_front,True,a_front,False,b_front,True
CLEVR_val_000261.png,small cyan rubber sphere,large blue rubber sphere,a_front,medium,a_front,True,a_front,True,b_front,False,b_front,False,b_front,False,a_front,True
CLEVR_val_000137.png,large cyan rubber cube,small yellow metal sphere,a_front,large,b_front,False,a_front,True,b_front,False,a_front,True,a_front,True,b_front,False
CLEVR_val_000259.png,small red metal cube,small blue rubber cylinder,a_front,medium,a_front,True,a_front,True,b_front,False,a_front,True,b_front,False,a_front,True
CLEVR_val_000044.png,large green rubber cube,small gray rubber sphere,a_front,large,b_front,False,a_front,True,b_front,False,a_front,True,a_front,True,b_front,False
CLEVR_val_000099.png,small red rubber sphere,small gray metal cube,b_front,large,a_front,False,b_front,True,a_front,False,a_front,False,b_front,True,a_front,False
CLEVR_val_000028.png,small red metal cube,small blue rubber cube,a_front,large,b_front,False,a_front,True,b_front,False,b_front,False,b_front,False,a_front,True
CLEVR_val_000057.png,small cyan rubber cylinder,small gray metal cube,b_front,large,a_front,False,b_front,True,a_front,False,a_front,False,b_front,True,a_front,False
CLEVR_val_000188.png,large brown rubber cylinder,small red metal sphere,b_front,large,b_front,True,b_front,True,a_front,False,a_front,False,a_front,False,b_front,True
CLEVR_val_000248.png,large red metal cube,small green metal sphere,a_front,large,a_front,True,a_front,True,b_front,False,a_front,True,b_front,False,a_front,True
CLEVR_val_000067.png,small yellow rubber cube,small red metal cylinder,a_front,large,b_front,False,a_front,True,b_front,False,b_front,False,b_front,False,a_front,True
CLEVR_val_000175.png,large cyan rubber cube,large blue metal cube,b_front,medium,a_front,False,b_front,True,a_front,False,a_front,False,a_front,False,b_front,True
CLEVR_val_000078.png,small gray metal cylinder,small brown metal cylinder,a_front,large,b_front,False,a_front,True,b_front,False,b_front,False,a_front,True,b_front,False
CLEVR_val_000035.png,small green metal cylinder,small brown rubber cylinder,b_front,large,a_front,False,b_front,True,a_front,False,a_front,False,b_front,True,a_front,False
CLEVR_val_000177.png,small yellow metal sphere,large gray metal sphere,b_front,large,b_front,True,b_front,True,a_front,False,b_front,True,b_front,True,a_front,False
CLEVR_val_000151.png,small brown rubber sphere,small cyan rubber cylinder,b_front,small,a_front,False,b_front,True,a_front,False,a_front,False,a_front,False,b_front,True
CLEVR_val_000085.png,large brown rubber cube,small green rubber cube,b_front,large,b_front,True,b_front,True,a_front,False,a_front,False,a_front,False,b_front,True
CLEVR_val_000124.png,small red rubber cube,large cyan rubber cylinder,b_front,large,a_front,False,b_front,True,a_front,False,b_front,True,a_front,False,b_front,True
CLEVR_val_000126.png,small green metal cube,large gray rubber cube,b_front,large,b_front,True,b_front,True,a_front,False,b_front,True,b_front,True,a_front,False
CLEVR_val_000025.png,small cyan rubber sphere,large green metal cylinder,b_front,large,a_front,False,b_front,True,a_front,False,b_front,True,b_front,True,a_front,False
CLEVR_val_000205.png,large gray rubber cylinder,small blue rubber cylinder,b_front,medium,b_front,True,b_front,True,a_front,False,a_front,False,b_front,True,a_front,False
CLEVR_val_000230.png,small blue metal cube,small green metal cylinder,b_front,medium,a_front,False,b_front,True,a_front,False,a_front,False,b_front,True,a_front,False
CLEVR_val_000205.png,large yellow metal cube,large red metal sphere,a_front,small,b_front,False,a_front,True,b_front,False,b_front,False,b_front,False,a_front,True
CLEVR_val_000098.png,large gray metal sphere,small blue metal sphere,a_front,small,a_front,True,b_front,False,a_front,True,a_front,True,a_front,True,b_front,False
CLEVR_val_000002.png,large yellow metal sphere,large purple metal cylinder,b_front,large,b_front,True,b_front,True,a_front,False,b_front,True,a_front,False,b_front,True
CLEVR_val_000012.png,large brown metal cylinder,large purple metal cylinder,a_front,large,a_front,True,a_front,True,b_front,False,a_front,True,a_front,True,b_front,False
CLEVR_val_000185.png,large red rubber cube,large red metal cylinder,a_front,medium,b_front,False,a_front,True,b_front,False,b_front,False,b_front,False,a_front,True
CLEVR_val_000073.png,small green metal sphere,small blue rubber sphere,b_front,large,a_front,False,b_front,True,a_front,False,a_front,False,a_front,False,b_front,True
CLEVR_val_000106.png,large blue metal cube,large blue metal sphere,b_front,large,b_front,True,b_front,True,a_front,False,b_front,True,b_front,True,a_front,False
CLEVR_val_000092.png,large red rubber cube,large cyan rubber cube,b_front,small,a_front,False,b_front,True,a_front,False,a_front,False,b_front,True,a_front,False
CLEVR_val_000068.png,small yellow rubber sphere,large cyan rubber cylinder,a_front,large,b_front,False,a_front,True,b_front,False,b_front,False,a_front,True,b_front,False
CLEVR_val_000212.png,small brown metal cube,small green rubber cube,a_front,small,a_front,True,a_front,True,b_front,False,a_front,True,a_front,True,b_front,False
CLEVR_val_000285.png,large blue rubber sphere,large purple rubber sphere,b_front,large,b_front,True,b_front,True,a_front,False,b_front,True,b_front,True,a_front,False
CLEVR_val_000243.png,small purple rubber cylinder,large brown metal cube,b_front,large,a_front,False,b_front,True,a_front,False,b_front,True,a_front,False,b_front,True
CLEVR_val_000236.png,small brown metal sphere,large red rubber sphere,b_front,small,b_front,True,a_front,False,b_front,True,b_front,True,a_front,False,b_front,True
CLEVR_val_000243.png,large green metal sphere,large cyan metal sphere,b_front,large,a_front,False,b_front,True,a_front,False,a_front,False,a_front,False,b_front,True
CLEVR_val_000084.png,small green rubber sphere,small red rubber cylinder,b_front,large,b_front,True,b_front,True,a_front,False,b_front,True,a_front,False,b_front,True
CLEVR_val_000166.png,large yellow rubber cylinder,large gray metal cylinder,a_front,large,a_front,True,a_front,True,b_front,False,a_front,True,b_front,False,a_front,True
CLEVR_val_000040.png,small gray metal cube,small gray metal sphere,a_front,medium,b_front,False,a_front,True,b_front,False,b_front,False,b_front,False,a_front,True
CLEVR_val_000244.png,large blue rubber cube,large cyan metal cube,b_front,medium,a_front,False,b_front,True,a_front,False,a_front,False,b_front,True,a_front,False
CLEVR_val_000033.png,small red metal sphere,small purple rubber cylinder,b_front,large,b_front,True,b_front,True,a_front,False,b_front,True,b_front,True,a_front,False
CLEVR_val_000195.png,large green rubber sphere,small purple metal sphere,a_front,medium,a_front,True,a_front,True,b_front,False,a_front,True,b_front,False,a_front,True
CLEVR_val_000171.png,large red rubber sphere,small purple rubber sphere,a_front,medium,b_front,False,a_front,True,b_front,False,a_front,True,a_front,True,b_front,False
CLEVR_val_000032.png,small green metal cube,small gray rubber cylinder,a_front,medium,a_front,True,a_front,True,b_front,False,a_front,True,b_front,False,a_front,True
CLEVR_val_000198.png,small cyan rubber cylinder,large gray rubber cylinder,b_front,large,b_front,True,b_front,True,a_front,False,b_front,True,b_front,True,a_front,False
CLEVR_val_000105.png,small blue metal cube,large purple rubber sphere,a_front,large,a_front,True,a_front,True,b_front,False,b_front,False,b_front,False,a_front,True
CLEVR_val_000204.png,small green rubber cylinder,small yellow rubber cylinder,b_front,large,b_front,True,b_front,True,a_front,False,b_front,True,b_front,True,a_front,False
CLEVR_val_000163.png,small green rubber cube,small red metal cylinder,a_front,large,a_front,True,a_front,True,b_front,False,a_front,True,a_front,True,b_front,False
CLEVR_val_000201.png,small yellow metal sphere,large brown metal cube,b_front,medium,b_front,True,b_front,True,a_front,False,b_front,True,b_front,True,a_front,False
CLEVR_val_000162.png,large blue rubber cylinder,small yellow metal cylinder,b_front,large,a_front,False,b_front,True,a_front,False,a_front,False,a_front,False,b_front,True
CLEVR_val_000263.png,large cyan rubber cube,small yellow rubber cube,a_front,medium,b_front,False,a_front,True,b_front,False,a_front,True,a_front,True,b_front,False
CLEVR_val_000053.png,large brown rubber cylinder,small yellow rubber cube,b_front,large,a_front,False,b_front,True,a_front,False,a_front,False,a_front,False,b_front,True
CLEVR_val_000171.png,small brown rubber cylinder,large red rubber sphere,a_front,large,b_front,False,a_front,True,b_front,False,b_front,False,a_front,True,b_front,False
CLEVR_val_000157.png,small cyan rubber cube,small green rubber cylinder,b_front,large,a_front,False,b_front,True,a_front,False,a_front,False,a_front,False,b_front,True
CLEVR_val_000105.png,small cyan metal sphere,large purple rubber sphere,a_front,large,b_front,False,a_front,True,b_front,False,b_front,False,a_front,True,b_front,False
CLEVR_val_000236.png,small green metal sphere,small yellow metal sphere,b_front,medium,a_front,False,b_front,True,a_front,False,a_front,False,b_front,True,a_front,False
CLEVR_val_000091.png,large gray metal cylinder,small blue metal sphere,a_front,large,b_front,False,a_front,True,b_front,False,a_front,True,b_front,False,a_front,True
CLEVR_val_000195.png,small red rubber cylinder,small purple metal sphere,b_front,small,a_front,False,b_front,True,a_front,False,a_front,False,a_front,False,b_front,True
CLEVR_val_000189.png,large cyan rubber cylinder,small gray metal cylinder,b_front,large,b_front,True,b_front,True,a_front,False,a_front,False,b_front,True,a_front,False
CLEVR_val_000163.png,small blue metal cylinder,small red metal cube,b_front,large,a_front,False,b_front,True,a_front,False,a_front,False,b_front,True,a_front,False
CLEVR_val_000217.png,large green rubber sphere,small red metal cube,b_front,medium,b_front,True,b_front,True,a_front,False,a_front,False,b_front,True,a_front,False
CLEVR_val_000017.png,small gray rubber sphere,small gray rubber cylinder,b_front,medium,a_front,False,b_front,True,a_front,False,a_front,False,b_front,True,a_front,False
CLEVR_val_000076.png,large yellow metal cylinder,small yellow metal cube,a_front,large,b_front,False,a_front,True,b_front,False,a_front,True,b_front,False,a_front,True
CLEVR_val_000109.png,small yellow rubber cylinder,large brown rubber cube,a_front,medium,a_front,True,a_front,True,b_front,False,b_front,False,b_front,False,a_front,True
CLEVR_val_000095.png,small gray rubber cylinder,small red rubber sphere,b_front,medium,b_front,True,b_front,True,a_front,False,b_front,True,a_front,False,b_front,True
CLEVR_val_000092.png,small yellow metal sphere,large brown metal cylinder,a_front,large,a_front,True,a_front,True,b_front,False,b_front,False,b_front,False,a_front,True
CLEVR_val_000117.png,small blue metal sphere,small brown metal cube,b_front,small,b_front,True,b_front,True,a_front,False,b_front,True,a_front,False,b_front,True
CLEVR_val_000266.png,small brown metal cube,small gray rubber cube,a_front,large,a_front,True,a_front,True,b_front,False,a_front,True,b_front,False,a_front,True
CLEVR_val_000124.png,small red rubber cube,large brown metal cylinder,b_front,large,b_front,True,b_front,True,a_front,False,b_front,True,b_front,True,a_front,False
CLEVR_val_000025.png,small yellow rubber cube,large cyan rubber cylinder,b_front,medium,a_front,False,b_front,True,a_front,False,b_front,True,a_front,False,b_front,True
CLEVR_val_000126.png,large purple metal sphere,large blue metal cylinder,b_front,large,b_front,True,b_front,True,a_front,False,b_front,True,a_front,False,b_front,True
CLEVR_val_000243.png,small green rubber cube,small purple metal cylinder,a_front,large,a_front,True,a_front,True,b_front,False,a_front,True,a_front,True,b_front,False
CLEVR_val_000213.png,large cyan rubber cube,large purple metal sphere,a_front,large,b_front,False,a_front,True,b_front,False,b_front,False,a_front,True,b_front,False
CLEVR_val_000282.png,large gray rubber cube,small green metal sphere,a_front,large,a_front,True,a_front,True,b_front,False,a_front,True,a_front,True,b_front,False
CLEVR_val_000237.png,large gray rubber cube,large brown metal sphere,a_front,medium,b_front,False,a_front,True,b_front,False,b_front,False,a_front,True,b_front,False
CLEVR_val_000274.png,large purple rubber cube,small purple rubber cylinder,a_front,large,a_front,True,a_front,True,b_front,False,a_front,True,b_front,False,a_front,True
CLEVR_val_000110.png,small brown rubber cylinder,large purple metal cube,b_front,medium,b_front,True,b_front,True,a_front,False,b_front,True,a_front,False,b_front,True
CLEVR_val_000116.png,small cyan metal sphere,large yellow metal cylinder,a_front,large,a_front,True,a_front,True,b_front,False,b_front,False,b_front,False,a_front,True
CLEVR_val_000283.png,large brown metal cylinder,small gray rubber sphere,b_front,medium,b_front,True,b_front,True,a_front,False,a_front,False,b_front,True,a_front,False
CLEVR_val_000204.png,small blue metal sphere,small yellow rubber cylinder,b_front,large,a_front,False,b_front,True,a_front,False,a_front,False,b_front,True,a_front,False
CLEVR_val_000177.png,small yellow metal sphere,small gray rubber cylinder,b_front,large,b_front,True,b_front,True,a_front,False,b_front,True,b_front,True,a_front,False
CLEVR_val_000277.png,small brown rubber cylinder,large brown rubber sphere,b_front,large,a_front,False,b_front,True,a_front,False,b_front,True,a_front,False,b_front,True
CLEVR_val_000109.png,small gray rubber cylinder,small red metal cube,b_front,large,b_front,True,b_front,True,a_front,False,b_front,True,b_front,True,a_front,False
CLEVR_val_000175.png,large blue metal sphere,large gray rubber cube,b_front,large,a_front,False,b_front,True,a_front,False,a_front,False,a_front,False,b_front,True
CLEVR_val_000000.png,large gray rubber cube,large purple metal sphere,a_front,large,b_front,False,a_front,True,b_front,False,b_front,False,a_front,True,b_front,False
CLEVR_val_000286.png,small gray metal cube,small cyan rubber sphere,b_front,large,a_front,False,b_front,True,a_front,False,a_front,False,b_front,True,a_front,False
CLEVR_val_000117.png,small cyan metal cylinder,small blue metal sphere,b_front,small,b_front,True,b_front,True,a_front,False,b_front,True,a_front,False,b_front,True
CLEVR_val_000192.png,small purple rubber sphere,small red metal sphere,b_front,medium,a_front,False,b_front,True,a_front,False,a_front,False,a_front,False,b_front,True
CLEVR_val_000041.png,large purple metal sphere,small gray rubber cylinder,a_front,large,b_front,False,a_front,True,b_front,False,a_front,True,a_front,True,b_front,False
CLEVR_val_000277.png,small cyan rubber sphere,small cyan metal sphere,a_front,large,a_front,True,a_front,True,b_front,False,a_front,True,b_front,False,a_front,True
CLEVR_val_000073.png,large purple rubber sphere,large cyan metal cylinder,a_front,large,b_front,False,a_front,True,b_front,False,b_front,False,a_front,True,b_front,False
CLEVR_val_000261.png,small yellow metal cylinder,large yellow metal cylinder,b_front,medium,a_front,False,b_front,True,a_front,False,b_front,True,b_front,True,a_front,False
CLEVR_val_000047.png,large cyan rubber cylinder,small cyan rubber cylinder,a_front,large,b_front,False,a_front,True,b_front,False,a_front,True,a_front,True,b_front,False
CLEVR_val_000125.png,large blue rubber cylinder,large green rubber cube,a_front,medium,a_front,True,a_front,True,b_front,False,a_front,True,b_front,False,a_front,True
CLEVR_val_000075.png,large blue rubber cube,small cyan rubber cube,a_front,medium,b_front,False,a_front,True,b_front,False,a_front,True,a_front,True,b_front,False
CLEVR_val_000126.png,large purple metal sphere,small green metal cube,a_front,large,a_front,True,a_front,True,b_front,False,a_front,True,a_front,True,b_front,False
CLEVR_val_000077.png,large purple rubber sphere,small brown rubber sphere,a_front,small,b_front,False,b_front,False,a_front,True,a_front,True,a_front,True,b_front,False
CLEVR_val_000060.png,large purple metal cylinder,large blue metal sphere,a_front,large,a_front,True,a_front,True,b_front,False,a_front,True,b_front,False,a_front,True
CLEVR_val_000017.png,small brown metal cylinder,large cyan rubber cube,b_front,large,b_front,True,b_front,True,a_front,False,b_front,True,b_front,True,a_front,False
CLEVR_val_000231.png,large cyan rubber cylinder,large red metal cylinder,b_front,medium,a_front,False,b_front,True,a_front,False,a_front,False,b_front,True,a_front,False
CLEVR_val_000121.png,small cyan metal cylinder,small red rubber cylinder,b_front,large,b_front,True,b_front,True,a_front,False,b_front,True,b_front,True,a_front,False
CLEVR_val_000000.png,small green rubber cylinder,large purple metal sphere,a_front,small,a_front,True,a_front,True,b_front,False,b_front,False,a_front,True,b_front,False
CLEVR_val_000035.png,large cyan rubber cylinder,large cyan rubber sphere,a_front,large,b_front,False,a_front,True,b_front,False,b_front,False,b_front,False,a_front,True
CLEVR_val_000192.png,small red metal sphere,small gray metal cylinder,a_front,large,a_front,True,a_front,True,b_front,False,a_front,True,b_front,False,a_front,True
CLEVR_val_000267.png,small gray rubber sphere,large blue metal cube,b_front,small,b_front,True,a_front,False,b_front,True,b_front,True,a_front,False,b_front,True
CLEVR_val_000243.png,small purple rubber cylinder,large green metal sphere,b_front,medium,a_front,False,b_front,True,a_front,False,b_front,True,b_front,True,a_front,False
CLEVR_val_000077.png,small cyan metal cylinder,small brown metal sphere,a_front,large,b_front,False,a_front,True,b_front,False,b_front,False,a_front,True,b_front,False
CLEVR_val_000226.png,small yellow metal cylinder,large yellow rubber cylinder,b_front,medium,a_front,False,b_front,True,a_front,False,b_front,True,b_front,True,a_front,False
CLEVR_val_000152.png,small blue rubber cube,large brown rubber sphere,a_front,small,b_front,False,a_front,True,b_front,False,b_front,False,a_front,True,b_front,False
CLEVR_val_000188.png,large gray metal cylinder,large green rubber sphere,b_front,large,a_front,False,b_front,True,a_front,False,a_front,False,b_front,True,a_front,False
CLEVR_val_000240.png,small red rubber cylinder,large blue metal cube,b_front,large,b_front,True,b_front,True,a_front,False,b_front,True,b_front,True,a_front,False
CLEVR_val_000008.png,large yellow rubber cylinder,small gray metal sphere,b_front,large,a_front,False,b_front,True,a_front,False,a_front,False,b_front,True,a_front,False
CLEVR_val_000209.png,large green metal cylinder,small blue metal cube,b_front,medium,b_front,True,b_front,True,a_front,False,a_front,False,b_front,True,a_front,False
CLEVR_val_000126.png,large purple metal sphere,small green rubber cylinder,a_front,large,a_front,True,a_front,True,b_front,False,a_front,True,a_front,True,b_front,False
CLEVR_val_000137.png,small brown metal sphere,large red metal cube,b_front,small,b_front,True,a_front,False,b_front,True,b_front,True,a_front,False,b_front,True
CLEVR_val_000192.png,large purple metal cylinder,large brown metal cylinder,a_front,medium,a_front,True,a_front,True,b_front,False,a_front,True,b_front,False,a_front,True
CLEVR_val_000029.png,small purple metal cube,small gray rubber sphere,a_front,large,b_front,False,a_front,True,b_front,False,b_front,False,b_front,False,a_front,True
CLEVR_val_000015.png,small red metal sphere,small yellow rubber cube,b_front,large,a_front,False,b_front,True,a_front,False,a_front,False,a_front,False,b_front,True
CLEVR_val_000165.png,large red metal cylinder,small gray metal cylinder,b_front,medium,b_front,True,b_front,True,a_front,False,a_front,False,b_front,True,a_front,False
CLEVR_val_000260.png,large cyan metal sphere,small green metal cylinder,b_front,medium,a_front,False,b_front,True,a_front,False,a_front,False,b_front,True,a_front,False
CLEVR_val_000046.png,large purple metal cylinder,small cyan rubber cylinder,b_front,small,b_front,True,b_front,True,a_front,False,a_front,False,b_front,True,a_front,False
CLEVR_val_000131.png,small red rubber sphere,small gray rubber cube,a_front,small,a_front,True,a_front,True,b_front,False,a_front,True,b_front,False,a_front,True
CLEVR_val_000218.png,small green metal sphere,large red rubber cylinder,b_front,large,b_front,True,b_front,True,a_front,False,b_front,True,b_front,True,a_front,False
CLEVR_val_000273.png,small cyan metal sphere,small yellow metal sphere,a_front,medium,a_front,True,a_front,True,b_front,False,a_front,True,b_front,False,a_front,True
CLEVR_val_000110.png,small brown metal cylinder,large cyan rubber sphere,b_front,medium,b_front,True,b_front,True,a_front,False,b_front,True,b_front,True,a_front,False
CLEVR_val_000160.png,large yellow metal cylinder,small gray rubber cylinder,b_front,small,a_front,False,b_front,True,a_front,False,a_front,False,b_front,True,a_front,False
CLEVR_val_000053.png,small red rubber cube,small yellow rubber sphere,a_front,large,b_front,False,a_front,True,b_front,False,b_front,False,a_front,True,b_front,False
CLEVR_val_000165.png,large red metal cylinder,small blue metal sphere,a_front,large,a_front,True,a_front,True,b_front,False,a_front,True,a_front,True,b_front,False
CLEVR_val_000108.png,large purple rubber sphere,small brown metal sphere,a_front,small,b_front,False,b_front,False,a_front,True,a_front,True,b_front,False,a_front,True
CLEVR_val_000137.png,small purple metal cube,large red metal cube,a_front,large,a_front,True,a_front,True,b_front,False,b_front,False,a_front,True,b_front,False
CLEVR_val_000100.png,small green rubber sphere,large green metal sphere,b_front,medium,b_front,True,b_front,True,a_front,False,b_front,True,b_front,True,a_front,False
CLEVR_val_000057.png,large gray rubber sphere,small yellow metal cube,b_front,medium,a_front,False,b_front,True,a_front,False,a_front,False,b_front,True,a_front,False
CLEVR_val_000059.png,large brown rubber sphere,small purple rubber cylinder,a_front,medium,b_front,False,a_front,True,b_front,False,a_front,True,b_front,False,a_front,True
CLEVR_val_000163.png,small purple metal cylinder,small cyan metal sphere,b_front,large,a_front,False,b_front,True,a_front,False,a_front,False,b_front,True,a_front,False
CLEVR_val_000238.png,small purple rubber sphere,small red rubber cube,b_front,large,b_front,True,b_front,True,a_front,False,b_front,True,b_front,True,a_front,False
CLEVR_val_000221.png,small gray rubber cylinder,small green metal sphere,a_front,small,a_front,True,a_front,True,b_front,False,a_front,True,a_front,True,b_front,False
CLEVR_val_000111.png,large cyan rubber cylinder,small yellow metal cube,a_front,large,b_front,False,a_front,True,b_front,False,a_front,True,b_front,False,a_front,True
CLEVR_val_000036.png,small cyan rubber cube,small cyan metal cube,a_front,large,a_front,True,a_front,True,b_front,False,a_front,True,a_front,True,b_front,False
CLEVR_val_000215.png,small yellow rubber cylinder,small gray metal cube,a_front,large,b_front,False,a_front,True,b_front,False,b_front,False,b_front,False,a_front,True
CLEVR_val_000063.png,small brown metal sphere,large blue rubber cube,b_front,medium,a_front,False,b_front,True,a_front,False,b_front,True,b_front,True,a_front,False
CLEVR_val_000067.png,large gray metal sphere,small yellow rubber cube,b_front,medium,b_front,True,b_front,True,a_front,False,a_front,False,b_front,True,a_front,False
CLEVR_val_000137.png,small gray metal sphere,large yellow rubber sphere,a_front,medium,a_front,True,a_front,True,b_front,False,b_front,False,b_front,False,a_front,True
CLEVR_val_000048.png,small green rubber cylinder,large red metal sphere,b_front,large,b_front,True,b_front,True,a_front,False,b_front,True,b_front,True,a_front,False
CLEVR_val_000162.png,large blue rubber cylinder,small red rubber cylinder,b_front,large,a_front,False,b_front,True,a_front,False,a_front,False,a_front,False,b_front,True
CLEVR_val_000277.png,large brown rubber sphere,small yellow metal cube,a_front,large,b_front,False,a_front,True,b_front,False,a_front,True,b_front,False,a_front,True
CLEVR_val_000160.png,small cyan metal sphere,small blue rubber sphere,b_front,large,a_front,False,b_front,True,a_front,False,a_front,False,a_front,False,b_front,True
CLEVR_val_000002.png,large purple metal cylinder,large yellow rubber cube,b_front,medium,b_front,True,b_front,True,a_front,False,b_front,True,b_front,True,a_front,False
CLEVR_val_000097.png,large purple rubber sphere,large brown metal cylinder,b_front,small,a_front,False,b_front,True,a_front,False,a_front,False,b_front,True,a_front,False
CLEVR_val_000198.png,small green metal cylinder,small blue metal cylinder,b_front,large,b_front,True,b_front,True,a_front,False,b_front,True,b_front,True,a_front,False
CLEVR_val_000189.png,small red rubber cube,large brown rubber cylinder,b_front,large,a_front,False,b_front,True,a_front,False,b_front,True,b_front,True,a_front,False
CLEVR_val_000056.png,large blue rubber cube,small brown rubber sphere,b_front,large,b_front,True,b_front,True,a_front,False,a_front,False,b_front,True,a_front,False
CLEVR_val_000152.png,small blue rubber cylinder,small blue rubber cube,b_front,medium,a_front,False,b_front,True,a_front,False,a_front,False,b_front,True,a_front,False
CLEVR_val_000151.png,small brown rubber sphere,small red metal cube,b_front,medium,b_front,True,b_front,True,a_front,False,b_front,True,b_front,True,a_front,False
CLEVR_val_000095.png,small red rubber sphere,small brown metal cube,a_front,large,a_front,True,a_front,True,b_front,False,a_front,True,b_front,False,a_front,True
CLEVR_val_000072.png,large purple rubber cylinder,large purple rubber sphere,b_front,small,b_front,True,b_front,True,a_front,False,b_front,True,b_front,True,a_front,False
CLEVR_val_000070.png,large purple rubber cylinder,large gray metal cube,b_front,large,a_front,False,b_front,True,a_front,False,a_front,False,b_front,True,a_front,False
CLEVR_val_000158.png,small purple metal cylinder,small cyan metal sphere,b_front,small,b_front,True,b_front,True,a_front,False,b_front,True,a_front,False,b_front,True
CLEVR_val_000030.png,large cyan rubber sphere,small blue rubber cylinder,b_front,large,a_front,False,b_front,True,a_front,False,a_front,False,b_front,True,a_front,False
CLEVR_val_000032.png,large yellow rubber sphere,small purple metal cylinder,b_front,medium,b_front,True,b_front,True,a_front,False,a_front,False,a_front,False,b_front,True
CLEVR_val_000244.png,large blue metal cylinder,large cyan metal cube,b_front,large,a_front,False,b_front,True,a_front,False,a_front,False,a_front,False,b_front,True
CLEVR_val_000179.png,small green rubber cylinder,small gray metal sphere,a_front,medium,b_front,False,a_front,True,b_front,False,b_front,False,b_front,False,a_front,True
CLEVR_val_000123.png,small brown metal cube,large cyan metal cube,b_front,large,a_front,False,b_front,True,a_front,False,b_front,True,b_front,True,a_front,False
CLEVR_val_000066.png,small red metal cylinder,large yellow rubber cube,a_front,medium,b_front,False,a_front,True,b_front,False,b_front,False,b_front,False,a_front,True
CLEVR_val_000134.png,small yellow rubber cube,large gray rubber cube,a_front,large,a_front,True,a_front,True,b_front,False,b_front,False,b_front,False,a_front,True
CLEVR_val_000077.png,small cyan metal cylinder,large cyan metal cube,a_front,large,b_front,False,a_front,True,b_front,False,b_front,False,a_front,True,b_front,False
CLEVR_val_000127.png,large green rubber cube,large blue rubber cylinder,b_front,medium,a_front,False,b_front,True,a_front,False,a_front,False,b_front,True,a_front,False
CLEVR_val_000008.png,small brown rubber cube,large purple metal sphere,b_front,small,b_front,True,a_front,False,b_front,True,b_front,True,a_front,False,b_front,True
CLEVR_val_000015.png,large red metal sphere,small yellow rubber cube,b_front,large,a_front,False,b_front,True,a_front,False,a_front,False,b_front,True,a_front,False
CLEVR_val_000019.png,large cyan rubber cylinder,large green metal cube,a_front,large,b_front,False,a_front,True,b_front,False,b_front,False,a_front,True,b_front,False
CLEVR_val_000114.png,large blue rubber sphere,small brown rubber cube,a_front,medium,a_front,True,b_front,False,a_front,True,a_front,True,a_front,True,b_front,False
CLEVR_val_000237.png,small purple metal cube,large brown metal sphere,b_front,medium,b_front,True,b_front,True,a_front,False,b_front,True,a_front,False,b_front,True
CLEVR_val_000013.png,small gray rubber cube,large gray metal cylinder,a_front,large,a_front,True,a_front,True,b_front,False,b_front,False,a_front,True,b_front,False
CLEVR_val_000087.png,large brown metal cylinder,small green metal sphere,b_front,large,b_front,True,b_front,True,a_front,False,a_front,False,a_front,False,b_front,True
CLEVR_val_000061.png,small brown metal cylinder,small brown rubber cube,b_front,large,a_front,False,b_front,True,a_front,False,a_front,False,a_front,False,b_front,True
CLEVR_val_000095.png,small yellow metal cube,small yellow rubber cube,b_front,medium,b_front,True,b_front,True,a_front,False,b_front,True,b_front,True,a_front,False
CLEVR_val_000126.png,large purple metal sphere,large gray rubber cube,a_front,medium,a_front,True,a_front,True,b_front,False,a_front,True,b_front,False,a_front,True
CLEVR_val_000127.png,small red metal sphere,large gray rubber cylinder,b_front,large,b_front,True,b_front,True,a_front,False,b_front,True,b_front,True,a_front,False
CLEVR_val_000196.png,small purple rubber cube,large gray metal sphere,b_front,large,a_front,False,b_front,True,a_front,False,b_front,True,a_front,False,b_front,True
CLEVR_val_000001.png,large blue rubber cylinder,small cyan metal cube,a_front,large,b_front,False,a_front,True,b_front,False,a_front,True,b_front,False,a_front,True
CLEVR_val_000152.png,small green metal sphere,small brown metal sphere,b_front,small,a_front,False,b_front,True,a_front,False,a_front,False,b_front,True,a_front,False
CLEVR_val_000244.png,large blue metal cylinder,large purple metal cube,b_front,large,b_front,True,b_front,True,a_front,False,b_front,True,a_front,False,b_front,True
CLEVR_val_000035.png,large cyan rubber sphere,small yellow metal sphere,b_front,medium,a_front,False,b_front,True,a_front,False,a_front,False,a_front,False,b_front,True
CLEVR_val_000026.png,small brown rubber cube,small cyan metal sphere,b_front,large,b_front,True,b_front,True,a_front,False,b_front,True,b_front,True,a_front,False
CLEVR_val_000004.png,small purple rubber cylinder,large green rubber cylinder,b_front,large,a_front,False,b_front,True,a_front,False,b_front,True,b_front,True,a_front,False
CLEVR_val_000030.png,large cyan rubber sphere,large green rubber sphere,b_front,medium,b_front,True,b_front,True,a_front,False,b_front,True,a_front,False,b_front,True
CLEVR_val_000023.png,large brown metal sphere,small red rubber sphere,b_front,large,a_front,False,b_front,True,a_front,False,a_front,False,a_front,False,b_front,True
CLEVR_val_000232.png,large purple metal cylinder,large gray rubber cube,a_front,large,b_front,False,a_front,True,b_front,False,b_front,False,b_front,False,a_front,True
CLEVR_val_000023.png,small yellow metal cylinder,small blue rubber sphere,b_front,small,a_front,False,b_front,True,a_front,False,a_front,False,a_front,False,b_front,True
CLEVR_val_000121.png,large blue metal cylinder,large purple metal sphere,b_front,small,b_front,True,b_front,True,a_front,False,b_front,True,b_front,True,a_front,False
CLEVR_val_000038.png,small blue metal cylinder,large brown metal cube,a_front,large,a_front,True,a_front,True,b_front,False,b_front,False,a_front,True,b_front,False
CLEVR_val_000054.png,small yellow metal cylinder,large cyan metal cylinder,a_front,medium,b_front,False,a_front,True,b_front,False,b_front,False,b_front,False,a_front,True
CLEVR_val_000246.png,small green rubber cylinder,small purple rubber sphere,b_front,large,a_front,False,b_front,True,a_front,False,a_front,False,b_front,True,a_front,False
CLEVR_val_000087.png,large purple metal cube,large green metal sphere,b_front,medium,b_front,True,b_front,True,a_front,False,b_front,True,b_front,True,a_front,False
CLEVR_val_000125.png,large green rubber cube,large purple rubber sphere,a_front,medium,a_front,True,a_front,True,b_front,False,a_front,True,a_front,True,b_front,False
CLEVR_val_000042.png,small blue metal cylinder,large yellow rubber sphere,b_front,medium,b_front,True,b_front,True,a_front,False,b_front,True,b_front,True,a_front,False
CLEVR_val_000087.png,large purple metal cube,small green metal sphere,b_front,large,a_front,False,b_front,True,a_front,False,a_front,False,b_front,True,a_front,False
CLEVR_val_000266.png,small brown metal cylinder,small blue metal cube,a_front,large,b_front,False,a_front,True,b_front,False,b_front,False,b_front,False,a_front,True
CLEVR_val_000105.png,large brown rubber cube,large purple rubber sphere,a_front,large,a_front,True,a_front,True,b_front,False,a_front,True,a_front,True,b_front,False
CLEVR_val_000008.png,large yellow metal sphere,large purple metal sphere,b_front,large,b_front,True,b_front,True,a_front,False,b_front,True,a_front,False,b_front,True
CLEVR_val_000092.png,small yellow metal sphere,small yellow rubber sphere,a_front,large,a_front,True,a_front,True,b_front,False,a_front,True,b_front,False,a_front,True
CLEVR_val_000067.png,small cyan metal cylinder,small red metal cylinder,b_front,medium,b_front,True,b_front,True,a_front,False,b_front,True,b_front,True,a_front,False
CLEVR_val_000044.png,large green rubber cube,small green rubber cylinder,b_front,medium,a_front,False,b_front,True,a_front,False,a_front,False,a_front,False,b_front,True
CLEVR_val_000267.png,small blue rubber cube,large blue metal cube,b_front,large,b_front,True,b_front,True,a_front,False,b_front,True,b_front,True,a_front,False
CLEVR_val_000092.png,large cyan rubber cube,small yellow rubber sphere,a_front,large,a_front,True,a_front,True,b_front,False,a_front,True,a_front,True,b_front,False
CLEVR_val_000273.png,small cyan rubber cube,small blue metal cube,b_front,small,b_front,True,b_front,True,a_front,False,b_front,True,b_front,True,a_front,False
CLEVR_val_000277.png,small purple metal cylinder,large purple rubber sphere,b_front,large,a_front,False,b_front,True,a_front,False,b_front,True,b_front,True,a_front,False
CLEVR_val_000285.png,large brown metal sphere,large blue rubber sphere,b_front,medium,b_front,True,b_front,True,a_front,False,b_front,True,b_front,True,a_front,False
CLEVR_val_000227.png,small cyan rubber sphere,large gray metal cylinder,b_front,large,a_front,False,b_front,True,a_front,False,b_front,True,b_front,True,a_front,False
CLEVR_val_000078.png,large red metal cube,small gray metal cylinder,b_front,large,b_front,True,b_front,True,a_front,False,a_front,False,b_front,True,a_front,False
CLEVR_val_000234.png,small green rubber sphere,large cyan metal sphere,a_front,large,a_front,True,a_front,True,b_front,False,b_front,False,b_front,False,a_front,True
CLEVR_val_000152.png,small brown metal cylinder,small brown metal sphere,b_front,large,b_front,True,b_front,True,a_front,False,b_front,True,b_front,True,a_front,False
CLEVR_val_000090.png,small purple rubber cylinder,small green metal sphere,a_front,large,a_front,True,a_front,True,b_front,False,a_front,True,b_front,False,a_front,True
CLEVR_val_000261.png,small cyan rubber sphere,large green rubber cube,a_front,large,b_front,False,a_front,True,b_front,False,b_front,False,b_front,False,a_front,True
CLEVR_val_000002.png,large yellow metal sphere,large yellow rubber cube,b_front,large,a_front,False,b_front,True,a_front,False,a_front,False,b_front,True,a_front,False
CLEVR_val_000102.png,small yellow metal cylinder,small cyan metal cube,a_front,large,b_front,False,a_front,True,b_front,False,b_front,False,b_front,False,a_front,True
CLEVR_val_000035.png,small yellow rubber cylinder,large cyan rubber sphere,b_front,large,a_front,False,b_front,True,a_front,False,b_front,True,b_front,True,a_front,False
CLEVR_val_000095.png,large blue metal sphere,large yellow metal cylinder,a_front,large,b_front,False,a_front,True,b_front,False,b_front,False,a_front,True,b_front,False
CLEVR_val_000067.png,large gray metal sphere,large purple metal sphere,b_front,small,a_front,False,b_front,True,a_front,False,a_front,False,b_front,True,a_front,False
CLEVR_val_000137.png,small blue rubber sphere,large yellow rubber sphere,b_front,small,b_front,True,a_front,False,b_front,True,b_front,True,b_front,True,a_front,False
CLEVR_val_000072.png,large cyan metal cube,small gray rubber cylinder,b_front,large,a_front,False,b_front,True,a_front,False,a_front,False,a_front,False,b_front,True
CLEVR_val_000252.png,large red metal cube,large gray metal sphere,a_front,large,b_front,False,a_front,True,b_front,False,b_front,False,b_front,False,a_front,True
CLEVR_val_000231.png,large yellow metal cylinder,large cyan rubber cylinder,a_front,medium,a_front,True,a_front,True,b_front,False,a_front,True,a_front,True,b_front,False
CLEVR_val_000214.png,large yellow metal cylinder,small yellow metal cylinder,b_front,medium,b_front,True,b_front,True,a_front,False,a_front,False,a_front,False,b_front,True
CLEVR_val_000263.png,small yellow rubber cube,small yellow metal cylinder,b_front,small,a_front,False,b_front,True,a_front,False,a_front,False,b_front,True,a_front,False
CLEVR_val_000157.png,large cyan metal cylinder,large cyan rubber cylinder,a_front,large,b_front,False,a_front,True,b_front,False,b_front,False,a_front,True,b_front,False
CLEVR_val_000066.png,small blue rubber sphere,small yellow rubber sphere,b_front,large,a_front,False,b_front,True,a_front,False,a_front,False,b_front,True,a_front,False
CLEVR_val_000022.png,large green rubber cube,large brown rubber sphere,b_front,medium,b_front,True,b_front,True,a_front,False,b_front,True,a_front,False,b_front,True
CLEVR_val_000109.png,small red metal cube,small purple rubber cylinder,a_front,large,a_front,True,a_front,True,b_front,False,a_front,True,a_front,True,b_front,False
CLEVR_val_000254.png,small red rubber sphere,large red rubber cube,b_front,large,b_front,True,b_front,True,a_front,False,b_front,True,b_front,True,a_front,False
CLEVR_val_000017.png,small cyan metal cylinder,large brown rubber sphere,a_front,large,a_front,True,a_front,True,b_front,False,b_front,False,b_front,False,a_front,True
CLEVR_val_000158.png,large green rubber cylinder,large purple rubber sphere,a_front,medium,b_front,False,a_front,True,b_front,False,b_front,False,a_front,True,b_front,False
CLEVR_val_000129.png,large red metal sphere,small cyan metal sphere,b_front,large,a_front,False,b_front,True,a_front,False,a_front,False,a_front,False,b_front,True
CLEVR_val_000237.png,small green metal cylinder,large gray rubber cylinder,a_front,large,b_front,False,a_front,True,b_front,False,b_front,False,b_front,False,a_front,True
CLEVR_val_000158.png,small cyan metal sphere,large purple rubber sphere,b_front,medium,a_front,False,b_front,True,a_front,False,b_front,True,a_front,False,b_front,True
CLEVR_val_000158.png,small purple metal cylinder,large gray rubber cube,b_front,medium,b_front,True,b_front,True,a_front,False,b_front,True,a_front,False,b_front,True
CLEVR_val_000077.png,large purple rubber sphere,small green rubber cube,b_front,large,a_front,False,b_front,True,a_front,False,a_front,False,a_front,False,b_front,True
CLEVR_val_000073.png,large red rubber sphere,small green metal cylinder,b_front,large,b_front,True,b_front,True,a_front,False,a_front,False,a_front,False,b_front,True
CLEVR_val_000173.png,large green metal sphere,large gray metal cube,a_front,large,a_front,True,a_front,True,b_front,False,a_front,True,b_front,False,a_front,True
CLEVR_val_000170.png,small blue rubber cube,large green metal cylinder,b_front,large,b_front,True,b_front,True,a_front,False,b_front,True,a_front,False,b_front,True
CLEVR_val_000236.png,large red rubber sphere,small blue rubber cylinder,a_front,large,a_front,True,a_front,True,b_front,False,a_front,True,b_front,False,a_front,True
CLEVR_val_000183.png,small purple rubber cylinder,small purple rubber cube,b_front,large,b_front,True,b_front,True,a_front,False,b_front,True,b_front,True,a_front,False
CLEVR_val_000047.png,large purple metal sphere,small cyan rubber sphere,a_front,medium,a_front,True,a_front,True,b_front,False,a_front,True,b_front,False,a_front,True
CLEVR_val_000222.png,small red metal cylinder,large yellow metal cylinder,a_front,large,b_front,False,a_front,True,b_front,False,b_front,False,a_front,True,b_front,False
CLEVR_val_000084.png,small green rubber cylinder,large purple metal cylinder,a_front,medium,a_front,True,a_front,True,b_front,False,b_front,False,a_front,True,b_front,False
CLEVR_val_000080.png,small purple metal cylinder,large yellow rubber cylinder,b_front,large,b_front,True,b_front,True,a_front,False,b_front,True,b_front,True,a_front,False
CLEVR_val_000110.png,large purple metal cube,small yellow metal cylinder,a_front,small,a_front,True,b_front,False,a_front,True,a_front,True,b_front,False,a_front,True
CLEVR_val_000160.png,large cyan rubber cube,large green metal cube,a_front,large,b_front,False,a_front,True,b_front,False,b_front,False,b_front,False,a_front,True
CLEVR_val_000162.png,large brown rubber cube,small yellow metal cylinder,b_front,medium,a_front,False,b_front,True,a_front,False,a_front,False,b_front,True,a_front,False
CLEVR_val_000057.png,large gray rubber sphere,small cyan rubber cylinder,a_front,medium,b_front,False,a_front,True,b_front,False,a_front,True,b_front,False,a_front,True
CLEVR_val_000255.png,small blue rubber sphere,large purple metal cube,a_front,large,a_front,True,a_front,True,b_front,False,b_front,False,a_front,True,b_front,False
CLEVR_val_000181.png,small blue rubber sphere,large brown metal cylinder,a_front,small,b_front,False,a_front,True,b_front,False,b_front,False,b_front,False,a_front,True
CLEVR_val_000052.png,small cyan rubber cube,small purple rubber cube,a_front,medium,a_front,True,a_front,True,b_front,False,a_front,True,b_front,False,a_front,True
CLEVR_val_000270.png,large yellow rubber sphere,small brown metal cube,b_front,large,b_front,True,b_front,True,a_front,False,a_front,False,a_front,False,b_front,True
CLEVR_val_000134.png,large red rubber sphere,small gray rubber cylinder,b_front,large,a_front,False,b_front,True,a_front,False,a_front,False,b_front,True,a_front,False
CLEVR_val_000105.png,large brown rubber cube,large red rubber cylinder,a_front,medium,b_front,False,a_front,True,b_front,False,b_front,False,a_front,True,b_front,False
CLEVR_val_000191.png,small yellow metal cube,small red rubber sphere,a_front,medium,a_front,True,a_front,True,b_front,False,a_front,True,a_front,True,b_front,False
CLEVR_val_000191.png,small red metal sphere,large purple metal cylinder,b_front,large,b_front,True,b_front,True,a_front,False,b_front,True,a_front,False,b_front,True
CLEVR_val_000083.png,small green rubber cylinder,small gray metal sphere,a_front,large,a_front,True,a_front,True,b_front,False,a_front,True,a_front,True,b_front,False
CLEVR_val_000181.png,large gray rubber sphere,small green rubber cube,a_front,large,b_front,False,a_front,True,b_front,False,a_front,True,a_front,True,b_front,False
CLEVR_val_000141.png,large purple metal sphere,small cyan metal cylinder,b_front,large,a_front,False,b_front,True,a_front,False,a_front,False,a_front,False,b_front,True
CLEVR_val_000076.png,large yellow metal cylinder,large blue rubber cube,a_front,large,b_front,False,a_front,True,b_front,False,b_front,False,b_front,False,a_front,True
CLEVR_val_000009.png,small brown metal sphere,small blue metal cube,a_front,medium,a_front,True,a_front,True,b_front,False,a_front,True,a_front,True,b_front,False
CLEVR_val_000262.png,large red rubber sphere,small brown rubber sphere,b_front,large,b_front,True,b_front,True,a_front,False,a_front,False,b_front,True,a_front,False
CLEVR_val_000174.png,small green metal cube,small yellow metal sphere,a_front,large,a_front,True,a_front,True,b_front,False,a_front,True,b_front,False,a_front,True
CLEVR_val_000266.png,small purple rubber sphere,small gray rubber cube,b_front,small,b_front,True,b_front,True,a_front,False,b_front,True,b_front,True,a_front,False
CLEVR_val_000129.png,large red rubber cylinder,large blue metal cube,b_front,medium,a_front,False,b_front,True,a_front,False,a_front,False,b_front,True,a_front,False
CLEVR_val_000059.png,small purple rubber cylinder,small cyan metal sphere,b_front,medium,b_front,True,b_front,True,a_front,False,b_front,True,b_front,True,a_front,False
CLEVR_val_000271.png,large gray rubber cylinder,small blue rubber cube,b_front,large,a_front,False,b_front,True,a_front,False,a_front,False,b_front,True,a_front,False
CLEVR_val_000071.png,large brown rubber cube,small green rubber sphere,b_front,large,b_front,True,b_front,True,a_front,False,a_front,False,a_front,False,b_front,True
CLEVR_val_000196.png,small purple metal sphere,large red rubber cube,b_front,large,a_front,False,b_front,True,a_front,False,b_front,True,a_front,False,b_front,True
CLEVR_val_000142.png,small green metal cylinder,large brown rubber cylinder,a_front,medium,b_front,False,a_front,True,b_front,False,b_front,False,a_front,True,b_front,False
CLEVR_val_000092.png,large green rubber sphere,small brown rubber cube,a_front,large,a_front,True,a_front,True,b_front,False,a_front,True,b_front,False,a_front,True
CLEVR_val_000008.png,small purple rubber cylinder,large purple metal sphere,b_front,medium,b_front,True,b_front,True,a_front,False,b_front,True,a_front,False,b_front,True
CLEVR_val_000251.png,large cyan rubber sphere,small gray metal cylinder,a_front,large,a_front,True,a_front,True,b_front,False,a_front,True,a_front,True,b_front,False
CLEVR_val_000170.png,large red metal cylinder,large purple metal cylinder,a_front,small,b_front,False,a_front,True,b_front,False,b_front,False,a_front,True,b_front,False
CLEVR_val_000007.png,large brown rubber cube,small gray rubber sphere,a_front,small,a_front,True,b_front,False,a_front,True,a_front,True,a_front,True,b_front,False
CLEVR_val_000030.png,small blue rubber cylinder,small green rubber sphere,b_front,medium,b_front,True,b_front,True,a_front,False,b_front,True,a_front,False,b_front,True
CLEVR_val_000255.png,large green metal cube,small purple rubber sphere,b_front,medium,a_front,False,b_front,True,a_front,False,a_front,False,b_front,True,a_front,False
CLEVR_val_000055.png,small green metal sphere,large yellow metal cylinder,a_front,large,b_front,False,a_front,True,b_front,False,b_front,False,b_front,False,a_front,True
CLEVR_val_000053.png,large blue rubber sphere,small yellow rubber cube,b_front,large,a_front,False,b_front,True,a_front,False,a_front,False,b_front,True,a_front,False
CLEVR_val_000020.png,large cyan metal cylinder,small purple rubber sphere,b_front,medium,b_front,True,b_front,True,a_front,False,a_front,False,b_front,True,a_front,False
CLEVR_val_000075.png,small brown rubber sphere,small purple rubber sphere,a_front,large,a_front,True,a_front,True,b_front,False,a_front,True,b_front,False,a_front,True
CLEVR_val_000194.png,large yellow metal cylinder,large yellow rubber cube,b_front,large,b_front,True,b_front,True,a_front,False,b_front,True,b_front,True,a_front,False
CLEVR_val_000051.png,small cyan metal cylinder,small yellow rubber cylinder,a_front,medium,a_front,True,a_front,True,b_front,False,a_front,True,a_front,True,b_front,False
CLEVR_val_000157.png,large cyan rubber cylinder,small brown metal cylinder,a_front,medium,b_front,False,a_front,True,b_front,False,a_front,True,b_front,False,a_front,True
CLEVR_val_000243.png,small green rubber cube,small brown rubber cylinder,a_front,large,a_front,True,a_front,True,b_front,False,a_front,True,b_front,False,a_front,True
CLEVR_val_000274.png,small purple rubber cylinder,small purple rubber cube,b_front,large,b_front,True,b_front,True,a_front,False,b_front,True,a_front,False,b_front,True
CLEVR_val_000196.png,small purple rubber cube,small yellow metal cube,a_front,large,a_front,True,a_front,True,b_front,False,a_front,True,a_front,True,b_front,False
CLEVR_val_000090.png,small cyan rubber cylinder,small green metal sphere,a_front,large,b_front,False,a_front,True,b_front,False,b_front,False,b_front,False,a_front,True
CLEVR_val_000001.png,large blue metal cube,small yellow rubber cylinder,b_front,medium,a_front,False,b_front,True,a_front,False,a_front,False,b_front,True,a_front,False
CLEVR_val_000077.png,large brown metal cylinder,small brown metal cylinder,b_front,large,b_front,True,b_front,True,a_front,False,a_front,False,a_front,False,b_front,True
CLEVR_val_000280.png,large red metal cube,large red metal cylinder,b_front,medium,a_front,False,b_front,True,a_front,False,a_front,False,a_front,False,b_front,True
CLEVR_val_000244.png,small cyan metal cylinder,large blue rubber cube,b_front,large,b_front,True,b_front,True,a_front,False,b_front,True,a_front,False,b_front,True
CLEVR_val_000274.png,large cyan rubber cube,small purple rubber cylinder,a_front,small,a_front,True,b_front,False,a_front,True,a_front,True,b_front,False,a_front,True
CLEVR_val_000129.png,large cyan rubber cube,small brown metal cylinder,b_front,large,b_front,True,b_front,True,a_front,False,a_front,False,a_front,False,b_front,True
CLEVR_val_000047.png,large cyan rubber cylinder,large red metal cube,a_front,medium,a_front,True,a_front,True,b_front,False,a_front,True,a_front,True,b_front,False
CLEVR_val_000032.png,small cyan metal cylinder,small gray rubber cylinder,b_front,large,b_front,True,b_front,True,a_front,False,b_front,True,b_front,True,a_front,False
CLEVR_val_000236.png,small cyan rubber sphere,small green metal sphere,b_front,medium,a_front,False,b_front,True,a_front,False,a_front,False,a_front,False,b_front,True
CLEVR_val_000244.png,large red rubber cube,small yellow metal cylinder,b_front,large,b_front,True,b_front,True,a_front,False,a_front,False,a_front,False,b_front,True
CLEVR_val_000152.png,large yellow metal sphere,small blue rubber cylinder,b_front,medium,a_front,False,b_front,True,a_front,False,a_front,False,a_front,False,b_front,True
CLEVR_val_000139.png,large purple metal sphere,large gray metal sphere,b_front,large,b_front,True,b_front,True,a_front,False,b_front,True,a_front,False,b_front,True
CLEVR_val_000276.png,small red rubber cube,large cyan metal cube,b_front,large,a_front,False,b_front,True,a_front,False,b_front,True,a_front,False,b_front,True
CLEVR_val_000022.png,large green rubber cube,small cyan rubber cylinder,a_front,large,b_front,False,a_front,True,b_front,False,a_front,True,a_front,True,b_front,False
CLEVR_val_000110.png,large blue rubber cylinder,small brown rubber cylinder,a_front,large,a_front,True,a_front,True,b_front,False,a_front,True,b_front,False,a_front,True
CLEVR_val_000077.png,large cyan metal cube,small brown metal cylinder,a_front,medium,b_front,False,a_front,True,b_front,False,a_front,True,b_front,False,a_front,True
CLEVR_val_000000.png,small green rubber cylinder,small gray metal cube,b_front,large,a_front,False,b_front,True,a_front,False,a_front,False,a_front,False,b_front,True
CLEVR_val_000286.png,large yellow metal sphere,large red metal cube,b_front,large,b_front,True,b_front,True,a_front,False,b_front,True,b_front,True,a_front,False
CLEVR_val_000137.png,small brown metal sphere,small yellow metal sphere,b_front,medium,a_front,False,b_front,True,a_front,False,a_front,False,a_front,False,b_front,True
CLEVR_val_000073.png,large gray rubber sphere,small blue rubber cube,a_front,large,b_front,False,a_front,True,b_front,False,a_front,True,b_front,False,a_front,True
CLEVR_val_000009.png,large gray rubber cube,large blue rubber cube,a_front,large,a_front,True,a_front,True,b_front,False,a_front,True,a_front,True,b_front,False
CLEVR_val_000232.png,small cyan rubber sphere,large purple metal cylinder,a_front,small,b_front,False,a_front,True,b_front,False,b_front,False,a_front,True,b_front,False
CLEVR_val_000225.png,small red rubber cube,small cyan rubber cube,a_front,large,a_front,True,a_front,True,b_front,False,a_front,True,b_front,False,a_front,True
CLEVR_val_000165.png,large blue metal cylinder,small brown metal cylinder,b_front,medium,b_front,True,b_front,True,a_front,False,a_front,False,a_front,False,b_front,True
CLEVR_val_000080.png,small purple metal cylinder,large cyan rubber cube,a_front,large,a_front,True,a_front,True,b_front,False,b_front,False,a_front,True,b_front,False
CLEVR_val_000087.png,small purple rubber cylinder,large purple metal cylinder,a_front,large,b_front,False,a_front,True,b_front,False,b_front,False,b_front,False,a_front,True
CLEVR_val_000074.png,small purple metal cylinder,large brown rubber sphere,b_front,medium,a_front,False,b_front,True,a_front,False,b_front,True,b_front,True,a_front,False
CLEVR_val_000108.png,large purple rubber sphere,small green rubber cube,a_front,large,b_front,False,a_front,True,b_front,False,a_front,True,b_front,False,a_front,True
CLEVR_val_000023.png,small yellow metal sphere,small red rubber sphere,b_front,medium,a_front,False,b_front,True,a_front,False,a_front,False,a_front,False,b_front,True
CLEVR_val_000072.png,large purple rubber sphere,large blue metal cylinder,a_front,large,b_front,False,a_front,True,b_front,False,b_front,False,a_front,True,b_front,False
CLEVR_val_000017.png,small brown rubber cylinder,large brown metal cylinder,b_front,large,a_front,False,b_front,True,a_front,False,b_front,True,a_front,False,b_front,True
CLEVR_val_000231.png,large purple rubber cube,large cyan rubber cylinder,b_front,large,b_front,True,b_front,True,a_front,False,b_front,True,a_front,False,b_front,True
CLEVR_val_000281.png,small gray rubber cube,small blue metal cube,a_front,large,a_front,True,a_front,True,b_front,False,a_front,True,a_front,True,b_front,False
CLEVR_val_000159.png,small yellow metal cylinder,large brown metal cylinder,b_front,large,b_front,True,b_front,True,a_front,False,b_front,True,b_front,True,a_front,False
CLEVR_val_000095.png,small yellow metal cube,large purple rubber cylinder,b_front,small,a_front,False,a_front,False,b_front,True,b_front,True,b_front,True,a_front,False
CLEVR_val_000118.png,small green metal sphere,small brown rubber cube,b_front,large,b_front,True,b_front,True,a_front,False,b_front,True,b_front,True,b_front,True
CLEVR_val_000023.png,small green rubber cube,small blue rubber sphere,b_front,large,a_front,False,b_front,True,a_front,False,a_front,False,b_front,True,a_front,False
CLEVR_val_000023.png,large brown metal sphere,large gray metal cylinder,b_front,large,b_front,True,b_front,True,a_front,False,b_front,True,a_front,False,b_front,True
CLEVR_val_000188.png,small purple rubber cylinder,small red metal sphere,b_front,medium,a_front,False,b_front,True,a_front,False,a_front,False,a_front,False,b_front,True
CLEVR_val_000205.png,large yellow metal cube,small gray rubber cylinder,a_front,large,b_front,False,a_front,True,b_front,False,a_front,True,b_front,False,a_front,True
CLEVR_val_000087.png,large red metal sphere,large green metal sphere,b_front,large,a_front,False,b_front,True,a_front,False,a_front,False,b_front,True,a_front,False
CLEVR_val_000166.png,small cyan metal cylinder,large red metal cylinder,a_front,large,b_front,False,a_front,True,b_front,False,b_front,False,b_front,False,a_front,True
CLEVR_val_000020.png,large blue rubber cube,small cyan metal cube,a_front,large,a_front,True,a_front,True,b_front,False,a_front,True,a_front,True,b_front,False
CLEVR_val_000270.png,large yellow rubber sphere,small gray rubber sphere,b_front,large,b_front,True,b_front,True,a_front,False,a_front,False,b_front,True,a_front,False
CLEVR_val_000050.png,large purple metal cylinder,small yellow rubber cylinder,a_front,large,a_front,True,a_front,True,b_front,False,a_front,True,b_front,False,a_front,True
CLEVR_val_000102.png,large yellow metal sphere,small gray metal sphere,b_front,large,b_front,True,b_front,True,a_front,False,a_front,False,b_front,True,a_front,False
CLEVR_val_000209.png,large green metal cube,large green metal cylinder,b_front,large,a_front,False,b_front,True,a_front,False,a_front,False,a_front,False,b_front,True
CLEVR_val_000017.png,small cyan metal cylinder,large cyan rubber cube,b_front,medium,b_front,True,b_front,True,a_front,False,b_front,True,b_front,True,a_front,False
CLEVR_val_000157.png,large cyan rubber cylinder,small green rubber cylinder,b_front,large,a_front,False,b_front,True,a_front,False,a_front,False,b_front,True,a_front,False
CLEVR_val_000126.png,large blue metal cylinder,large gray rubber cube,a_front,large,b_front,False,a_front,True,b_front,False,b_front,False,b_front,False,a_front,True
CLEVR_val_000174.png,small yellow metal sphere,large purple rubber cylinder,b_front,large,a_front,False,b_front,True,a_front,False,b_front,True,a_front,False,b_front,True
CLEVR_val_000244.png,large blue rubber cube,large red rubber cube,a_front,large,b_front,False,a_front,True,b_front,False,b_front,False,b_front,False,a_front,True
CLEVR_val_000167.png,small green rubber sphere,large gray rubber cylinder,b_front,large,a_front,False,b_front,True,a_front,False,b_front,True,a_front,False,b_front,True
CLEVR_val_000062.png,large yellow metal sphere,small cyan rubber sphere,a_front,medium,b_front,False,a_front,True,b_front,False,a_front,True,a_front,True,b_front,False
CLEVR_val_000264.png,small purple rubber sphere,large gray metal cube,b_front,large,a_front,False,b_front,True,a_front,False,b_front,True,b_front,True,a_front,False
CLEVR_val_000238.png,small red rubber cube,large purple rubber sphere,a_front,large,b_front,False,a_front,True,b_front,False,b_front,False,a_front,True,b_front,False
CLEVR_val_000064.png,small blue rubber sphere,large purple metal sphere,a_front,large,a_front,True,a_front,True,b_front,False,b_front,False,a_front,True,b_front,False
CLEVR_val_000245.png,small purple metal sphere,small gray metal sphere,b_front,large,b_front,True,b_front,True,a_front,False,b_front,True,b_front,True,a_front,False
CLEVR_val_000192.png,small red metal sphere,large purple metal cylinder,a_front,medium,a_front,True,a_front,True,b_front,False,b_front,False,a_front,True,b_front,False
CLEVR_val_000105.png,small yellow rubber cube,small cyan metal sphere,b_front,small,b_front,True,b_front,True,a_front,False,b_front,True,b_front,True,a_front,False
CLEVR_val_000137.png,small blue rubber sphere,large red metal cube,a_front,large,a_front,True,a_front,True,b_front,False,b_front,False,b_front,False,a_front,True
CLEVR_val_000160.png,large red rubber cylinder,large green metal cube,a_front,small,b_front,False,a_front,True,b_front,False,b_front,False,a_front,True,b_front,False
CLEVR_val_000222.png,small cyan metal sphere,large blue metal sphere,b_front,medium,a_front,False,b_front,True,a_front,False,b_front,True,b_front,True,a_front,False
CLEVR_val_000075.png,large blue rubber cube,small brown rubber sphere,a_front,large,b_front,False,a_front,True,b_front,False,a_front,True,a_front,True,b_front,False
CLEVR_val_000237.png,small red rubber cylinder,small purple rubber cylinder,a_front,large,a_front,True,a_front,True,b_front,False,a_front,True,b_front,False,a_front,True
CLEVR_val_000155.png,large blue metal sphere,large blue metal cube,b_front,medium,b_front,True,b_front,True,a_front,False,b_front,True,a_front,False,b_front,True
CLEVR_val_000109.png,large green rubber sphere,small red metal cube,b_front,large,a_front,False,b_front,True,a_front,False,a_front,False,a_front,False,b_front,True
CLEVR_val_000084.png,large purple metal cylinder,small green rubber sphere,a_front,medium,b_front,False,a_front,True,b_front,False,a_front,True,b_front,False,a_front,True
CLEVR_val_000257.png,small purple rubber sphere,large purple rubber cylinder,b_front,medium,a_front,False,b_front,True,a_front,False,b_front,True,b_front,True,a_front,False
CLEVR_val_000247.png,large brown metal cylinder,large cyan rubber cube,a_front,large,b_front,False,a_front,True,b_front,False,b_front,False,a_front,True,b_front,False
CLEVR_val_000181.png,small brown metal cylinder,small blue rubber sphere,a_front,large,a_front,True,a_front,True,b_front,False,a_front,True,b_front,False,a_front,True
CLEVR_val_000157.png,small gray rubber sphere,small blue rubber cube,b_front,large,b_front,True,b_front,True,a_front,False,b_front,True,a_front,False,b_front,True
CLEVR_val_000165.png,small brown metal cylinder,large cyan rubber cube,a_front,large,a_front,True,a_front,True,b_front,False,b_front,False,b_front,False,a_front,True
CLEVR_val_000073.png,small blue metal sphere,large cyan metal cylinder,a_front,large,b_front,False,a_front,True,b_front,False,b_front,False,b_front,False,a_front,True
CLEVR_val_000119.png,small purple metal cylinder,large purple rubber cube,b_front,large,a_front,False,b_front,True,a_front,False,b_front,True,a_front,False,b_front,True
CLEVR_val_000081.png,large purple rubber cylinder,large blue metal cylinder,a_front,large,b_front,False,a_front,True,b_front,False,b_front,False,a_front,True,b_front,False
CLEVR_val_000231.png,large purple rubber cube,large cyan metal cylinder,b_front,large,a_front,False,b_front,True,a_front,False,a_front,False,a_front,False,b_front,True
CLEVR_val_000111.png,small gray metal cylinder,large purple rubber cylinder,a_front,medium,b_front,False,a_front,True,b_front,False,b_front,False,a_front,True,b_front,False
CLEVR_val_000105.png,large brown rubber cube,small cyan metal sphere,b_front,large,a_front,False,b_front,True,a_front,False,a_front,False,b_front,True,a_front,False
CLEVR_val_000185.png,large green metal cylinder,small yellow rubber sphere,a_front,large,b_front,False,a_front,True,b_front,False,a_front,True,b_front,False,a_front,True
CLEVR_val_000181.png,small brown metal cube,small green rubber cube,a_front,large,a_front,True,a_front,True,b_front,False,a_front,True,a_front,True,b_front,False
CLEVR_val_000196.png,large green metal cube,large red rubber cube,b_front,large,b_front,True,b_front,True,a_front,False,b_front,True,b_front,True,a_front,False
CLEVR_val_000228.png,small brown rubber sphere,small gray metal sphere,a_front,large,a_front,True,a_front,True,b_front,False,a_front,True,b_front,False,a_front,True
CLEVR_val_000161.png,large purple metal sphere,small gray metal cylinder,b_front,large,b_front,True,b_front,True,a_front,False,a_front,False,b_front,True,a_front,False
CLEVR_val_000201.png,small gray rubber cube,large brown metal cube,b_front,large,a_front,False,b_front,True,a_front,False,b_front,True,b_front,True,a_front,False
CLEVR_val_000094.png,small blue metal cylinder,small purple rubber cylinder,a_front,large,b_front,False,a_front,True,b_front,False,b_front,False,a_front,True,b_front,False
CLEVR_val_000274.png,large purple rubber cube,small purple rubber cube,b_front,medium,a_front,False,b_front,True,a_front,False,a_front,False,a_front,False,b_front,True
CLEVR_val_000124.png,large brown metal cylinder,large cyan rubber cylinder,b_front,large,b_front,True,b_front,True,a_front,False,b_front,True,a_front,False,b_front,True
CLEVR_val_000243.png,small blue rubber cube,large brown metal cube,b_front,large,a_front,False,b_front,True,a_front,False,b_front,True,b_front,True,a_front,False
CLEVR_val_000036.png,small cyan rubber cube,small yellow metal cylinder,a_front,large,b_front,False,a_front,True,b_front,False,b_front,False,a_front,True,b_front,False
CLEVR_val_000042.png,small blue metal cylinder,small cyan rubber cube,b_front,large,a_front,False,b_front,True,a_front,False,a_front,False,b_front,True,a_front,False
CLEVR_val_000063.png,small gray metal sphere,small yellow rubber cylinder,b_front,large,b_front,True,b_front,True,a_front,False,b_front,True,a_front,False,b_front,True
CLEVR_val_000090.png,small blue metal sphere,small green metal sphere,a_front,medium,a_front,True,a_front,True,b_front,False,a_front,True,a_front,True,b_front,False
CLEVR_val_000110.png,small brown rubber sphere,large purple metal cube,a_front,large,b_front,False,a_front,True,b_front,False,b_front,False,a_front,True,b_front,False
CLEVR_val_000032.png,small green metal cylinder,large brown rubber cylinder,a_front,large,a_front,True,a_front,True,b_front,False,b_front,False,b_front,False,a_front,True
CLEVR_val_000243.png,large green metal sphere,small blue rubber cube,b_front,small,b_front,True,b_front,True,a_front,False,a_front,False,a_front,False,b_front,True
CLEVR_val_000165.png,large red metal cylinder,large brown rubber cube,b_front,large,a_front,False,b_front,True,a_front,False,a_front,False,a_front,False,b_front,True
CLEVR_val_000275.png,small gray metal cylinder,small red metal cylinder,b_front,large,b_front,True,b_front,True,a_front,False,b_front,True,b_front,True,a_front,False
CLEVR_val_000004.png,small red rubber sphere,large brown rubber sphere,b_front,medium,a_front,False,b_front,True,a_front,False,b_front,True,a_front,False,b_front,True
CLEVR_val_000066.png,large red metal sphere,small yellow rubber sphere,b_front,large,b_front,True,b_front,True,a_front,False,a_front,False,b_front,True,a_front,False
CLEVR_val_000124.png,small purple rubber cylinder,small blue rubber sphere,a_front,large,a_front,True,a_front,True,b_front,False,a_front,True,b_front,False,a_front,True
CLEVR_val_000160.png,large yellow metal cylinder,large red rubber cylinder,a_front,large,b_front,False,a_front,True,b_front,False,b_front,False,b_front,False,a_front,True
CLEVR_val_000046.png,small brown rubber cylinder,small cyan rubber cylinder,b_front,large,a_front,False,b_front,True,a_front,False,a_front,False,b_front,True,a_front,False
CLEVR_val_000030.png,large cyan rubber sphere,small cyan rubber sphere,b_front,large,b_front,True,b_front,True,a_front,False,a_front,False,a_front,False,b_front,True
CLEVR_val_000142.png,small green metal cylinder,small blue metal cylinder,b_front,medium,a_front,False,b_front,True,a_front,False,a_front,False,a_front,False,b_front,True
CLEVR_val_000165.png,small blue metal sphere,small gray metal cylinder,b_front,large,b_front,True,b_front,True,a_front,False,b_front,True,b_front,True,a_front,False
CLEVR_val_000267.png,small green rubber cube,large blue metal cube,a_front,medium,a_front,True,a_front,True,b_front,False,b_front,False,a_front,True,b_front,False
CLEVR_val_000024.png,large purple metal cylinder,large gray metal cube,b_front,large,b_front,True,b_front,True,a_front,False,b_front,True,a_front,False,b_front,True
CLEVR_val_000128.png,large red metal cube,small gray metal cube,b_front,large,a_front,False,b_front,True,a_front,False,a_front,False,a_front,False,b_front,True
CLEVR_val_000191.png,large purple metal cylinder,small red rubber sphere,a_front,large,b_front,False,a_front,True,b_front,False,a_front,True,a_front,True,b_front,False
CLEVR_val_000142.png,small cyan rubber cube,large brown rubber cylinder,a_front,large,a_front,True,a_front,True,b_front,False,b_front,False,a_front,True,b_front,False
CLEVR_val_000144.png,small purple metal sphere,large brown metal cube,b_front,large,b_front,True,b_front,True,a_front,False,b_front,True,b_front,True,a_front,False
CLEVR_val_000053.png,large blue rubber sphere,small yellow rubber sphere,b_front,large,a_front,False,b_front,True,a_front,False,a_front,False,a_front,False,b_front,True
CLEVR_val_000087.png,large brown metal cylinder,large brown rubber sphere,b_front,large,b_front,True,b_front,True,a_front,False,b_front,True,b_front,True,a_front,False
CLEVR_val_000250.png,small purple metal sphere,small yellow metal cube,b_front,large,a_front,False,b_front,True,a_front,False,a_front,False,a_front,False,b_front,True
CLEVR_val_000131.png,large gray metal sphere,small red rubber sphere,a_front,medium,b_front,False,a_front,True,b_front,False,a_front,True,b_front,False,a_front,True
CLEVR_val_000118.png,small brown rubber cube,small cyan metal sphere,a_front,medium,a_front,True,a_front,True,b_front,False,a_front,True,a_front,True,b_front,False
CLEVR_val_000058.png,large purple metal cylinder,small cyan rubber cylinder,b_front,small,b_front,True,b_front,True,a_front,False,a_front,False,a_front,False,b_front,True
CLEVR_val_000114.png,small brown rubber cube,large blue rubber cylinder,a_front,small,a_front,True,a_front,True,b_front,False,b_front,False,b_front,False,a_front,True
CLEVR_val_000146.png,small red metal sphere,large brown rubber cylinder,a_front,medium,b_front,False,a_front,True,b_front,False,b_front,False,b_front,False,a_front,True
CLEVR_val_000217.png,large green rubber sphere,small cyan metal cube,a_front,medium,a_front,True,a_front,True,b_front,False,a_front,True,b_front,False,a_front,True
CLEVR_val_000110.png,large blue rubber cylinder,small brown rubber sphere,b_front,medium,b_front,True,b_front,True,a_front,False,a_front,False,b_front,True,a_front,False
CLEVR_val_000059.png,small gray rubber cylinder,large gray metal cube,b_front,large,a_front,False,b_front,True,a_front,False,b_front,True,a_front,False,b_front,True
CLEVR_val_000161.png,large green metal cylinder,small blue rubber cube,a_front,large,b_front,False,a_front,True,b_front,False,a_front,True,a_front,True,b_front,False
CLEVR_val_000212.png,small brown metal cube,large red metal cylinder,b_front,medium,a_front,False,b_front,True,a_front,False,b_front,True,a_front,False,b_front,True
CLEVR_val_000032.png,small green metal cylinder,small gray rubber cylinder,a_front,medium,b_front,False,a_front,True,b_front,False,b_front,False,b_front,False,a_front,True
CLEVR_val_000266.png,large brown rubber sphere,small gray rubber cube,a_front,small,a_front,True,b_front,False,a_front,True,a_front,True,b_front,False,a_front,True
CLEVR_val_000144.png,large brown metal sphere,large brown rubber cylinder,a_front,large,b_front,False,a_front,True,b_front,False,b_front,False,a_front,True,b_front,False
CLEVR_val_000043.png,large yellow rubber cylinder,small gray rubber sphere,a_front,small,a_front,True,b_front,False,a_front,True,a_front,True,a_front,True,b_front,False
CLEVR_val_000144.png,small green metal sphere,large gray rubber cylinder,a_front,large,b_front,False,a_front,True,b_front,False,b_front,False,a_front,True,b_front,False
CLEVR_val_000245.png,small purple metal sphere,large red rubber sphere,b_front,medium,a_front,False,b_front,True,a_front,False,b_front,True,b_front,True,a_front,False
CLEVR_val_000160.png,small cyan metal sphere,small green metal cube,b_front,large,b_front,True,b_front,True,a_front,False,b_front,True,b_front,True,a_front,False
CLEVR_val_000032.png,small cyan metal cylinder,small purple metal cylinder,b_front,medium,a_front,False,b_front,True,a_front,False,a_front,False,b_front,True,a_front,False
CLEVR_val_000064.png,small yellow rubber cube,large gray rubber cube,a_front,medium,b_front,False,a_front,True,b_front,False,b_front,False,a_front,True,b_front,False
CLEVR_val_000218.png,small green metal sphere,large green metal sphere,a_front,medium,a_front,True,a_front,True,b_front,False,b_front,False,b_front,False,a_front,True
CLEVR_val_000041.png,large purple metal sphere,large gray rubber sphere,a_front,large,b_front,False,a_front,True,b_front,False,b_front,False,a_front,True,b_front,False
CLEVR_val_000282.png,small brown rubber cube,small green metal sphere,a_front,large,a_front,True,a_front,True,b_front,False,a_front,True,a_front,True,b_front,False
CLEVR_val_000215.png,small gray metal cube,large blue rubber cylinder,b_front,large,b_front,True,b_front,True,a_front,False,b_front,True,b_front,True,a_front,False
CLEVR_val_000049.png,large blue metal sphere,small brown rubber sphere,a_front,medium,a_front,True,a_front,True,b_front,False,a_front,True,b_front,False,a_front,True
CLEVR_val_000041.png,large brown metal cube,large gray rubber sphere,b_front,medium,b_front,True,b_front,True,a_front,False,b_front,True,a_front,False,b_front,True
CLEVR_val_000283.png,large purple rubber cube,large brown metal cube,a_front,large,a_front,True,a_front,True,b_front,False,a_front,True,a_front,True,b_front,False
CLEVR_val_000120.png,large green metal sphere,small gray rubber cylinder,a_front,large,b_front,False,a_front,True,b_front,False,a_front,True,b_front,False,a_front,True
CLEVR_val_000268.png,large green metal cylinder,small yellow metal sphere,a_front,large,a_front,True,a_front,True,b_front,False,a_front,True,b_front,False,a_front,True
CLEVR_val_000193.png,small gray rubber cylinder,large green metal cube,a_front,medium,b_front,False,a_front,True,b_front,False,b_front,False,b_front,False,a_front,True
CLEVR_val_000074.png,small green metal cylinder,large red metal sphere,a_front,large,a_front,True,a_front,True,b_front,False,b_front,False,a_front,True,b_front,False
CLEVR_val_000050.png,small yellow rubber cylinder,small red rubber sphere,a_front,small,b_front,False,a_front,True,b_front,False,b_front,False,a_front,True,b_front,False
CLEVR_val_000064.png,small blue rubber sphere,large gray rubber cube,a_front,large,a_front,True,a_front,True,b_front,False,b_front,False,a_front,True,b_front,False
CLEVR_val_000277.png,small brown rubber cylinder,small cyan rubber sphere,b_front,large,b_front,True,b_front,True,a_front,False,b_front,True,a_front,False,b_front,True
CLEVR_val_000001.png,large purple metal sphere,small yellow metal cube,a_front,large,a_front,True,a_front,True,b_front,False,a_front,True,b_front,False,a_front,True
CLEVR_val_000107.png,small blue rubber sphere,small gray metal cylinder,a_front,large,b_front,False,a_front,True,b_front,False,b_front,False,a_front,True,b_front,False
CLEVR_val_000129.png,small red rubber sphere,small gray metal cylinder,a_front,medium,a_front,True,a_front,True,b_front,False,a_front,True,b_front,False,a_front,True
CLEVR_val_000201.png,small red rubber cube,small gray rubber cube,a_front,large,b_front,False,a_front,True,b_front,False,b_front,False,b_front,False,a_front,True
CLEVR_val_000119.png,small purple metal cylinder,small purple rubber sphere,b_front,large,a_front,False,b_front,True,a_front,False,a_front,False,b_front,True,a_front,False
CLEVR_val_000057.png,small cyan rubber cylinder,large purple metal cube,b_front,large,b_front,True,b_front,True,a_front,False,b_front,True,a_front,False,b_front,True
CLEVR_val_000240.png,large brown metal sphere,large cyan metal cube,a_front,large,a_front,True,a_front,True,b_front,False,a_front,True,b_front,False,a_front,True
CLEVR_val_000003.png,small yellow rubber sphere,small brown metal cylinder,a_front,large,b_front,False,a_front,True,b_front,False,b_front,False,b_front,False,a_front,True
CLEVR_val_000241.png,small yellow rubber cube,large purple metal cylinder,a_front,large,a_front,True,a_front,True,b_front,False,b_front,False,b_front,False,a_front,True
CLEVR_val_000104.png,large cyan rubber sphere,small gray metal sphere,a_front,small,b_front,False,a_front,True,b_front,False,a_front,True,a_front,True,b_front,False
CLEVR_val_000266.png,small gray rubber cube,large cyan rubber cylinder,b_front,large,a_front,False,b_front,True,a_front,False,b_front,True,a_front,False,b_front,True
CLEVR_val_000191.png,small yellow rubber sphere,small red rubber sphere,a_front,small,b_front,False,a_front,True,b_front,False,b_front,False,a_front,True,b_front,False
CLEVR_val_000024.png,large purple metal cylinder,small brown rubber cube,b_front,large,a_front,False,b_front,True,a_front,False,a_front,False,b_front,True,a_front,False
CLEVR_val_000102.png,large yellow metal sphere,small cyan metal cube,b_front,large,b_front,True,b_front,True,a_front,False,a_front,False,b_front,True,a_front,False
CLEVR_val_000143.png,large brown metal cylinder,small yellow rubber cube,a_front,large,a_front,True,a_front,True,b_front,False,a_front,True,b_front,False,a_front,True
CLEVR_val_000219.png,large green metal sphere,large red metal sphere,a_front,large,b_front,False,a_front,True,b_front,False,b_front,False,b_front,False,a_front,True
CLEVR_val_000181.png,large brown metal cylinder,small yellow metal cylinder,b_front,large,a_front,False,b_front,True,a_front,False,a_front,False,a_front,False,b_front,True
CLEVR_val_000220.png,large cyan rubber cylinder,small brown metal cylinder,b_front,large,b_front,True,b_front,True,a_front,False,a_front,False,b_front,True,a_front,False
CLEVR_val_000079.png,large red metal sphere,small green metal cylinder,a_front,medium,a_front,True,a_front,True,b_front,False,a_front,True,a_front,True,b_front,False
CLEVR_val_000122.png,small gray metal cube,large green metal cube,b_front,medium,b_front,True,b_front,True,a_front,False,b_front,True,a_front,False,b_front,True
CLEVR_val_000178.png,large blue rubber sphere,large green rubber sphere,a_front,medium,a_front,True,a_front,True,b_front,False,a_front,True,a_front,True,b_front,False
CLEVR_val_000209.png,small yellow rubber cylinder,small cyan rubber sphere,a_front,medium,b_front,False,a_front,True,b_front,False,b_front,False,a_front,True,b_front,False
CLEVR_val_000243.png,large yellow metal sphere,large green metal sphere,b_front,medium,a_front,False,b_front,True,a_front,False,a_front,False,b_front,True,a_front,False
CLEVR_val_000244.png,small cyan metal cylinder,large cyan rubber cube,b_front,large,b_front,True,b_front,True,a_front,False,b_front,True,b_front,True,a_front,False
CLEVR_val_000269.png,small blue rubber sphere,small red metal sphere,a_front,large,a_front,True,a_front,True,b_front,False,a_front,True,a_front,True,b_front,False
CLEVR_val_000244.png,large cyan metal cube,large purple metal cube,a_front,large,b_front,False,a_front,True,b_front,False,b_front,False,a_front,True,b_front,False
CLEVR_val_000092.png,small brown rubber cube,small yellow rubber sphere,a_front,small,a_front,True,a_front,True,b_front,False,a_front,True,a_front,True,b_front,False
CLEVR_val_000143.png,small yellow rubber cube,small brown metal cube,a_front,small,b_front,False,a_front,True,b_front,False,b_front,False,b_front,False,a_front,True
CLEVR_val_000225.png,large gray rubber cube,small red rubber cube,b_front,small,a_front,False,b_front,True,a_front,False,a_front,False,a_front,False,b_front,True
CLEVR_val_000073.png,small purple metal sphere,small blue rubber cube,b_front,large,b_front,True,b_front,True,a_front,False,b_front,True,b_front,True,a_front,False
CLEVR_val_000203.png,small gray metal sphere,small cyan metal cube,a_front,medium,a_front,True,a_front,True,b_front,False,a_front,True,a_front,True,b_front,False
CLEVR_val_000013.png,large blue metal sphere,small red rubber sphere,b_front,large,b_front,True,b_front,True,a_front,False,a_front,False,a_front,False,b_front,True
CLEVR_val_000071.png,small red metal cube,large gray rubber cylinder,b_front,medium,a_front,False,b_front,True,a_front,False,b_front,True,a_front,False,b_front,True
CLEVR_val_000173.png,small gray rubber sphere,small red metal cube,b_front,large,b_front,True,b_front,True,a_front,False,b_front,True,a_front,False,b_front,True
CLEVR_val_000078.png,large gray rubber cube,small brown metal cylinder,b_front,large,a_front,False,b_front,True,a_front,False,a_front,False,a_front,False,b_front,True
CLEVR_val_000119.png,small purple rubber sphere,large purple rubber cube,b_front,medium,b_front,True,b_front,True,a_front,False,b_front,True,a_front,False,b_front,True
CLEVR_val_000190.png,small cyan metal cube,small blue metal sphere,b_front,medium,a_front,False,b_front,True,a_front,False,a_front,False,b_front,True,a_front,False
CLEVR_val_000266.png,large brown rubber cylinder,large cyan rubber cylinder,b_front,large,b_front,True,b_front,True,a_front,False,b_front,True,a_front,False,b_front,True
CLEVR_val_000084.png,small green rubber cylinder,small red rubber cylinder,b_front,medium,a_front,False,b_front,True,a_front,False,a_front,False,a_front,False,b_front,True
CLEVR_val_000008.png,small purple metal cube,small gray metal sphere,a_front,large,b_front,False,a_front,True,b_front,False,b_front,False,a_front,True,b_front,False
CLEVR_val_000032.png,small green metal cube,small purple metal cylinder,a_front,large,a_front,True,a_front,True,b_front,False,a_front,True,a_front,True,b_front,False
CLEVR_val_000184.png,small blue metal cylinder,large cyan rubber cylinder,a_front,small,b_front,False,a_front,True,b_front,False,b_front,False,b_front,False,a_front,True
CLEVR_val_000160.png,small green metal cube,small gray rubber cylinder,b_front,large,a_front,False,b_front,True,a_front,False,a_front,False,a_front,False,b_front,True
CLEVR_val_000087.png,small red metal cylinder,small green metal sphere,b_front,large,b_front,True,b_front,True,a_front,False,b_front,True,a_front,False,b_front,True
CLEVR_val_000114.png,large blue rubber sphere,small yellow metal sphere,a_front,large,a_front,True,a_front,True,b_front,False,a_front,True,a_front,True,b_front,False
CLEVR_val_000142.png,large purple metal sphere,large brown rubber cylinder,a_front,large,b_front,False,a_front,True,b_front,False,b_front,False,b_front,False,a_front,True
CLEVR_val_000151.png,small brown metal sphere,small red metal cube,a_front,medium,a_front,True,a_front,True,b_front,False,a_front,True,b_front,False,a_front,True
CLEVR_val_000209.png,small cyan metal cylinder,large green metal cylinder,a_front,small,b_front,False,a_front,True,b_front,False,b_front,False,a_front,True,b_front,False
CLEVR_val_000104.png,small gray rubber cube,large brown metal cube,a_front,large,a_front,True,a_front,True,b_front,False,b_front,False,a_front,True,b_front,False
CLEVR_val_000167.png,large blue rubber cylinder,small yellow rubber cylinder,b_front,large,b_front,True,b_front,True,a_front,False,a_front,False,b_front,True,a_front,False
CLEVR_val_000227.png,small red rubber cube,small purple rubber cylinder,a_front,medium,a_front,True,a_front,True,b_front,False,a_front,True,b_front,False,a_front,True
CLEVR_val_000102.png,small gray metal sphere,small blue metal cube,a_front,small,b_front,False,a_front,True,b_front,False,b_front,False,a_front,True,b_front,False
CLEVR_val_000159.png,large brown metal cylinder,small purple rubber cylinder,a_front,medium,a_front,True,a_front,True,b_front,False,a_front,True,a_front,True,b_front,False
CLEVR_val_000047.png,small cyan rubber cylinder,small cyan rubber sphere,b_front,small,b_front,True,b_front,True,a_front,False,b_front,True,b_front,True,a_front,False
CLEVR_val_000273.png,large brown rubber cube,small blue metal cube,b_front,large,a_front,False,b_front,True,a_front,False,a_front,False,b_front,True,a_front,False
CLEVR_val_000159.png,small yellow metal cylinder,small brown metal cube,a_front,medium,b_front,False,a_front,True,b_front,False,b_front,False,a_front,True,b_front,False
CLEVR_val_000218.png,small brown metal sphere,large green rubber cube,b_front,medium,a_front,False,b_front,True,a_front,False,b_front,True,b_front,True,a_front,False
CLEVR_val_000137.png,small purple metal cube,small yellow metal sphere,a_front,medium,b_front,False,a_front,True,b_front,False,b_front,False,a_front,True,b_front,False
CLEVR_val_000001.png,small green metal cylinder,small yellow rubber cylinder,b_front,medium,a_front,False,b_front,True,a_front,False,a_front,False,a_front,False,b_front,True
CLEVR_val_000004.png,small red rubber sphere,large gray metal sphere,a_front,medium,b_front,False,a_front,True,b_front,False,b_front,False,a_front,True,b_front,False
CLEVR_val_000155.png,large blue metal cylinder,large blue metal cube,b_front,large,a_front,False,b_front,True,a_front,False,a_front,False,a_front,False,b_front,True
CLEVR_val_000066.png,large green metal cylinder,small yellow rubber sphere,b_front,large,b_front,True,b_front,True,a_front,False,a_front,False,b_front,True,a_front,False
CLEVR_val_000086.png,large green metal sphere,large cyan rubber cylinder,a_front,medium,a_front,True,a_front,True,b_front,False,a_front,True,b_front,False,a_front,True
CLEVR_val_000168.png,large yellow metal cylinder,small red rubber sphere,a_front,large,b_front,False,a_front,True,b_front,False,a_front,True,b_front,False,a_front,True
CLEVR_val_000260.png,small yellow metal cube,small green metal cylinder,b_front,large,a_front,False,b_front,True,a_front,False,a_front,False,b_front,True,a_front,False
CLEVR_val_000216.png,large gray metal cylinder,small blue rubber cylinder,b_front,large,b_front,True,b_front,True,a_front,False,a_front,False,a_front,False,b_front,True
CLEVR_val_000116.png,large red rubber sphere,small gray metal cube,b_front,large,a_front,False,b_front,True,a_front,False,a_front,False,b_front,True,a_front,False
CLEVR_val_000095.png,small brown metal cube,large yellow metal sphere,b_front,large,b_front,True,b_front,True,a_front,False,b_front,True,a_front,False,b_front,True
CLEVR_val_000146.png,small gray metal cube,small yellow metal sphere,b_front,medium,a_front,False,b_front,True,a_front,False,a_front,False,b_front,True,a_front,False
CLEVR_val_000092.png,small brown rubber cube,small yellow metal sphere,b_front,large,b_front,True,b_front,True,a_front,False,b_front,True,a_front,False,b_front,True
CLEVR_val_000195.png,small red rubber cylinder,large yellow rubber cube,b_front,medium,a_front,False,b_front,True,a_front,False,b_front,True,b_front,True,a_front,False
CLEVR_val_000218.png,large green metal sphere,small red metal sphere,a_front,small,b_front,False,b_front,False,a_front,True,a_front,True,b_front,False,a_front,True
CLEVR_val_000195.png,large cyan metal sphere,large yellow rubber cube,b_front,large,a_front,False,b_front,True,a_front,False,a_front,False,b_front,True,a_front,False
CLEVR_val_000157.png,small gray rubber sphere,large red rubber sphere,b_front,small,b_front,True,a_front,False,b_front,True,b_front,True,a_front,False,b_front,True
CLEVR_val_000154.png,large blue rubber cylinder,small blue metal sphere,a_front,medium,a_front,True,a_front,True,b_front,False,a_front,True,a_front,True,b_front,False
CLEVR_val_000173.png,small gray rubber sphere,large blue rubber cube,a_front,large,b_front,False,a_front,True,b_front,False,b_front,False,a_front,True,b_front,False
CLEVR_val_000277.png,small brown rubber cylinder,large gray metal sphere,a_front,small,a_front,True,a_front,True,b_front,False,b_front,False,a_front,True,b_front,False
CLEVR_val_000095.png,small red rubber sphere,large yellow metal sphere,b_front,large,b_front,True,b_front,True,a_front,False,b_front,True,b_front,True,a_front,False
CLEVR_val_000268.png,large blue rubber cylinder,large red rubber cylinder,a_front,small,a_front,True,a_front,True,b_front,False,a_front,True,b_front,False,a_front,True
CLEVR_val_000146.png,small cyan rubber cube,large gray metal cylinder,a_front,large,b_front,False,a_front,True,b_front,False,b_front,False,b_front,False,a_front,True
CLEVR_val_000106.png,large green rubber sphere,small cyan rubber sphere,a_front,large,a_front,True,a_front,True,b_front,False,a_front,True,a_front,True,b_front,False
CLEVR_val_000054.png,small cyan metal cylinder,small brown metal sphere,a_front,medium,b_front,False,a_front,True,b_front,False,b_front,False,a_front,True,b_front,False
CLEVR_val_000075.png,small brown metal cube,small cyan rubber cube,b_front,large,a_front,False,b_front,True,a_front,False,a_front,False,a_front,False,b_front,True
CLEVR_val_000129.png,small red rubber sphere,large cyan rubber cube,a_front,large,b_front,False,a_front,True,b_front,False,b_front,False,b_front,False,a_front,True
CLEVR_val_000227.png,small purple rubber cylinder,large gray metal cylinder,b_front,large,a_front,False,b_front,True,a_front,False,b_front,True,a_front,False,b_front,True
CLEVR_val_000170.png,large green metal cylinder,small brown metal cylinder,a_front,large,b_front,False,a_front,True,b_front,False,a_front,True,b_front,False,a_front,True
CLEVR_val_000223.png,small yellow rubber cube,large green metal sphere,a_front,medium,a_front,True,a_front,True,b_front,False,b_front,False,b_front,False,a_front,True
CLEVR_val_000231.png,small brown rubber cube,large red metal cylinder,b_front,large,b_front,True,b_front,True,a_front,False,b_front,True,a_front,False,b_front,True
CLEVR_val_000283.png,large brown metal cube,small gray rubber sphere,b_front,large,a_front,False,b_front,True,a_front,False,a_front,False,b_front,True,a_front,False
CLEVR_val_000253.png,large green metal cube,large purple metal cylinder,a_front,large,b_front,False,a_front,True,b_front,False,b_front,False,a_front,True,b_front,False
CLEVR_val_000020.png,large gray metal cube,small blue rubber sphere,b_front,small,a_front,False,b_front,True,a_front,False,a_front,False,a_front,False,b_front,True
CLEVR_val_000121.png,small purple rubber cube,large blue rubber sphere,b_front,small,b_front,True,b_front,True,a_front,False,b_front,True,a_front,False,b_front,True
CLEVR_val_000237.png,large gray rubber cylinder,small purple rubber cylinder,a_front,medium,a_front,True,a_front,True,b_front,False,a_front,True,a_front,True,b_front,False
CLEVR_val_000204.png,small brown metal sphere,small green rubber cylinder,a_front,medium,b_front,False,a_front,True,b_front,False,b_front,False,a_front,True,b_front,False
CLEVR_val_000046.png,large purple metal cylinder,small brown rubber cylinder,a_front,large,a_front,True,a_front,True,b_front,False,a_front,True,b_front,False,a_front,True
CLEVR_val_000126.png,large blue metal cylinder,small green rubber cylinder,a_front,large,b_front,False,a_front,True,b_front,False,a_front,True,a_front,True,b_front,False
CLEVR_val_000217.png,small red rubber cylinder,large brown rubber sphere,a_front,large,a_front,True,a_front,True,b_front,False,b_front,False,a_front,True,b_front,False
CLEVR_val_000210.png,small cyan metal sphere,large yellow rubber sphere,a_front,large,b_front,False,a_front,True,b_front,False,b_front,False,a_front,True,b_front,False
CLEVR_val_000177.png,small yellow metal sphere,large brown rubber cube,a_front,medium,a_front,True,a_front,True,b_front,False,b_front,False,b_front,False,a_front,True
CLEVR_val_000247.png,large brown metal cylinder,small red metal cube,a_front,medium,b_front,False,a_front,True,b_front,False,a_front,True,b_front,False,a_front,True
CLEVR_val_000140.png,large green metal cylinder,large brown rubber cylinder,a_front,medium,a_front,True,a_front,True,b_front,False,a_front,True,b_front,False,a_front,True
CLEVR_val_000243.png,small brown rubber cylinder,large brown metal cube,b_front,medium,b_front,True,b_front,True,a_front,False,b_front,True,a_front,False,b_front,True
CLEVR_val_000251.png,small gray metal cube,small gray metal cylinder,a_front,medium,a_front,True,a_front,True,b_front,False,a_front,True,b_front,False,a_front,True
CLEVR_val_000070.png,small gray metal cube,large gray metal cube,b_front,small,b_front,True,a_front,False,b_front,True,b_front,True,b_front,True,a_front,False
CLEVR_val_000254.png,small yellow rubber sphere,large brown metal sphere,b_front,large,a_front,False,b_front,True,a_front,False,b_front,True,b_front,True,a_front,False
CLEVR_val_000092.png,small brown rubber cube,large brown metal cylinder,a_front,large,b_front,False,a_front,True,b_front,False,b_front,False,a_front,True,b_front,False
CLEVR_val_000285.png,large purple rubber sphere,large yellow metal sphere,b_front,medium,a_front,False,b_front,True,a_front,False,a_front,False,a_front,False,b_front,True
CLEVR_val_000126.png,large purple metal sphere,small gray rubber cylinder,a_front,small,b_front,False,b_front,False,a_front,True,a_front,True,a_front,True,b_front,False
CLEVR_val_000168.png,small red rubber sphere,large gray metal cube,b_front,medium,a_front,False,b_front,True,a_front,False,b_front,True,a_front,False,b_front,True
CLEVR_val_000047.png,small red metal cube,small cyan rubber cylinder,a_front,medium,b_front,False,a_front,True,b_front,False,b_front,False,a_front,True,b_front,False
CLEVR_val_000178.png,large green rubber sphere,small cyan metal cylinder,b_front,medium,a_front,False,b_front,True,a_front,False,a_front,False,a_front,False,b_front,True
CLEVR_val_000171.png,small blue metal sphere,large blue rubber cube,b_front,large,b_front,True,b_front,True,a_front,False,b_front,True,b_front,True,a_front,False
CLEVR_val_000053.png,small red rubber cube,small blue metal cylinder,a_front,medium,a_front,True,a_front,True,b_front,False,a_front,True,a_front,True,b_front,False
CLEVR_val_000182.png,large blue metal sphere,small blue rubber cube,a_front,large,b_front,False,a_front,True,b_front,False,a_front,True,a_front,True,b_front,False
CLEVR_val_000244.png,large blue rubber sphere,large purple metal cube,a_front,small,a_front,True,a_front,True,b_front,False,a_front,True,a_front,True,b_front,False
CLEVR_val_000017.png,large red rubber sphere,large cyan rubber cube,b_front,medium,b_front,True,b_front,True,a_front,False,b_front,True,b_front,True,a_front,False
CLEVR_val_000166.png,small purple metal cube,small yellow metal cylinder,b_front,large,a_front,False,b_front,True,a_front,False,a_front,False,a_front,False,b_front,True
CLEVR_val_000108.png,small gray rubber cylinder,small brown metal sphere,b_front,small,b_front,True,b_front,True,a_front,False,b_front,True,b_front,True,a_front,False
CLEVR_val_000161.png,large brown rubber sphere,large purple metal sphere,a_front,large,a_front,True,a_front,True,b_front,False,a_front,True,b_front,False,a_front,True
CLEVR_val_000095.png,small brown metal cube,large purple rubber cylinder,b_front,large,b_front,True,b_front,True,a_front,False,b_front,True,b_front,True,a_front,False
CLEVR_val_000277.png,small brown rubber cylinder,small purple metal cylinder,a_front,medium,a_front,True,a_front,True,b_front,False,a_front,True,a_front,True,b_front,False
CLEVR_val_000252.png,small green rubber cube,large gray metal sphere,a_front,small,b_front,False,a_front,True,b_front,False,b_front,False,b_front,False,a_front,True
CLEVR_val_000243.png,large yellow metal sphere,small purple metal cylinder,b_front,large,a_front,False,b_front,True,a_front,False,a_front,False,a_front,False,b_front,True
CLEVR_val_000028.png,large purple metal sphere,small brown metal sphere,b_front,large,b_front,True,b_front,True,a_front,False,a_front,False,a_front,False,b_front,True
CLEVR_val_000155.png,large blue metal cube,large purple metal cube,b_front,large,a_front,False,b_front,True,a_front,False,a_front,False,b_front,True,a_front,False
CLEVR_val_000243.png,small brown rubber cylinder,large cyan metal sphere,b_front,large,b_front,True,b_front,True,a_front,False,b_front,True,a_front,False,b_front,True
CLEVR_val_000005.png,small yellow rubber cube,large gray metal sphere,b_front,large,a_front,False,b_front,True,a_front,False,b_front,True,b_front,True,a_front,False
CLEVR_val_000102.png,large yellow metal sphere,small green rubber cylinder,b_front,large,b_front,True,b_front,True,a_front,False,a_front,False,b_front,True,a_front,False
CLEVR_val_000127.png,small red metal sphere,large blue rubber cylinder,b_front,large,a_front,False,b_front,True,a_front,False,b_front,True,b_front,True,a_front,False
CLEVR_val_000190.png,small blue metal sphere,small green rubber sphere,b_front,medium,b_front,True,b_front,True,a_front,False,b_front,True,b_front,True,a_front,False
CLEVR_val_000157.png,small cyan rubber cube,small blue rubber cube,b_front,large,a_front,False,b_front,True,a_front,False,a_front,False,a_front,False,b_front,True
CLEVR_val_000245.png,small green metal cube,large cyan metal cube,a_front,medium,b_front,False,a_front,True,b_front,False,b_front,False,b_front,False,a_front,True
CLEVR_val_000048.png,small green rubber cylinder,small blue metal sphere,a_front,small,a_front,True,a_front,True,b_front,False,a_front,True,a_front,True,b_front,False
CLEVR_val_000027.png,large gray rubber cube,small purple rubber cube,b_front,large,b_front,True,b_front,True,a_front,False,a_front,False,a_front,False,b_front,True
CLEVR_val_000077.png,large brown metal cylinder,small green rubber cube,b_front,large,a_front,False,b_front,True,a_front,False,a_front,False,a_front,False,b_front,True
CLEVR_val_000254.png,small yellow rubber sphere,large yellow metal cube,b_front,medium,b_front,True,b_front,True,a_front,False,b_front,True,b_front,True,a_front,False
CLEVR_val_000211.png,small blue rubber sphere,small red rubber cylinder,b_front,large,a_front,False,b_front,True,a_front,False,a_front,False,a_front,False,b_front,True
CLEVR_val_000252.png,large cyan metal cube,small blue metal sphere,a_front,medium,b_front,False,a_front,True,b_front,False,a_front,True,b_front,False,a_front,True
CLEVR_val_000191.png,small yellow rubber sphere,small green metal cube,a_front,medium,a_front,True,a_front,True,b_front,False,a_front,True,a_front,True,b_front,False
CLEVR_val_000162.png,small yellow metal cylinder,small red rubber cylinder,a_front,small,b_front,False,a_front,True,b_front,False,b_front,False,a_front,True,b_front,False
CLEVR_val_000057.png,large red metal sphere,small yellow metal cube,b_front,large,a_front,False,b_front,True,a_front,False,a_front,False,a_front,False,b_front,True
CLEVR_val_000229.png,small cyan rubber cube,large yellow metal cube,b_front,medium,b_front,True,b_front,True,a_front,False,b_front,True,a_front,False,b_front,True
CLEVR_val_000255.png,large green metal cube,large green metal cylinder,b_front,large,a_front,False,b_front,True,a_front,False,a_front,False,a_front,False,b_front,True
CLEVR_val_000001.png,large gray metal cylinder,small cyan rubber cylinder,b_front,large,b_front,True,b_front,True,a_front,False,a_front,False,a_front,False,b_front,True
CLEVR_val_000252.png,small green rubber cube,small blue rubber cube,b_front,medium,a_front,False,b_front,True,a_front,False,a_front,False,b_front,True,a_front,False
CLEVR_val_000266.png,small brown rubber sphere,small blue metal cube,a_front,large,b_front,False,a_front,True,b_front,False,b_front,False,b_front,False,a_front,True
CLEVR_val_000236.png,large gray rubber cube,large red rubber sphere,b_front,large,a_front,False,b_front,True,a_front,False,a_front,False,a_front,False,b_front,True
CLEVR_val_000214.png,large yellow metal cylinder,small yellow rubber sphere,a_front,large,b_front,False,a_front,True,b_front,False,a_front,True,a_front,True,b_front,False
CLEVR_val_000179.png,small gray rubber cube,large brown metal cube,b_front,medium,a_front,False,b_front,True,a_front,False,b_front,True,a_front,False,b_front,True
CLEVR_val_000161.png,large purple metal sphere,large green rubber cylinder,b_front,large,b_front,True,b_front,True,a_front,False,b_front,True,b_front,True,a_front,False
CLEVR_val_000123.png,large cyan metal cylinder,large cyan metal cube,b_front,large,a_front,False,b_front,True,a_front,False,a_front,False,b_front,True,a_front,False
CLEVR_val_000125.png,small purple rubber cube,large purple rubber sphere,a_front,small,b_front,False,a_front,True,b_front,False,b_front,False,a_front,True,b_front,False
CLEVR_val_000127.png,large green rubber cube,large gray rubber cylinder,b_front,large,a_front,False,b_front,True,a_front,False,a_front,False,b_front,True,a_front,False
CLEVR_val_000161.png,small blue rubber cube,small gray metal cylinder,b_front,large,b_front,True,b_front,True,a_front,False,b_front,True,a_front,False,b_front,True
CLEVR_val_000106.png,small cyan rubber sphere,small yellow metal cylinder,b_front,medium,a_front,False,b_front,True,a_front,False,a_front,False,b_front,True,a_front,False
CLEVR_val_000019.png,large cyan rubber cylinder,large yellow metal cube,a_front,large,b_front,False,a_front,True,b_front,False,b_front,False,b_front,False,a_front,True
CLEVR_val_000009.png,large gray rubber cube,small gray rubber cube,a_front,medium,a_front,True,a_front,True,b_front,False,a_front,True,b_front,False,a_front,True
CLEVR_val_000243.png,small purple rubber cylinder,small blue rubber cube,b_front,large,b_front,True,b_front,True,a_front,False,b_front,True,a_front,False,b_front,True
CLEVR_val_000116.png,small yellow metal cylinder,small gray metal cube,b_front,medium,a_front,False,b_front,True,a_front,False,a_front,False,b_front,True,a_front,False
CLEVR_val_000220.png,small gray rubber cube,small brown metal cylinder,a_front,small,b_front,False,a_front,True,b_front,False,b_front,False,b_front,False,a_front,True
CLEVR_val_000185.png,large green metal cylinder,small brown metal cylinder,a_front,large,a_front,True,a_front,True,b_front,False,a_front,True,a_front,True,b_front,False
CLEVR_val_000276.png,small cyan metal cylinder,small red rubber cube,a_front,large,b_front,False,a_front,True,b_front,False,b_front,False,b_front,False,a_front,True
CLEVR_val_000145.png,small gray metal cube,large red rubber cylinder,a_front,large,a_front,True,a_front,True,b_front,False,b_front,False,a_front,True,b_front,False
CLEVR_val_000232.png,small red metal cube,large gray rubber cube,a_front,large,b_front,False,a_front,True,b_front,False,b_front,False,a_front,True,b_front,False
CLEVR_val_000067.png,large purple metal sphere,small green metal cylinder,a_front,large,a_front,True,a_front,True,b_front,False,a_front,True,a_front,True,b_front,False
CLEVR_val_000287.png,large blue metal sphere,large green metal cylinder,a_front,large,b_front,False,a_front,True,b_front,False,b_front,False,b_front,False,a_front,True
CLEVR_val_000217.png,large purple rubber sphere,large brown rubber sphere,a_front,large,a_front,True,a_front,True,b_front,False,a_front,True,a_front,True,b_front,False
CLEVR_val_000137.png,small gray metal sphere,small red metal sphere,a_front,large,b_front,False,a_front,True,b_front,False,b_front,False,b_front,False,a_front,True
CLEVR_val_000046.png,small green rubber cube,small green rubber sphere,b_front,medium,a_front,False,b_front,True,a_front,False,a_front,False,b_front,True,a_front,False
CLEVR_val_000020.png,small blue rubber sphere,large cyan metal sphere,a_front,large,b_front,False,a_front,True,b_front,False,b_front,False,b_front,False,a_front,True
CLEVR_val_000144.png,small purple metal sphere,large gray rubber cylinder,a_front,medium,a_front,True,a_front,True,b_front,False,b_front,False,a_front,True,b_front,False
CLEVR_val_000196.png,small blue metal cube,small yellow rubber sphere,b_front,medium,b_front,True,b_front,True,a_front,False,b_front,True,b_front,True,a_front,False
CLEVR_val_000106.png,large yellow metal cube,large blue metal cube,a_front,small,a_front,True,a_front,True,b_front,False,a_front,True,a_front,True,b_front,False
CLEVR_val_000105.png,large brown rubber cube,large red metal sphere,a_front,large,b_front,False,a_front,True,b_front,False,b_front,False,a_front,True,b_front,False
CLEVR_val_000229.png,small yellow metal sphere,large brown metal cube,b_front,medium,a_front,False,a_front,False,a_front,False,b_front,True,a_front,False,b_front,True
CLEVR_val_000093.png,small yellow metal cube,large red metal cube,b_front,small,b_front,True,a_front,False,b_front,True,b_front,True,a_front,False,b_front,True
CLEVR_val_000146.png,small red rubber cylinder,small purple metal cylinder,a_front,large,a_front,True,a_front,True,b_front,False,a_front,True,a_front,True,b_front,False
CLEVR_val_000066.png,large yellow rubber cube,small yellow rubber sphere,b_front,large,b_front,True,b_front,True,a_front,False,a_front,False,a_front,False,b_front,True
CLEVR_val_000067.png,small yellow rubber cube,large blue rubber cube,a_front,large,a_front,True,a_front,True,b_front,False,b_front,False,a_front,True,b_front,False
CLEVR_val_000125.png,small brown rubber cube,large blue rubber cylinder,b_front,medium,b_front,True,b_front,True,a_front,False,b_front,True,b_front,True,a_front,False
CLEVR_val_000042.png,small cyan rubber cube,large brown rubber cylinder,a_front,small,a_front,True,a_front,True,b_front,False,b_front,False,b_front,False,a_front,True
CLEVR_val_000071.png,small red metal cube,large brown rubber cube,b_front,medium,b_front,True,b_front,True,a_front,False,b_front,True,b_front,True,a_front,False
CLEVR_val_000155.png,large red rubber cube,large blue metal cylinder,a_front,medium,a_front,True,a_front,True,b_front,False,a_front,True,b_front,False,a_front,True
CLEVR_val_000247.png,small blue metal cube,large green metal cylinder,b_front,medium,b_front,True,b_front,True,a_front,False,b_front,True,b_front,True,a_front,False
CLEVR_val_000129.png,small gray metal cylinder,large blue metal cube,b_front,medium,a_front,False,b_front,True,a_front,False,b_front,True,b_front,True,a_front,False
CLEVR_val_000030.png,large cyan rubber cube,small green rubber sphere,a_front,large,b_front,False,a_front,True,b_front,False,a_front,True,a_front,True,b_front,False
CLEVR_val_000218.png,small brown metal sphere,large red rubber cylinder,b_front,large,a_front,False,b_front,True,a_front,False,b_front,True,a_front,False,b_front,True
CLEVR_val_000067.png,small yellow rubber cube,small brown rubber sphere,a_front,large,b_front,False,a_front,True,b_front,False,b_front,False,a_front,True,b_front,False
CLEVR_val_000227.png,large green metal cylinder,small purple rubber cylinder,b_front,medium,a_front,False,b_front,True,a_front,False,a_front,False,b_front,True,a_front,False
CLEVR_val_000228.png,small brown rubber cube,large purple rubber cylinder,a_front,large,b_front,False,a_front,True,b_front,False,b_front,False,a_front,True,b_front,False
CLEVR_val_000129.png,small cyan metal sphere,large cyan rubber cube,a_front,large,a_front,True,a_front,True,b_front,False,b_front,False,b_front,False,a_front,True
CLEVR_val_000213.png,small gray rubber cube,large cyan rubber cube,b_front,large,b_front,True,b_front,True,a_front,False,b_front,True,b_front,True,a_front,False
CLEVR_val_000163.png,small cyan metal sphere,small blue metal cylinder,a_front,large,a_front,True,a_front,True,b_front,False,a_front,True,a_front,True,b_front,False
CLEVR_val_000071.png,large red rubber cube,large gray rubber cylinder,b_front,large,b_front,True,b_front,True,a_front,False,b_front,True,a_front,False,b_front,True
CLEVR_val_000073.png,small blue rubber sphere,small blue rubber cube,a_front,small,a_front,True,a_front,True,b_front,False,a_front,True,b_front,False,a_front,True
CLEVR_val_000104.png,small cyan rubber cube,large cyan rubber sphere,a_front,small,b_front,False,a_front,True,b_front,False,b_front,False,b_front,False,a_front,True
CLEVR_val_000172.png,large purple rubber cylinder,large green metal sphere,b_front,medium,a_front,False,b_front,True,a_front,False,a_front,False,a_front,False,b_front,True
CLEVR_val_000231.png,small brown rubber cube,large purple rubber cube,a_front,medium,b_front,False,a_front,True,b_front,False,b_front,False,a_front,True,b_front,False
CLEVR_val_000159.png,small yellow metal cylinder,large blue metal sphere,a_front,large,a_front,True,a_front,True,b_front,False,b_front,False,b_front,False,a_front,True
CLEVR_val_000001.png,small blue metal cylinder,small green metal cylinder,b_front,large,b_front,True,b_front,True,a_front,False,b_front,True,b_front,True,a_front,False
CLEVR_val_000203.png,small cyan metal cube,large green rubber cylinder,a_front,large,a_front,True,a_front,True,b_front,False,b_front,False,a_front,True,b_front,False
CLEVR_val_000036.png,small green rubber cube,small yellow metal cylinder,a_front,large,b_front,False,a_front,True,b_front,False,b_front,False,b_front,False,a_front,True
CLEVR_val_000102.png,small green rubber cylinder,small cyan metal cube,b_front,small,a_front,False,b_front,True,a_front,False,a_front,False,b_front,True,a_front,False
CLEVR_val_000003.png,small brown metal cylinder,small brown rubber cylinder,a_front,medium,b_front,False,a_front,True,b_front,False,b_front,False,a_front,True,b_front,False
CLEVR_val_000273.png,small blue rubber sphere,large purple metal sphere,b_front,large,a_front,False,b_front,True,a_front,False,b_front,True,a_front,False,b_front,True
CLEVR_val_000215.png,small yellow rubber cylinder,large yellow metal cube,a_front,medium,b_front,False,a_front,True,b_front,False,b_front,False,b_front,False,a_front,True
CLEVR_val_000243.png,small brown rubber cylinder,large green metal sphere,a_front,medium,a_front,True,a_front,True,b_front,False,b_front,False,b_front,False,a_front,True
CLEVR_val_000167.png,small green rubber sphere,large purple rubber cylinder,b_front,large,b_front,True,b_front,True,a_front,False,b_front,True,a_front,False,b_front,True
CLEVR_val_000270.png,small gray rubber sphere,small gray metal cylinder,a_front,medium,a_front,True,a_front,True,b_front,False,a_front,True,a_front,True,b_front,False
CLEVR_val_000216.png,large gray metal cylinder,small brown rubber sphere,b_front,large,b_front,True,b_front,True,a_front,False,a_front,False,a_front,False,b_front,True
CLEVR_val_000161.png,large brown rubber sphere,small gray metal cylinder,a_front,small,a_front,True,a_front,True,b_front,False,a_front,True,b_front,False,a_front,True
CLEVR_val_000173.png,large purple rubber cube,large yellow metal sphere,b_front,large,b_front,True,b_front,True,a_front,False,b_front,True,b_front,True,a_front,False
CLEVR_val_000158.png,small purple metal cylinder,small cyan rubber sphere,a_front,medium,a_front,True,a_front,True,b_front,False,a_front,True,a_front,True,b_front,False
CLEVR_val_000170.png,large green metal cylinder,large green metal cube,a_front,large,b_front,False,a_front,True,b_front,False,b_front,False,a_front,True,b_front,False
CLEVR_val_000143.png,small blue rubber sphere,small brown metal cube,a_front,medium,a_front,True,a_front,True,b_front,False,a_front,True,b_front,False,a_front,True
CLEVR_val_000075.png,small brown rubber sphere,small red rubber cube,b_front,small,b_front,True,b_front,True,a_front,False,b_front,True,b_front,True,a_front,False
CLEVR_val_000119.png,large gray rubber cube,small purple metal cylinder,a_front,large,a_front,True,a_front,True,b_front,False,a_front,True,a_front,True,b_front,False
CLEVR_val_000050.png,large purple metal cylinder,small gray metal sphere,b_front,medium,b_front,True,b_front,True,a_front,False,a_front,False,a_front,False,b_front,True
CLEVR_val_000273.png,small red metal cube,small cyan rubber cube,b_front,medium,a_front,False,b_front,True,a_front,False,a_front,False,a_front,False,b_front,True
CLEVR_val_000174.png,small yellow metal sphere,large blue rubber cylinder,b_front,small,b_front,True,a_front,False,b_front,True,b_front,True,a_front,False,b_front,True
CLEVR_val_000157.png,small brown rubber cylinder,large red rubber sphere,a_front,large,a_front,True,a_front,True,b_front,False,b_front,False,a_front,True,b_front,False
CLEVR_val_000131.png,small red metal cube,large purple rubber cube,b_front,large,b_front,True,b_front,True,a_front,False,b_front,True,a_front,False,b_front,True
CLEVR_val_000057.png,large red metal sphere,large gray metal cube,b_front,large,a_front,False,b_front,True,a_front,False,a_front,False,a_front,False,b_front,True
CLEVR_val_000287.png,small red metal cube,small yellow metal cube,a_front,small,b_front,False,a_front,True,b_front,False,b_front,False,a_front,True,b_front,False
CLEVR_val_000071.png,small gray metal cylinder,large red rubber cube,a_front,large,a_front,True,a_front,True,b_front,False,b_front,False,b_front,False,a_front,True
CLEVR_val_000170.png,small purple rubber sphere,small yellow metal sphere,a_front,small,b_front,False,a_front,True,b_front,False,b_front,False,a_front,True,b_front,False
CLEVR_val_000110.png,small purple metal cylinder,small brown rubber sphere,b_front,small,a_front,False,b_front,True,a_front,False,a_front,False,a_front,False,b_front,True
CLEVR_val_000102.png,small cyan metal cube,large brown rubber sphere,a_front,large,b_front,False,a_front,True,b_front,False,b_front,False,a_front,True,b_front,False
CLEVR_val_000020.png,large gray metal cube,small green rubber sphere,b_front,medium,a_front,False,b_front,True,a_front,False,a_front,False,a_front,False,b_front,True
CLEVR_val_000195.png,large green rubber sphere,large yellow rubber cube,a_front,small,b_front,False,a_front,True,b_front,False,b_front,False,b_front,False,a_front,True
CLEVR_val_000178.png,small yellow metal cube,small brown rubber sphere,b_front,large,a_front,False,b_front,True,a_front,False,a_front,False,a_front,False,b_front,True
CLEVR_val_000228.png,large gray rubber cylinder,large purple rubber cylinder,a_front,large,b_front,False,a_front,True,b_front,False,b_front,False,a_front,True,b_front,False
CLEVR_val_000137.png,small gray metal sphere,small yellow metal sphere,a_front,large,a_front,True,a_front,True,b_front,False,a_front,True,a_front,True,b_front,False
CLEVR_val_000229.png,small gray metal sphere,large brown metal cube,a_front,medium,b_front,False,a_front,True,b_front,False,b_front,False,b_front,False,a_front,True
CLEVR_val_000076.png,large yellow metal cylinder,large red rubber cube,b_front,large,a_front,False,b_front,True,a_front,False,a_front,False,b_front,True,a_front,False
CLEVR_val_000179.png,small gray metal sphere,large brown metal cube,b_front,large,b_front,True,b_front,True,a_front,False,b_front,True,a_front,False,b_front,True
CLEVR_val_000041.png,small gray metal sphere,small green rubber sphere,b_front,medium,a_front,False,b_front,True,a_front,False,a_front,False,a_front,False,b_front,True
CLEVR_val_000252.png,small blue rubber cube,large cyan metal cube,b_front,large,b_front,True,b_front,True,a_front,False,b_front,True,a_front,False,b_front,True
CLEVR_val_000157.png,large red rubber sphere,small brown metal cylinder,b_front,small,a_front,False,b_front,True,a_front,False,a_front,False,a_front,False,b_front,True
CLEVR_val_000200.png,small yellow rubber cube,large green metal sphere,a_front,small,b_front,False,a_front,True,b_front,False,b_front,False,a_front,True,b_front,False
CLEVR_val_000017.png,small brown rubber cylinder,small gray rubber cylinder,b_front,large,a_front,False,b_front,True,a_front,False,a_front,False,a_front,False,b_front,True
CLEVR_val_000195.png,large cyan metal sphere,large gray rubber cylinder,b_front,large,b_front,True,b_front,True,a_front,False,b_front,True,b_front,True,a_front,False
CLEVR_val_000236.png,small cyan rubber sphere,small yellow metal sphere,b_front,large,a_front,False,b_front,True,a_front,False,a_front,False,a_front,False,b_front,True
CLEVR_val_000196.png,large gray metal sphere,small yellow metal cube,a_front,large,b_front,False,a_front,True,b_front,False,a_front,True,a_front,True,b_front,False
CLEVR_val_000144.png,large yellow rubber sphere,large brown rubber cylinder,b_front,medium,a_front,False,b_front,True,a_front,False,a_front,False,a_front,False,b_front,True
CLEVR_val_000013.png,small cyan metal cylinder,large purple metal cube,a_front,large,b_front,False,a_front,True,b_front,False,b_front,False,b_front,False,a_front,True
CLEVR_val_000161.png,large green rubber cube,small blue rubber cube,a_front,large,a_front,True,a_front,True,b_front,False,a_front,True,b_front,False,a_front,True
CLEVR_val_000277.png,large brown rubber cylinder,small cyan metal sphere,a_front,large,b_front,False,a_front,True,b_front,False,a_front,True,b_front,False,a_front,True
CLEVR_val_000095.png,small yellow rubber cube,large yellow metal sphere,b_front,large,a_front,False,b_front,True,a_front,False,b_front,True,b_front,True,a_front,False
CLEVR_val_000126.png,small cyan metal cylinder,small red metal cube,a_front,large,b_front,False,a_front,True,b_front,False,b_front,False,b_front,False,a_front,True
CLEVR_val_000270.png,small red rubber cylinder,small gray metal cylinder,b_front,medium,a_front,False,b_front,True,a_front,False,a_front,False,a_front,False,b_front,True
CLEVR_val_000052.png,large cyan rubber cylinder,small gray rubber sphere,b_front,large,b_front,True,b_front,True,a_front,False,a_front,False,b_front,True,a_front,False
CLEVR_val_000244.png,large cyan rubber cube,large purple metal cube,a_front,medium,a_front,True,a_front,True,b_front,False,a_front,True,a_front,True,b_front,False
CLEVR_val_000244.png,large blue rubber sphere,large cyan metal cube,b_front,large,b_front,True,b_front,True,a_front,False,b_front,True,a_front,False,b_front,True
CLEVR_val_000155.png,large blue metal sphere,large purple metal cube,b_front,large,a_front,False,b_front,True,a_front,False,a_front,False,a_front,False,b_front,True
CLEVR_val_000188.png,small green rubber sphere,small red rubber sphere,a_front,large,b_front,False,a_front,True,b_front,False,b_front,False,a_front,True,b_front,False
CLEVR_val_000073.png,large purple rubber sphere,small purple metal sphere,a_front,large,a_front,True,a_front,True,b_front,False,a_front,True,a_front,True,b_front,False
CLEVR_val_000084.png,large brown metal sphere,small green rubber cube,b_front,large,b_front,True,b_front,True,a_front,False,a_front,False,b_front,True,a_front,False
CLEVR_val_000193.png,small gray rubber cylinder,small green metal sphere,a_front,large,a_front,True,a_front,True,b_front,False,a_front,True,a_front,True,b_front,False
CLEVR_val_000198.png,large red metal cube,small blue rubber cube,a_front,medium,b_front,False,a_front,True,b_front,False,a_front,True,a_front,True,b_front,False
CLEVR_val_000046.png,small blue metal sphere,small green rubber sphere,a_front,medium,a_front,True,a_front,True,b_front,False,a_front,True,b_front,False,a_front,True
CLEVR_val_000057.png,large red metal sphere,small gray metal cube,b_front,large,b_front,True,b_front,True,a_front,False,a_front,False,b_front,True,a_front,False
CLEVR_val_000135.png,small yellow metal cube,small blue rubber sphere,a_front,medium,a_front,True,a_front,True,b_front,False,a_front,True,a_front,True,b_front,False
CLEVR_val_000215.png,small gray metal cube,large brown rubber cube,b_front,medium,b_front,True,b_front,True,a_front,False,b_front,True,a_front,False,b_front,True
CLEVR_val_000182.png,large purple metal cube,small blue rubber cube,a_front,large,a_front,True,a_front,True,b_front,False,a_front,True,a_front,True,b_front,False
CLEVR_val_000240.png,large blue metal cube,large blue rubber cylinder,a_front,medium,b_front,False,a_front,True,b_front,False,b_front,False,a_front,True,b_front,False
CLEVR_val_000126.png,small gray rubber cylinder,small red metal cube,a_front,medium,a_front,True,a_front,True,b_front,False,a_front,True,b_front,False,a_front,True
CLEVR_val_000104.png,large brown metal sphere,small gray metal sphere,a_front,large,b_front,False,a_front,True,b_front,False,a_front,True,a_front,True,b_front,False
CLEVR_val_000001.png,large blue rubber cylinder,small yellow metal cube,a_front,large,a_front,True,a_front,True,b_front,False,a_front,True,b_front,False,a_front,True
CLEVR_val_000265.png,small purple rubber sphere,large gray metal sphere,b_front,medium,b_front,True,b_front,True,a_front,False,b_front,True,a_front,False,b_front,True
CLEVR_val_000015.png,small yellow rubber cube,large gray rubber sphere,a_front,medium,a_front,True,a_front,True,b_front,False,b_front,False,b_front,False,a_front,True
CLEVR_val_000222.png,large green rubber cylinder,large yellow metal cylinder,b_front,medium,b_front,True,b_front,True,a_front,False,b_front,True,a_front,False,b_front,True
CLEVR_val_000158.png,small cyan metal sphere,large green rubber cylinder,b_front,large,a_front,False,b_front,True,a_front,False,b_front,True,b_front,True,a_front,False
CLEVR_val_000216.png,small blue rubber cylinder,large green rubber cylinder,b_front,medium,b_front,True,b_front,True,a_front,False,b_front,True,b_front,True,a_front,False
CLEVR_val_000059.png,large green metal cube,large brown rubber sphere,b_front,large,a_front,False,b_front,True,a_front,False,a_front,False,a_front,False,b_front,True
CLEVR_val_000123.png,large cyan metal cylinder,small gray metal sphere,a_front,medium,b_front,False,b_front,False,b_front,False,a_front,True,b_front,False,a_front,True
CLEVR_val_000176.png,large brown metal sphere,small red metal sphere,b_front,large,a_front,False,b_front,True,a_front,False,a_front,False,b_front,True,a_front,False
CLEVR_val_000201.png,small blue metal cylinder,large green metal cylinder,a_front,medium,b_front,False,a_front,True,b_front,False,b_front,False,a_front,True,b_front,False
CLEVR_val_000017.png,small gray rubber sphere,small cyan metal cylinder,a_front,large,a_front,True,a_front,True,b_front,False,a_front,True,a_front,True,b_front,False
CLEVR_val_000221.png,small blue metal cylinder,small green metal sphere,b_front,large,b_front,True,b_front,True,a_front,False,b_front,True,b_front,True,a_front,False
CLEVR_val_000081.png,large green metal cylinder,large red rubber sphere,a_front,large,a_front,True,a_front,True,b_front,False,a_front,True,a_front,True,b_front,False
CLEVR_val_000052.png,small gray rubber sphere,small purple rubber cube,a_front,large,b_front,False,a_front,True,b_front,False,b_front,False,b_front,False,a_front,True
CLEVR_val_000174.png,small blue rubber cube,large purple rubber cylinder,a_front,medium,a_front,True,a_front,True,b_front,False,b_front,False,a_front,True,b_front,False
CLEVR_val_000001.png,large purple metal sphere,large gray metal cylinder,a_front,large,b_front,False,a_front,True,b_front,False,b_front,False,b_front,False,a_front,True
CLEVR_val_000030.png,large green rubber sphere,small purple metal cube,a_front,small,a_front,True,b_front,False,a_front,True,a_front,True,b_front,False,a_front,True
CLEVR_val_000020.png,small blue rubber sphere,small green rubber sphere,b_front,small,b_front,True,b_front,True,a_front,False,b_front,True,b_front,True,a_front,False
CLEVR_val_000254.png,large green metal cube,large yellow metal cube,a_front,medium,a_front,True,a_front,True,b_front,False,a_front,True,b_front,False,a_front,True
CLEVR_val_000000.png,large brown rubber cylinder,large gray rubber cube,b_front,large,b_front,True,b_front,True,a_front,False,b_front,True,a_front,False,b_front,True
CLEVR_val_000254.png,small cyan rubber cube,large brown rubber cylinder,b_front,large,a_front,False,b_front,True,a_front,False,b_front,True,a_front,False,b_front,True
CLEVR_val_000254.png,small yellow rubber sphere,large brown rubber cylinder,b_front,large,b_front,True,b_front,True,a_front,False,b_front,True,b_front,True,a_front,False
CLEVR_val_000064.png,large gray rubber cube,small purple rubber sphere,b_front,large,a_front,False,b_front,True,a_front,False,a_front,False,b_front,True,a_front,False
CLEVR_val_000168.png,large gray metal sphere,large gray metal cube,b_front,small,b_front,True,b_front,True,a_front,False,b_front,True,a_front,False,b_front,True
CLEVR_val_000232.png,small red metal cube,small cyan rubber sphere,b_front,medium,a_front,False,b_front,True,a_front,False,a_front,False,a_front,False,b_front,True
CLEVR_val_000245.png,small purple metal sphere,small blue metal cube,b_front,large,b_front,True,b_front,True,a_front,False,b_front,True,a_front,False,b_front,True
CLEVR_val_000244.png,small red metal cylinder,large blue rubber sphere,b_front,large,a_front,False,b_front,True,a_front,False,b_front,True,b_front,True,a_front,False
CLEVR_val_000279.png,large yellow rubber cylinder,small brown metal sphere,b_front,large,b_front,True,b_front,True,a_front,False,a_front,False,a_front,False,b_front,True
CLEVR_val_000096.png,small green metal cube,small purple rubber cube,b_front,small,a_front,False,b_front,True,a_front,False,a_front,False,b_front,True,a_front,False
CLEVR_val_000050.png,small cyan metal sphere,small gray metal sphere,b_front,small,b_front,True,b_front,True,a_front,False,b_front,True,a_front,False,b_front,True
CLEVR_val_000104.png,large cyan rubber sphere,large purple metal sphere,a_front,large,a_front,True,a_front,True,b_front,False,a_front,True,a_front,True,b_front,False
CLEVR_val_000181.png,small brown metal cylinder,small yellow metal cylinder,b_front,medium,b_front,True,b_front,True,a_front,False,b_front,True,b_front,True,a_front,False
CLEVR_val_000073.png,large cyan metal cylinder,large gray rubber sphere,b_front,large,a_front,False,b_front,True,a_front,False,a_front,False,b_front,True,a_front,False
CLEVR_val_000215.png,large yellow metal cube,small brown rubber sphere,b_front,small,b_front,True,b_front,True,a_front,False,a_front,False,a_front,False,b_front,True
CLEVR_val_000119.png,large gray rubber cube,small purple rubber sphere,a_front,large,a_front,True,a_front,True,b_front,False,a_front,True,b_front,False,a_front,True
CLEVR_val_000077.png,large cyan metal cube,small brown metal sphere,a_front,large,b_front,False,a_front,True,b_front,False,a_front,True,b_front,False,a_front,True
CLEVR_val_000261.png,large red metal cylinder,large yellow metal cylinder,a_front,small,a_front,True,a_front,True,b_front,False,a_front,True,b_front,False,a_front,True
CLEVR_val_000260.png,small blue metal cube,small cyan rubber cube,a_front,large,b_front,False,a_front,True,b_front,False,b_front,False,a_front,True,b_front,False
CLEVR_val_000084.png,small green rubber cylinder,large purple metal sphere,b_front,small,a_front,False,a_front,False,b_front,True,b_front,True,a_front,False,b_front,True
CLEVR_val_000170.png,small blue rubber cube,small brown metal cylinder,b_front,large,b_front,True,b_front,True,a_front,False,b_front,True,b_front,True,a_front,False
CLEVR_val_000156.png,small purple metal sphere,small red rubber cylinder,b_front,large,a_front,False,b_front,True,a_front,False,a_front,False,a_front,False,b_front,True
CLEVR_val_000109.png,small gray rubber cylinder,large cyan rubber sphere,a_front,medium,b_front,False,a_front,True,b_front,False,b_front,False,b_front,False,a_front,True
CLEVR_val_000051.png,small yellow rubber cylinder,large cyan rubber cylinder,a_front,medium,a_front,True,a_front,True,b_front,False,b_front,False,b_front,False,a_front,True
CLEVR_val_000084.png,small green rubber cube,large purple metal sphere,b_front,medium,b_front,True,b_front,True,a_front,False,b_front,True,a_front,False,b_front,True
CLEVR_val_000131.png,large purple rubber cube,small gray rubber cube,a_front,large,a_front,True,a_front,True,b_front,False,a_front,True,b_front,False,a_front,True
CLEVR_val_000171.png,small green metal cube,small brown rubber cylinder,b_front,large,b_front,True,b_front,True,a_front,False,b_front,True,a_front,False,b_front,True
CLEVR_val_000247.png,large cyan rubber cube,small blue metal cube,b_front,large,a_front,False,b_front,True,a_front,False,a_front,False,a_front,False,b_front,True
CLEVR_val_000059.png,large green metal cube,small purple rubber cylinder,b_front,large,b_front,True,b_front,True,a_front,False,a_front,False,a_front,False,b_front,True
CLEVR_val_000000.png,large purple metal sphere,small gray metal cube,b_front,large,a_front,False,b_front,True,a_front,False,a_front,False,a_front,False,b_front,True
CLEVR_val_000032.png,large brown rubber cylinder,small purple metal cylinder,b_front,large,b_front,True,b_front,True,a_front,False,a_front,False,a_front,False,b_front,True
CLEVR_val_000198.png,small green rubber cylinder,small blue metal cylinder,b_front,medium,a_front,False,b_front,True,a_front,False,a_front,False,b_front,True,a_front,False
CLEVR_val_000001.png,small blue metal cylinder,large blue metal cube,b_front,large,b_front,True,b_front,True,a_front,False,b_front,True,a_front,False,b_front,True
CLEVR_val_000107.png,large blue rubber cube,large gray rubber cube,b_front,large,a_front,False,b_front,True,a_front,False,a_front,False,a_front,False,b_front,True
CLEVR_val_000171.png,small green metal cube,large cyan rubber cylinder,a_front,large,b_front,False,a_front,True,b_front,False,b_front,False,a_front,True,b_front,False
CLEVR_val_000067.png,small cyan metal cylinder,small brown rubber sphere,a_front,medium,a_front,True,a_front,True,b_front,False,a_front,True,b_front,False,a_front,True
CLEVR_val_000068.png,large gray metal cube,small red rubber cylinder,b_front,large,b_front,True,b_front,True,a_front,False,a_front,False,b_front,True,a_front,False
CLEVR_val_000196.png,small blue metal cube,large red rubber cube,b_front,large,a_front,False,b_front,True,a_front,False,b_front,True,b_front,True,a_front,False
CLEVR_val_000043.png,small cyan rubber cylinder,large yellow rubber cylinder,b_front,large,b_front,True,b_front,True,a_front,False,b_front,True,b_front,True,a_front,False
CLEVR_val_000274.png,large cyan metal sphere,large yellow metal cube,a_front,large,a_front,True,a_front,True,b_front,False,a_front,True,a_front,True,b_front,False
CLEVR_val_000260.png,small yellow metal cube,small blue metal cube,b_front,medium,b_front,True,b_front,True,a_front,False,b_front,True,b_front,True,a_front,False
CLEVR_val_000163.png,small red metal cylinder,small cyan rubber cube,a_front,medium,a_front,True,a_front,True,b_front,False,a_front,True,a_front,True,b_front,False
CLEVR_val_000278.png,large blue metal cube,large red rubber sphere,a_front,small,b_front,False,a_front,True,b_front,False,b_front,False,b_front,False,a_front,True
CLEVR_val_000126.png,small green metal cube,small red metal cube,b_front,medium,a_front,False,b_front,True,a_front,False,a_front,False,b_front,True,a_front,False
CLEVR_val_000268.png,small red rubber sphere,large red rubber cylinder,a_front,large,b_front,False,a_front,True,b_front,False,b_front,False,b_front,False,a_front,True
CLEVR_val_000234.png,large green rubber cylinder,large gray metal cube,b_front,large,a_front,False,b_front,True,a_front,False,a_front,False,b_front,True,a_front,False
CLEVR_val_000225.png,small yellow rubber sphere,small gray metal cube,a_front,small,b_front,False,a_front,True,b_front,False,b_front,False,a_front,True,b_front,False
CLEVR_val_000181.png,large gray rubber sphere,large green metal cube,a_front,large,a_front,True,a_front,True,b_front,False,a_front,True,a_front,True,b_front,False
CLEVR_val_000255.png,large green metal cube,small cyan rubber cube,b_front,large,b_front,True,b_front,True,a_front,False,a_front,False,b_front,True,a_front,False
CLEVR_val_000104.png,small cyan rubber cube,large brown metal cube,a_front,large,a_front,True,a_front,True,b_front,False,b_front,False,b_front,False,a_front,True
CLEVR_val_000212.png,large cyan rubber cube,large yellow metal cube,b_front,small,b_front,True,b_front,True,a_front,False,b_front,True,a_front,False,b_front,True
CLEVR_val_000170.png,large green metal cylinder,small red rubber cube,a_front,large,a_front,True,a_front,True,b_front,False,a_front,True,b_front,False,a_front,True
CLEVR_val_000097.png,large purple rubber sphere,small purple metal sphere,b_front,large,b_front,True,b_front,True,a_front,False,a_front,False,a_front,False,b_front,True
CLEVR_val_000081.png,large purple rubber cylinder,small brown metal sphere,a_front,large,a_front,True,a_front,True,b_front,False,a_front,True,b_front,False,a_front,True
CLEVR_val_000110.png,small brown rubber cylinder,small brown rubber sphere,b_front,large,b_front,True,b_front,True,a_front,False,b_front,True,b_front,True,a_front,False
CLEVR_val_000064.png,small yellow rubber cube,small purple rubber sphere,b_front,medium,a_front,False,b_front,True,a_front,False,a_front,False,b_front,True,a_front,False
CLEVR_val_000181.png,small brown metal cylinder,small yellow rubber cylinder,b_front,small,b_front,True,b_front,True,a_front,False,b_front,True,b_front,True,a_front,False
CLEVR_val_000225.png,large gray rubber cube,small cyan rubber cube,a_front,large,a_front,True,a_front,True,b_front,False,a_front,True,a_front,True,b_front,False
CLEVR_val_000234.png,large green rubber cylinder,large cyan rubber cube,b_front,large,b_front,True,b_front,True,a_front,False,b_front,True,b_front,True,a_front,False
CLEVR_val_000244.png,large cyan rubber cube,large blue rubber sphere,a_front,medium,a_front,True,a_front,True,b_front,False,a_front,True,b_front,False,a_front,True
CLEVR_val_000073.png,small green metal sphere,small blue metal sphere,b_front,small,b_front,True,b_front,True,a_front,False,b_front,True,a_front,False,b_front,True
CLEVR_val_000189.png,large red rubber sphere,small brown metal cylinder,b_front,small,a_front,False,b_front,True,a_front,False,a_front,False,a_front,False,b_front,True
CLEVR_val_000146.png,small purple metal cylinder,large brown rubber cylinder,a_front,large,b_front,False,a_front,True,b_front,False,b_front,False,b_front,False,a_front,True
CLEVR_val_000217.png,small cyan metal cube,large brown rubber sphere,a_front,medium,a_front,True,a_front,True,b_front,False,b_front,False,b_front,False,a_front,True
CLEVR_val_000227.png,small red rubber cylinder,large yellow rubber cube,a_front,medium,b_front,False,a_front,True,b_front,False,b_front,False,b_front,False,a_front,True
CLEVR_val_000026.png,large red rubber cylinder,small purple rubber cylinder,b_front,large,a_front,False,b_front,True,a_front,False,a_front,False,b_front,True,a_front,False
CLEVR_val_000191.png,small yellow rubber sphere,large gray metal sphere,a_front,large,b_front,False,a_front,True,b_front,False,b_front,False,a_front,True,b_front,False
CLEVR_val_000078.png,large red metal cube,large gray rubber cylinder,a_front,large,a_front,True,a_front,True,b_front,False,a_front,True,b_front,False,a_front,True
CLEVR_val_000160.png,small green metal cube,large red rubber cylinder,a_front,large,b_front,False,a_front,True,b_front,False,b_front,False,a_front,True,b_front,False
CLEVR_val_000163.png,small green rubber cube,large blue rubber sphere,a_front,large,a_front,True,a_front,True,b_front,False,b_front,False,a_front,True,b_front,False
CLEVR_val_000273.png,small blue rubber sphere,large brown rubber cube,a_front,medium,b_front,False,a_front,True,b_front,False,b_front,False,b_front,False,a_front,True
CLEVR_val_000236.png,small cyan rubber sphere,large green metal cylinder,a_front,large,a_front,True,a_front,True,b_front,False,b_front,False,b_front,False,a_front,True
CLEVR_val_000222.png,small blue metal cube,large blue rubber sphere,a_front,large,b_front,False,a_front,True,b_front,False,b_front,False,a_front,True,b_front,False
CLEVR_val_000173.png,large purple rubber cube,large blue rubber cube,a_front,large,a_front,True,a_front,True,b_front,False,a_front,True,b_front,False,a_front,True
CLEVR_val_000195.png,small gray rubber sphere,large gray rubber cylinder,b_front,large,b_front,True,b_front,True,a_front,False,b_front,True,b_front,True,a_front,False
CLEVR_val_000071.png,small blue metal sphere,large gray rubber cylinder,a_front,medium,a_front,True,a_front,True,b_front,False,b_front,False,a_front,True,b_front,False
CLEVR_val_000074.png,large blue metal cube,small green metal cylinder,a_front,large,b_front,False,a_front,True,b_front,False,a_front,True,b_front,False,a_front,True
CLEVR_val_000026.png,large red rubber cylinder,large red metal cylinder,b_front,large,a_front,False,b_front,True,a_front,False,a_front,False,a_front,False,b_front,True
CLEVR_val_000005.png,large gray metal sphere,large yellow rubber sphere,b_front,medium,b_front,True,b_front,True,a_front,False,b_front,True,b_front,True,a_front,False
CLEVR_val_000173.png,small red metal cube,small cyan rubber cylinder,a_front,large,a_front,True,a_front,True,b_front,False,a_front,True,b_front,False,a_front,True
CLEVR_val_000237.png,small purple metal cube,large gray rubber cylinder,a_front,large,b_front,False,a_front,True,b_front,False,b_front,False,a_front,True,b_front,False
CLEVR_val_000268.png,large green metal cylinder,small red rubber sphere,a_front,medium,a_front,True,a_front,True,b_front,False,a_front,True,a_front,True,b_front,False
CLEVR_val_000020.png,large gray metal cube,small cyan metal cube,a_front,large,b_front,False,a_front,True,b_front,False,a_front,True,a_front,True,b_front,False
CLEVR_val_000001.png,large blue metal cube,small green metal cylinder,b_front,small,a_front,False,b_front,True,a_front,False,a_front,False,b_front,True,a_front,False
CLEVR_val_000092.png,large brown rubber sphere,small blue rubber cylinder,b_front,small,b_front,True,b_front,True,a_front,False,a_front,False,b_front,True,a_front,False
CLEVR_val_000144.png,large yellow rubber sphere,large gray rubber cylinder,a_front,large,a_front,True,a_front,True,b_front,False,a_front,True,a_front,True,b_front,False
CLEVR_val_000137.png,small green rubber sphere,large red metal cube,a_front,large,b_front,False,a_front,True,b_front,False,b_front,False,b_front,False,a_front,True
CLEVR_val_000157.png,large cyan rubber cylinder,small blue rubber cube,b_front,large,a_front,False,b_front,True,a_front,False,a_front,False,b_front,True,a_front,False
CLEVR_val_000222.png,small cyan metal sphere,large blue rubber sphere,a_front,large,b_front,False,a_front,True,b_front,False,b_front,False,b_front,False,a_front,True
CLEVR_val_000160.png,large red rubber cylinder,small brown rubber cylinder,a_front,medium,a_front,True,a_front,True,b_front,False,a_front,True,a_front,True,b_front,False
CLEVR_val_000142.png,small cyan metal cube,large yellow rubber sphere,b_front,large,b_front,True,b_front,True,a_front,False,b_front,True,b_front,True,a_front,False
CLEVR_val_000277.png,small cyan rubber sphere,large brown rubber sphere,b_front,small,a_front,False,b_front,True,a_front,False,b_front,True,b_front,True,a_front,False
CLEVR_val_000270.png,small blue rubber cube,small gray metal cylinder,b_front,large,b_front,True,b_front,True,a_front,False,b_front,True,a_front,False,b_front,True
CLEVR_val_000031.png,small green rubber cube,small cyan rubber cylinder,b_front,medium,a_front,False,b_front,True,a_front,False,a_front,False,b_front,True,a_front,False
CLEVR_val_000129.png,large red metal sphere,small brown metal cylinder,b_front,large,b_front,True,b_front,True,a_front,False,a_front,False,a_front,False,b_front,True
CLEVR_val_000112.png,small yellow metal cube,large gray metal cube,a_front,large,a_front,True,a_front,True,b_front,False,b_front,False,b_front,False,a_front,True
CLEVR_val_000126.png,large gray rubber cube,small green rubber cylinder,a_front,medium,b_front,False,a_front,True,b_front,False,a_front,True,a_front,True,b_front,False
CLEVR_val_000029.png,large yellow metal cube,large purple rubber sphere,a_front,medium,a_front,True,a_front,True,b_front,False,a_front,True,a_front,True,b_front,False
CLEVR_val_000222.png,small blue metal cube,small blue rubber sphere,a_front,medium,b_front,False,a_front,True,b_front,False,b_front,False,b_front,False,a_front,True
CLEVR_val_000104.png,large cyan rubber sphere,small gray rubber cube,b_front,large,a_front,False,b_front,True,a_front,False,a_front,False,a_front,False,b_front,True
CLEVR_val_000125.png,large blue metal cube,large green rubber sphere,a_front,large,b_front,False,a_front,True,b_front,False,b_front,False,a_front,True,b_front,False
CLEVR_val_000040.png,large yellow rubber sphere,small gray metal cube,a_front,small,a_front,True,b_front,False,a_front,True,a_front,True,a_front,True,b_front,False
CLEVR_val_000158.png,large gray metal sphere,large gray rubber cube,b_front,large,b_front,True,b_front,True,a_front,False,b_front,True,a_front,False,b_front,True
CLEVR_val_000272.png,large red rubber sphere,small purple metal sphere,b_front,large,a_front,False,b_front,True,a_front,False,a_front,False,a_front,False,b_front,True
CLEVR_val_000200.png,large purple metal cube,small cyan rubber cylinder,b_front,large,b_front,True,b_front,True,a_front,False,a_front,False,a_front,False,b_front,True
CLEVR_val_000228.png,small brown rubber sphere,small yellow metal cylinder,b_front,medium,a_front,False,b_front,True,a_front,False,a_front,False,b_front,True,a_front,False
CLEVR_val_000055.png,large green metal cube,small gray metal cube,b_front,large,b_front,True,b_front,True,a_front,False,a_front,False,a_front,False,b_front,True
CLEVR_val_000134.png,large cyan metal sphere,large red rubber sphere,a_front,large,a_front,True,a_front,True,b_front,False,a_front,True,b_front,False,a_front,True
CLEVR_val_000266.png,large brown rubber sphere,small blue metal cube,a_front,large,b_front,False,a_front,True,b_front,False,a_front,True,b_front,False,a_front,True
CLEVR_val_000037.png,small blue rubber sphere,small yellow metal sphere,b_front,medium,a_front,False,b_front,True,a_front,False,a_front,False,a_front,False,b_front,True
CLEVR_val_000095.png,small gray rubber cylinder,large purple rubber cylinder,b_front,medium,b_front,True,b_front,True,a_front,False,b_front,True,b_front,True,a_front,False
CLEVR_val_000196.png,small yellow rubber sphere,small purple rubber cube,b_front,large,a_front,False,b_front,True,a_front,False,a_front,False,b_front,True,a_front,False
CLEVR_val_000168.png,small red rubber sphere,small gray rubber sphere,a_front,large,b_front,False,a_front,True,b_front,False,b_front,False,a_front,True,b_front,False
CLEVR_val_000169.png,large brown metal sphere,large cyan metal sphere,b_front,medium,a_front,False,b_front,True,a_front,False,a_front,False,b_front,True,a_front,False
CLEVR_val_000125.png,large green rubber sphere,large purple rubber sphere,b_front,large,b_front,True,b_front,True,a_front,False,b_front,True,a_front,False,b_front,True
CLEVR_val_000077.png,small brown rubber sphere,large brown metal cylinder,a_front,small,a_front,True,a_front,True,b_front,False,b_front,False,b_front,False,a_front,True
CLEVR_val_000144.png,large brown metal cube,large gray rubber cylinder,a_front,large,b_front,False,a_front,True,b_front,False,b_front,False,a_front,True,b_front,False
CLEVR_val_000193.png,large gray metal cube,large green metal cube,b_front,medium,a_front,False,b_front,True,a_front,False,a_front,False,b_front,True,a_front,False
CLEVR_val_000057.png,small cyan metal sphere,small yellow metal cube,a_front,medium,b_front,False,a_front,True,b_front,False,b_front,False,b_front,False,a_front,True
CLEVR_val_000141.png,small blue metal cube,small cyan metal cylinder,a_front,small,a_front,True,a_front,True,b_front,False,a_front,True,a_front,True,b_front,False
CLEVR_val_000236.png,small brown metal cube,large green rubber cylinder,a_front,medium,b_front,False,a_front,True,b_front,False,b_front,False,a_front,True,b_front,False
CLEVR_val_000203.png,large yellow rubber sphere,small yellow rubber sphere,b_front,small,a_front,False,b_front,True,a_front,False,a_front,False,a_front,False,b_front,True
CLEVR_val_000080.png,large purple metal cylinder,large yellow rubber cylinder,b_front,large,b_front,True,b_front,True,a_front,False,b_front,True,a_front,False,b_front,True
CLEVR_val_000057.png,small cyan metal sphere,small cyan rubber cylinder,a_front,large,a_front,True,a_front,True,b_front,False,a_front,True,b_front,False,a_front,True
CLEVR_val_000077.png,large blue metal sphere,large brown metal cylinder,a_front,large,b_front,False,a_front,True,b_front,False,b_front,False,b_front,False,a_front,True
CLEVR_val_000023.png,small yellow metal sphere,small green rubber cube,a_front,large,a_front,True,a_front,True,b_front,False,a_front,True,a_front,True,b_front,False
CLEVR_val_000277.png,small brown rubber cylinder,large brown rubber cylinder,b_front,medium,b_front,True,b_front,True,a_front,False,b_front,True,a_front,False,b_front,True
CLEVR_val_000007.png,small cyan rubber cylinder,small gray rubber sphere,a_front,medium,a_front,True,a_front,True,b_front,False,a_front,True,a_front,True,b_front,False
CLEVR_val_000165.png,large cyan rubber sphere,small brown metal cylinder,b_front,large,b_front,True,b_front,True,a_front,False,a_front,False,a_front,False,b_front,True
CLEVR_val_000095.png,small gray rubber cylinder,small yellow metal cube,b_front,medium,a_front,False,b_front,True,a_front,False,a_front,False,a_front,False,b_front,True
CLEVR_val_000124.png,large brown metal cylinder,small purple rubber cylinder,a_front,medium,b_front,False,a_front,True,b_front,False,a_front,True,a_front,True,b_front,False
CLEVR_val_000030.png,small blue rubber cylinder,small yellow metal cube,b_front,medium,a_front,False,b_front,True,a_front,False,a_front,False,a_front,False,b_front,True
CLEVR_val_000236.png,small brown metal sphere,large green metal cylinder,a_front,large,b_front,False,a_front,True,b_front,False,b_front,False,a_front,True,b_front,False
CLEVR_val_000146.png,small purple metal cylinder,large gray metal cylinder,a_front,large,a_front,True,a_front,True,b_front,False,b_front,False,b_front,False,a_front,True
CLEVR_val_000077.png,large blue rubber cube,small brown metal cylinder,a_front,medium,b_front,False,a_front,True,b_front,False,a_front,True,a_front,True,b_front,False
CLEVR_val_000051.png,small yellow rubber cylinder,small red metal sphere,b_front,large,a_front,False,b_front,True,a_front,False,a_front,False,a_front,False,b_front,True
CLEVR_val_000196.png,small yellow rubber sphere,large green metal cube,b_front,small,b_front,True,a_front,False,b_front,True,b_front,True,a_front,False,b_front,True
CLEVR_val_000015.png,small red metal sphere,large gray rubber sphere,b_front,medium,a_front,False,b_front,True,a_front,False,b_front,True,a_front,False,b_front,True
CLEVR_val_000263.png,large cyan rubber cube,small yellow metal cylinder,a_front,medium,b_front,False,a_front,True,b_front,False,a_front,True,a_front,True,b_front,False
CLEVR_val_000024.png,small brown rubber cube,large blue metal cube,a_front,large,a_front,True,a_front,True,b_front,False,b_front,False,b_front,False,a_front,True
CLEVR_val_000080.png,large cyan rubber cube,large yellow rubber cylinder,b_front,large,b_front,True,b_front,True,a_front,False,b_front,True,b_front,True,a_front,False
CLEVR_val_000031.png,large blue metal cylinder,small green rubber cube,b_front,medium,a_front,False,b_front,True,a_front,False,a_front,False,a_front,False,b_front,True
CLEVR_val_000188.png,large gray metal cylinder,small purple rubber cylinder,b_front,large,b_front,True,b_front,True,a_front,False,a_front,False,b_front,True,a_front,False
CLEVR_val_000243.png,large yellow metal sphere,large brown metal cube,b_front,large,a_front,False,b_front,True,a_front,False,a_front,False,b_front,True,a_front,False
CLEVR_val_000157.png,large red rubber sphere,small green rubber cylinder,b_front,large,b_front,True,b_front,True,a_front,False,a_front,False,b_front,True,a_front,False
CLEVR_val_000191.png,large purple metal cylinder,small red rubber cylinder,a_front,large,a_front,True,a_front,True,b_front,False,a_front,True,a_front,True,b_front,False
CLEVR_val_000052.png,large cyan rubber cylinder,small purple rubber cube,a_front,small,b_front,False,b_front,False,a_front,True,a_front,True,b_front,False,a_front,True
CLEVR_val_000284.png,large green metal cylinder,small blue rubber cube,b_front,medium,a_front,False,b_front,True,a_front,False,a_front,False,a_front,False,b_front,True
CLEVR_val_000169.png,large brown metal sphere,large green metal cube,b_front,large,b_front,True,b_front,True,a_front,False,b_front,True,a_front,False,b_front,True
CLEVR_val_000180.png,small green metal sphere,large green rubber cylinder,b_front,small,a_front,False,a_front,False,b_front,True,b_front,True,b_front,True,a_front,False
CLEVR_val_000075.png,small purple rubber cylinder,small purple rubber sphere,a_front,large,b_front,False,a_front,True,b_front,False,b_front,False,b_front,False,a_front,True
CLEVR_val_000137.png,small gray metal sphere,small green rubber sphere,a_front,large,a_front,True,a_front,True,b_front,False,a_front,True,a_front,True,b_front,False
CLEVR_val_000191.png,small yellow rubber sphere,small brown metal cube,b_front,small,b_front,True,b_front,True,a_front,False,b_front,True,a_front,False,b_front,True
CLEVR_val_000053.png,small red rubber cube,small yellow metal cube,a_front,large,a_front,True,a_front,True,b_front,False,a_front,True,b_front,False,a_front,True
CLEVR_val_000025.png,small cyan metal cylinder,large green metal cylinder,b_front,medium,b_front,True,b_front,True,a_front,False,b_front,True,b_front,True,a_front,False
CLEVR_val_000152.png,small blue rubber cylinder,large red metal cylinder,a_front,medium,a_front,True,a_front,True,b_front,False,b_front,False,a_front,True,b_front,False
CLEVR_val_000137.png,small gray metal sphere,small purple metal cube,a_front,large,b_front,False,a_front,True,b_front,False,b_front,False,b_front,False,a_front,True
CLEVR_val_000066.png,large blue rubber cube,small yellow rubber sphere,b_front,large,a_front,False,b_front,True,a_front,False,a_front,False,b_front,True,a_front,False
CLEVR_val_000258.png,large gray rubber sphere,large yellow rubber cube,b_front,medium,b_front,True,b_front,True,a_front,False,b_front,True,a_front,False,b_front,True
CLEVR_val_000017.png,small gray rubber sphere,large brown rubber sphere,a_front,large,a_front,True,a_front,True,b_front,False,b_front,False,b_front,False,a_front,True
CLEVR_val_000286.png,small gray metal cube,large red metal cube,b_front,medium,b_front,True,b_front,True,a_front,False,b_front,True,b_front,True,a_front,False
CLEVR_val_000227.png,large yellow rubber cube,large gray metal cylinder,b_front,large,a_front,False,b_front,True,a_front,False,a_front,False,a_front,False,b_front,True
CLEVR_val_000160.png,small cyan metal sphere,large green metal cube,b_front,small,b_front,True,a_front,False,b_front,True,b_front,True,a_front,False,b_front,True
CLEVR_val_000042.png,small cyan rubber cube,large yellow rubber sphere,a_front,large,a_front,True,a_front,True,b_front,False,b_front,False,b_front,False,a_front,True
CLEVR_val_000144.png,large brown metal sphere,small purple metal sphere,a_front,large,b_front,False,a_front,True,b_front,False,a_front,True,b_front,False,a_front,True
CLEVR_val_000075.png,large blue rubber cube,large purple metal cylinder,a_front,large,a_front,True,a_front,True,b_front,False,a_front,True,b_front,False,a_front,True
CLEVR_val_000091.png,large gray metal cylinder,large green metal cube,a_front,large,b_front,False,a_front,True,b_front,False,b_front,False,a_front,True,b_front,False
CLEVR_val_000066.png,small green rubber cylinder,large green metal cylinder,b_front,medium,a_front,False,b_front,True,a_front,False,b_front,True,a_front,False,b_front,True
CLEVR_val_000035.png,large cyan rubber sphere,small brown rubber cylinder,a_front,medium,b_front,False,a_front,True,b_front,False,a_front,True,b_front,False,a_front,True
CLEVR_val_000027.png,large cyan metal cylinder,small purple rubber cube,b_front,large,a_front,False,b_front,True,a_front,False,a_front,False,a_front,False,b_front,True
CLEVR_val_000002.png,small green metal sphere,large yellow rubber cube,b_front,small,b_front,True,a_front,False,b_front,True,b_front,True,b_front,True,a_front,False
CLEVR_val_000129.png,large red metal sphere,large cyan rubber cube,a_front,medium,a_front,True,a_front,True,b_front,False,a_front,True,a_front,True,b_front,False
CLEVR_val_000255.png,large green metal cube,small blue rubber sphere,b_front,large,b_front,True,b_front,True,a_front,False,a_front,False,b_front,True,a_front,False
CLEVR_val_000155.png,large blue metal cylinder,large purple metal sphere,b_front,large,a_front,False,b_front,True,a_front,False,a_front,False,b_front,True,a_front,False
CLEVR_val_000230.png,large gray metal sphere,large red metal sphere,b_front,small,b_front,True,b_front,True,a_front,False,b_front,True,a_front,False,b_front,True
CLEVR_val_000230.png,large yellow metal cube,small green metal cylinder,a_front,medium,a_front,True,a_front,True,b_front,False,a_front,True,b_front,False,a_front,True
CLEVR_val_000234.png,large gray metal cube,small green rubber sphere,a_front,medium,b_front,False,a_front,True,b_front,False,a_front,True,a_front,True,b_front,False
CLEVR_val_000196.png,small blue metal cube,small brown rubber sphere,b_front,large,a_front,False,b_front,True,a_front,False,a_front,False,a_front,False,b_front,True
CLEVR_val_000071.png,small red metal cube,small green rubber sphere,b_front,large,b_front,True,b_front,True,a_front,False,b_front,True,b_front,True,a_front,False
CLEVR_val_000057.png,large gray metal cube,small cyan rubber cylinder,a_front,large,a_front,True,a_front,True,b_front,False,a_front,True,b_front,False,a_front,True
CLEVR_val_000081.png,small cyan metal sphere,large blue metal cylinder,a_front,medium,b_front,False,a_front,True,b_front,False,b_front,False,b_front,False,a_front,True
CLEVR_val_000105.png,small blue metal cube,large brown rubber cube,a_front,large,a_front,True,a_front,True,b_front,False,b_front,False,b_front,False,a_front,True
CLEVR_val_000030.png,large green rubber sphere,small blue rubber cylinder,b_front,medium,b_front,True,b_front,True,a_front,False,a_front,False,b_front,True,a_front,False
CLEVR_val_000035.png,small green metal cylinder,large cyan rubber cylinder,b_front,large,a_front,False,b_front,True,a_front,False,b_front,True,a_front,False,b_front,True
CLEVR_val_000130.png,large brown metal cylinder,small green rubber cylinder,a_front,small,b_front,False,b_front,False,a_front,True,a_front,True,b_front,False,a_front,True
CLEVR_val_000232.png,large purple metal sphere,small purple metal cube,b_front,large,a_front,False,b_front,True,a_front,False,a_front,False,b_front,True,a_front,False
CLEVR_val_000110.png,small brown rubber cylinder,small yellow metal cylinder,b_front,medium,b_front,True,b_front,True,a_front,False,b_front,True,b_front,True,a_front,False
CLEVR_val_000061.png,small brown metal cylinder,small purple metal sphere,b_front,large,a_front,False,b_front,True,a_front,False,a_front,False,b_front,True,a_front,False
CLEVR_val_000134.png,large green metal sphere,large brown metal cylinder,a_front,medium,b_front,False,a_front,True,b_front,False,b_front,False,a_front,True,b_front,False
CLEVR_val_000102.png,small red rubber cube,small blue rubber cylinder,b_front,large,a_front,False,b_front,True,a_front,False,a_front,False,a_front,False,b_front,True
CLEVR_val_000265.png,large gray metal sphere,large blue metal cube,b_front,large,b_front,True,b_front,True,a_front,False,b_front,True,a_front,False,b_front,True
CLEVR_val_000102.png,small yellow metal cylinder,small gray metal sphere,a_front,large,a_front,True,a_front,True,b_front,False,a_front,True,b_front,False,a_front,True
CLEVR_val_000266.png,small brown metal cylinder,small gray rubber cube,a_front,large,b_front,False,a_front,True,b_front,False,b_front,False,b_front,False,a_front,True
CLEVR_val_000125.png,small brown rubber sphere,large green rubber sphere,a_front,medium,a_front,True,a_front,True,b_front,False,b_front,False,a_front,True,b_front,False
CLEVR_val_000062.png,small green rubber sphere,large yellow metal sphere,a_front,medium,b_front,False,a_front,True,b_front,False,b_front,False,b_front,False,a_front,True
CLEVR_val_000277.png,large purple rubber sphere,large gray metal sphere,a_front,medium,a_front,True,a_front,True,b_front,False,a_front,True,a_front,True,b_front,False
CLEVR_val_000252.png,small green rubber cube,large cyan metal cube,b_front,large,b_front,True,b_front,True,a_front,False,b_front,True,a_front,False,b_front,True
CLEVR_val_000210.png,small cyan metal sphere,small yellow rubber sphere,a_front,large,a_front,True,a_front,True,b_front,False,a_front,True,a_front,True,b_front,False
CLEVR_val_000218.png,small brown metal sphere,small red metal sphere,a_front,medium,b_front,False,a_front,True,b_front,False,b_front,False,a_front,True,b_front,False
CLEVR_val_000022.png,large blue metal sphere,large yellow metal cube,a_front,small,a_front,True,a_front,True,b_front,False,a_front,True,a_front,True,b_front,False
CLEVR_val_000217.png,small cyan metal cube,large purple rubber sphere,b_front,large,b_front,True,b_front,True,a_front,False,b_front,True,b_front,True,a_front,False
CLEVR_val_000238.png,small purple rubber cylinder,small red rubber cube,b_front,small,a_front,False,b_front,True,a_front,False,a_front,False,b_front,True,a_front,False
CLEVR_val_000106.png,small cyan rubber sphere,large green rubber cube,b_front,large,b_front,True,b_front,True,a_front,False,b_front,True,a_front,False,b_front,True
CLEVR_val_000198.png,large blue rubber sphere,large gray rubber cylinder,b_front,large,a_front,False,b_front,True,a_front,False,a_front,False,b_front,True,a_front,False
CLEVR_val_000215.png,small yellow rubber cylinder,small brown rubber sphere,a_front,small,b_front,False,a_front,True,b_front,False,b_front,False,a_front,True,b_front,False
CLEVR_val_000234.png,small green rubber sphere,large gray rubber cube,a_front,large,a_front,True,a_front,True,b_front,False,b_front,False,b_front,False,a_front,True
CLEVR_val_000031.png,small yellow rubber sphere,small blue rubber cube,a_front,large,b_front,False,a_front,True,b_front,False,b_front,False,b_front,False,a_front,True
CLEVR_val_000250.png,small brown rubber sphere,small yellow metal cube,b_front,small,a_front,False,b_front,True,a_front,False,a_front,False,a_front,False,b_front,True
CLEVR_val_000137.png,small brown metal sphere,small gray metal sphere,b_front,large,b_front,True,b_front,True,a_front,False,b_front,True,a_front,False,b_front,True
CLEVR_val_000140.png,small purple rubber cylinder,large brown rubber cylinder,b_front,large,a_front,False,b_front,True,a_front,False,b_front,True,b_front,True,a_front,False
CLEVR_val_000142.png,small green metal cylinder,large yellow rubber sphere,b_front,large,b_front,True,b_front,True,a_front,False,b_front,True,a_front,False,b_front,True
CLEVR_val_000023.png,large brown metal sphere,small yellow metal cylinder,b_front,medium,a_front,False,b_front,True,a_front,False,a_front,False,a_front,False,b_front,True
CLEVR_val_000158.png,small purple metal cylinder,large purple rubber sphere,b_front,medium,b_front,True,b_front,True,a_front,False,b_front,True,a_front,False,b_front,True
CLEVR_val_000228.png,small brown rubber cube,small blue metal cube,b_front,large,a_front,False,b_front,True,a_front,False,a_front,False,a_front,False,b_front,True
CLEVR_val_000072.png,small purple metal cylinder,large purple rubber sphere,b_front,medium,b_front,True,b_front,True,a_front,False,b_front,True,b_front,True,a_front,False
CLEVR_val_000097.png,large brown metal cylinder,small purple metal sphere,b_front,large,a_front,False,b_front,True,a_front,False,a_front,False,a_front,False,b_front,True
CLEVR_val_000163.png,small purple metal cylinder,small cyan rubber cube,a_front,small,b_front,False,a_front,True,b_front,False,b_front,False,a_front,True,b_front,False
CLEVR_val_000169.png,small yellow rubber cylinder,large green metal cube,b_front,large,a_front,False,b_front,True,a_front,False,b_front,True,a_front,False,b_front,True
CLEVR_val_000255.png,small blue rubber sphere,large green metal cylinder,a_front,large,b_front,False,a_front,True,b_front,False,b_front,False,a_front,True,b_front,False
CLEVR_val_000190.png,large brown rubber sphere,small cyan metal cube,a_front,large,a_front,True,a_front,True,b_front,False,a_front,True,a_front,True,b_front,False
CLEVR_val_000033.png,small red metal sphere,small green metal cube,a_front,large,b_front,False,a_front,True,b_front,False,b_front,False,b_front,False,a_front,True
CLEVR_val_000182.png,large purple metal cube,small red metal cube,b_front,large,a_front,False,b_front,True,a_front,False,a_front,False,a_front,False,b_front,True
CLEVR_val_000076.png,large gray rubber cube,large blue rubber cube,a_front,small,b_front,False,a_front,True,b_front,False,b_front,False,b_front,False,a_front,True
CLEVR_val_000161.png,large purple metal sphere,small blue rubber cube,b_front,medium,a_front,False,b_front,True,a_front,False,a_front,False,b_front,True,a_front,False
CLEVR_val_000086.png,small brown metal cube,large purple rubber cylinder,a_front,large,b_front,False,a_front,True,b_front,False,b_front,False,b_front,False,a_front,True
CLEVR_val_000043.png,small yellow rubber cube,small gray rubber sphere,a_front,medium,a_front,True,a_front,True,b_front,False,a_front,True,b_front,False,a_front,True
CLEVR_val_000208.png,small green metal cylinder,small green rubber cylinder,b_front,large,b_front,True,b_front,True,a_front,False,b_front,True,b_front,True,a_front,False
CLEVR_val_000182.png,large brown metal cube,small blue rubber cube,a_front,large,a_front,True,a_front,True,b_front,False,a_front,True,b_front,False,a_front,True
CLEVR_val_000204.png,small brown metal sphere,small blue metal sphere,a_front,large,b_front,False,a_front,True,b_front,False,b_front,False,b_front,False,a_front,True
CLEVR_val_000244.png,large blue metal cylinder,large cyan rubber cube,b_front,large,a_front,False,b_front,True,a_front,False,a_front,False,b_front,True,a_front,False
CLEVR_val_000108.png,small gray rubber cylinder,small green rubber cube,a_front,large,b_front,False,a_front,True,b_front,False,b_front,False,a_front,True,b_front,False
CLEVR_val_000098.png,large cyan metal sphere,large blue rubber sphere,a_front,medium,a_front,True,a_front,True,b_front,False,a_front,True,a_front,True,b_front,False
CLEVR_val_000287.png,large gray metal cylinder,small yellow metal cube,b_front,medium,b_front,True,b_front,True,a_front,False,a_front,False,a_front,False,b_front,True
CLEVR_val_000031.png,small yellow rubber sphere,small cyan rubber cylinder,b_front,small,a_front,False,b_front,True,a_front,False,a_front,False,b_front,True,a_front,False
CLEVR_val_000107.png,large blue rubber cylinder,small blue rubber sphere,a_front,large,b_front,False,a_front,True,b_front,False,a_front,True,b_front,False,a_front,True
CLEVR_val_000174.png,small blue rubber cube,small green metal cube,a_front,large,a_front,True,a_front,True,b_front,False,a_front,True,a_front,True,b_front,False
CLEVR_val_000151.png,small cyan rubber cylinder,small yellow rubber cube,b_front,large,b_front,True,b_front,True,a_front,False,b_front,True,a_front,False,b_front,True
CLEVR_val_000287.png,large gray metal cylinder,large blue metal sphere,b_front,large,a_front,False,b_front,True,a_front,False,a_front,False,b_front,True,a_front,False
CLEVR_val_000244.png,large red rubber cube,large blue rubber sphere,b_front,medium,b_front,True,b_front,True,a_front,False,b_front,True,b_front,True,a_front,False
CLEVR_val_000240.png,large cyan metal cube,large purple metal cylinder,b_front,large,a_front,False,b_front,True,a_front,False,a_front,False,a_front,False,b_front,True
CLEVR_val_000165.png,large cyan rubber sphere,small blue metal sphere,a_front,medium,b_front,False,a_front,True,b_front,False,a_front,True,a_front,True,b_front,False
CLEVR_val_000222.png,small yellow metal cube,large blue rubber sphere,a_front,medium,a_front,True,a_front,True,b_front,False,b_front,False,b_front,False,a_front,True
CLEVR_val_000198.png,small green rubber cylinder,small green metal cylinder,a_front,medium,b_front,False,a_front,True,b_front,False,b_front,False,a_front,True,b_front,False
CLEVR_val_000162.png,large blue rubber cylinder,large purple metal cylinder,a_front,medium,a_front,True,a_front,True,b_front,False,a_front,True,a_front,True,b_front,False
CLEVR_val_000246.png,small green rubber cylinder,large cyan rubber cylinder,b_front,small,b_front,True,a_front,False,b_front,True,b_front,True,b_front,True,a_front,False
CLEVR_val_000268.png,small red rubber sphere,small yellow metal sphere,a_front,medium,a_front,True,a_front,True,b_front,False,a_front,True,b_front,False,a_front,True
CLEVR_val_000125.png,large blue metal cube,small brown rubber cube,a_front,large,b_front,False,a_front,True,b_front,False,a_front,True,a_front,True,b_front,False
CLEVR_val_000001.png,large purple metal sphere,small cyan rubber cylinder,b_front,medium,a_front,False,b_front,True,a_front,False,a_front,False,b_front,True,a_front,False
CLEVR_val_000156.png,small blue metal cube,large yellow rubber cube,a_front,large,b_front,False,a_front,True,b_front,False,b_front,False,b_front,False,a_front,True
CLEVR_val_000138.png,small yellow rubber cube,large purple rubber cylinder,b_front,large,a_front,False,b_front,True,a_front,False,b_front,True,b_front,True,a_front,False
CLEVR_val_000008.png,small gray metal sphere,small brown rubber sphere,b_front,medium,b_front,True,b_front,True,a_front,False,b_front,True,a_front,False,b_front,True
CLEVR_val_000041.png,small gray metal sphere,small gray rubber cylinder,b_front,large,a_front,False,b_front,True,a_front,False,a_front,False,a_front,False,b_front,True
CLEVR_val_000236.png,small green metal sphere,large red rubber sphere,a_front,medium,b_front,False,a_front,True,b_front,False,b_front,False,a_front,True,b_front,False
CLEVR_val_000102.png,small green rubber cylinder,small blue rubber cylinder,b_front,large,a_front,False,b_front,True,a_front,False,a_front,False,a_front,False,b_front,True
CLEVR_val_000172.png,small blue metal sphere,small gray metal cube,a_front,large,b_front,False,a_front,True,b_front,False,b_front,False,b_front,False,a_front,True
CLEVR_val_000110.png,large red metal sphere,large purple metal cube,a_front,large,a_front,True,a_front,True,b_front,False,a_front,True,a_front,True,b_front,False
CLEVR_val_000084.png,large yellow metal cylinder,large purple metal sphere,b_front,large,b_front,True,b_front,True,a_front,False,b_front,True,a_front,False,b_front,True
CLEVR_val_000119.png,large purple rubber cube,small red metal cube,b_front,medium,a_front,False,b_front,True,a_front,False,a_front,False,a_front,False,b_front,True
CLEVR_val_000201.png,small yellow metal sphere,small yellow rubber sphere,a_front,medium,b_front,False,a_front,True,b_front,False,b_front,False,a_front,True,b_front,False
CLEVR_val_000121.png,large purple metal sphere,small cyan metal cylinder,a_front,large,a_front,True,a_front,True,b_front,False,a_front,True,a_front,True,b_front,False
CLEVR_val_000236.png,small yellow metal sphere,small brown metal sphere,a_front,large,b_front,False,a_front,True,b_front,False,b_front,False,b_front,False,a_front,True
CLEVR_val_000028.png,large purple metal sphere,large yellow rubber sphere,b_front,large,a_front,False,b_front,True,a_front,False,a_front,False,a_front,False,b_front,True
CLEVR_val_000270.png,small brown metal cube,large gray rubber cylinder,a_front,medium,b_front,False,a_front,True,b_front,False,b_front,False,b_front,False,a_front,True
CLEVR_val_000236.png,large green metal cylinder,small blue rubber cylinder,a_front,medium,a_front,True,a_front,True,a_front,True,a_front,True,a_front,True,b_front,False
CLEVR_val_000175.png,small red rubber cylinder,large gray rubber cube,a_front,small,b_front,False,a_front,True,b_front,False,b_front,False,a_front,True,b_front,False
CLEVR_val_000070.png,small gray metal cube,large purple rubber cylinder,a_front,large,a_front,True,a_front,True,b_front,False,b_front,False,b_front,False,a_front,True
CLEVR_val_000156.png,large red metal cylinder,small purple metal sphere,a_front,large,b_front,False,a_front,True,b_front,False,a_front,True,b_front,False,a_front,True
CLEVR_val_000127.png,large purple rubber cylinder,large cyan metal cylinder,b_front,medium,a_front,False,b_front,True,a_front,False,a_front,False,b_front,True,a_front,False
CLEVR_val_000130.png,small yellow metal cube,small green rubber cylinder,a_front,large,b_front,False,a_front,True,b_front,False,b_front,False,b_front,False,a_front,True
CLEVR_val_000002.png,large purple metal cube,large yellow rubber cube,b_front,large,a_front,False,b_front,True,a_front,False,a_front,False,b_front,True,a_front,False
CLEVR_val_000013.png,large purple metal cube,small gray rubber cube,b_front,large,b_front,True,b_front,True,a_front,False,a_front,False,a_front,False,b_front,True
CLEVR_val_000222.png,small blue rubber sphere,small yellow metal cube,a_front,large,a_front,True,a_front,True,b_front,False,a_front,True,a_front,True,b_front,False
CLEVR_val_000189.png,small red metal sphere,small gray metal cylinder,b_front,large,b_front,True,b_front,True,a_front,False,b_front,True,a_front,False,b_front,True
CLEVR_val_000222.png,large green rubber cylinder,small yellow metal cube,a_front,medium,a_front,True,b_front,False,a_front,True,a_front,True,a_front,True,b_front,False
CLEVR_val_000175.png,large blue metal cube,small red rubber cylinder,b_front,medium,b_front,True,b_front,True,a_front,False,a_front,False,a_front,False,b_front,True
CLEVR_val_000075.png,small purple rubber sphere,small cyan rubber cube,b_front,large,a_front,False,b_front,True,a_front,False,a_front,False,a_front,False,b_front,True
CLEVR_val_000041.png,large brown metal cube,large red metal sphere,a_front,large,b_front,False,a_front,True,b_front,False,b_front,False,a_front,True,b_front,False
CLEVR_val_000020.png,large blue rubber cube,small blue rubber sphere,a_front,large,a_front,True,a_front,True,b_front,False,a_front,True,a_front,True,b_front,False
CLEVR_val_000146.png,small red metal sphere,small cyan rubber cube,a_front,small,b_front,False,a_front,True,b_front,False,b_front,False,b_front,False,a_front,True
CLEVR_val_000273.png,small cyan metal sphere,small blue metal cube,a_front,large,a_front,True,a_front,True,b_front,False,a_front,True,b_front,False,a_front,True
CLEVR_val_000031.png,large blue metal cylinder,large gray metal cube,b_front,small,b_front,True,b_front,True,a_front,False,b_front,True,a_front,False,b_front,True
CLEVR_val_000191.png,small yellow metal cube,large purple metal cylinder,b_front,medium,a_front,False,b_front,True,a_front,False,b_front,True,a_front,False,b_front,True
CLEVR_val_000228.png,small blue metal cube,large purple rubber cylinder,a_front,large,b_front,False,a_front,True,b_front,False,b_front,False,a_front,True,b_front,False
CLEVR_val_000165.png,large cyan rubber cube,large brown metal cube,a_front,large,a_front,True,a_front,True,b_front,False,a_front,True,b_front,False,a_front,True
CLEVR_val_000125.png,small brown rubber cube,large green rubber sphere,a_front,large,b_front,False,a_front,True,b_front,False,b_front,False,b_front,False,a_front,True
CLEVR_val_000039.png,large red rubber sphere,large brown metal cube,a_front,large,a_front,True,a_front,True,b_front,False,a_front,True,a_front,True,b_front,False
CLEVR_val_000222.png,large green rubber cylinder,large blue rubber sphere,a_front,large,b_front,False,a_front,True,b_front,False,b_front,False,a_front,True,b_front,False
CLEVR_val_000227.png,large yellow rubber cube,small red metal cube,b_front,large,a_front,False,b_front,True,a_front,False,a_front,False,b_front,True,a_front,False
CLEVR_val_000137.png,small green rubber sphere,large yellow rubber sphere,b_front,medium,b_front,True,b_front,True,a_front,False,b_front,True,b_front,True,a_front,False
CLEVR_val_000049.png,large blue metal sphere,large yellow metal sphere,a_front,small,a_front,True,a_front,True,b_front,False,a_front,True,b_front,False,a_front,True
CLEVR_val_000130.png,large purple rubber cube,small yellow metal cube,b_front,large,b_front,True,b_front,True,a_front,False,a_front,False,b_front,True,a_front,False
CLEVR_val_000287.png,large blue metal sphere,small yellow metal cube,a_front,medium,a_front,True,a_front,True,b_front,False,a_front,True,a_front,True,b_front,False
CLEVR_val_000075.png,large yellow rubber cylinder,small brown metal cube,b_front,large,b_front,True,b_front,True,a_front,False,a_front,False,b_front,True,a_front,False
CLEVR_val_000198.png,small green metal cylinder,small cyan metal cube,b_front,large,a_front,False,b_front,True,a_front,False,a_front,False,a_front,False,b_front,True
CLEVR_val_000195.png,large gray rubber cylinder,large yellow rubber cube,a_front,large,b_front,False,a_front,True,b_front,False,b_front,False,b_front,False,a_front,True
CLEVR_val_000056.png,small red rubber sphere,large blue rubber cube,a_front,large,a_front,True,a_front,True,b_front,False,b_front,False,a_front,True,b_front,False
CLEVR_val_000166.png,large green rubber cube,small cyan metal cylinder,b_front,small,b_front,True,b_front,True,a_front,False,a_front,False,a_front,False,b_front,True
CLEVR_val_000283.png,large brown metal cylinder,large red rubber cube,a_front,large,a_front,True,a_front,True,b_front,False,a_front,True,b_front,False,a_front,True
CLEVR_val_000074.png,small green metal cylinder,large brown rubber sphere,b_front,large,b_front,True,b_front,True,a_front,False,b_front,True,b_front,True,a_front,False
CLEVR_val_000125.png,large blue metal cube,large green rubber cube,a_front,large,a_front,True,a_front,True,b_front,False,a_front,True,b_front,False,a_front,True
CLEVR_val_000091.png,large green metal cube,small blue metal sphere,b_front,small,b_front,True,b_front,True,a_front,False,a_front,False,b_front,True,a_front,False
CLEVR_val_000146.png,large gray metal cylinder,small gray metal sphere,b_front,large,a_front,False,b_front,True,a_front,False,a_front,False,b_front,True,a_front,False
CLEVR_val_000160.png,large green metal cube,small blue rubber sphere,b_front,large,b_front,True,b_front,True,a_front,False,a_front,False,b_front,True,a_front,False
CLEVR_val_000178.png,large cyan metal cube,small brown rubber sphere,a_front,small,a_front,True,b_front,False,a_front,True,a_front,True,a_front,True,b_front,False
CLEVR_val_000106.png,small cyan rubber sphere,large blue metal cube,b_front,large,b_front,True,b_front,True,a_front,False,b_front,True,a_front,False,b_front,True
CLEVR_val_000139.png,small blue metal cylinder,large gray metal sphere,b_front,medium,a_front,False,b_front,True,a_front,False,b_front,True,a_front,False,b_front,True
CLEVR_val_000201.png,large cyan rubber sphere,small gray rubber cube,a_front,large,b_front,False,a_front,True,b_front,False,a_front,True,b_front,False,a_front,True
CLEVR_val_000248.png,small green metal sphere,small cyan rubber cylinder,a_front,medium,a_front,True,a_front,True,b_front,False,a_front,True,a_front,True,b_front,False
CLEVR_val_000160.png,small green metal cube,small blue metal cylinder,a_front,medium,b_front,False,a_front,True,b_front,False,b_front,False,b_front,False,a_front,True
CLEVR_val_000012.png,large brown metal cylinder,large red rubber cube,a_front,medium,a_front,True,a_front,True,b_front,False,a_front,True,a_front,True,b_front,False
CLEVR_val_000015.png,large gray metal cylinder,small red metal sphere,b_front,large,b_front,True,b_front,True,a_front,False,a_front,False,b_front,True,a_front,False
CLEVR_val_000098.png,large blue metal cylinder,large blue rubber sphere,a_front,large,a_front,True,a_front,True,b_front,False,a_front,True,b_front,False,a_front,True
CLEVR_val_000241.png,large green metal cylinder,small gray rubber sphere,b_front,large,b_front,True,b_front,True,a_front,False,a_front,False,a_front,False,b_front,True
CLEVR_val_000232.png,large purple metal sphere,large gray rubber cube,a_front,large,a_front,True,a_front,True,b_front,False,a_front,True,b_front,False,a_front,True
CLEVR_val_000006.png,large blue metal cube,small gray rubber sphere,b_front,large,b_front,True,b_front,True,a_front,False,a_front,False,b_front,True,a_front,False
CLEVR_val_000110.png,small yellow metal cylinder,large cyan rubber sphere,b_front,medium,a_front,False,b_front,True,a_front,False,b_front,True,b_front,True,a_front,False
CLEVR_val_000219.png,large red metal cube,large blue metal cylinder,a_front,large,b_front,False,a_front,True,b_front,False,b_front,False,b_front,False,a_front,True
CLEVR_val_000245.png,small gray metal sphere,large cyan metal cube,a_front,large,a_front,True,a_front,True,b_front,False,b_front,False,b_front,False,a_front,True
CLEVR_val_000192.png,small purple rubber sphere,small purple rubber cube,b_front,medium,b_front,True,b_front,True,a_front,False,b_front,True,a_front,False,b_front,True
CLEVR_val_000063.png,large gray metal cylinder,small brown metal sphere,a_front,large,a_front,True,a_front,True,b_front,False,a_front,True,b_front,False,a_front,True
CLEVR_val_000072.png,large cyan metal cube,large blue metal cylinder,a_front,small,b_front,False,a_front,True,b_front,False,b_front,False,a_front,True,b_front,False
CLEVR_val_000013.png,small red metal cube,large gray metal cylinder,a_front,small,a_front,True,a_front,True,b_front,False,b_front,False,a_front,True,b_front,False
CLEVR_val_000218.png,small green metal sphere,small red metal sphere,a_front,large,b_front,False,a_front,True,b_front,False,b_front,False,b_front,False,a_front,True
CLEVR_val_000201.png,small blue metal cylinder,large brown metal cube,a_front,medium,a_front,True,a_front,True,b_front,False,b_front,False,b_front,False,a_front,True
CLEVR_val_000287.png,large gray metal cylinder,small blue metal cylinder,b_front,medium,b_front,True,b_front,True,a_front,False,a_front,False,b_front,True,a_front,False
CLEVR_val_000032.png,small cyan metal cylinder,large yellow rubber sphere,b_front,medium,a_front,False,a_front,False,b_front,True,b_front,True,b_front,True,a_front,False
CLEVR_val_000247.png,large cyan rubber cube,small red metal cube,b_front,large,b_front,True,b_front,True,a_front,False,a_front,False,b_front,True,a_front,False
CLEVR_val_000170.png,small cyan metal cylinder,small yellow metal sphere,a_front,large,a_front,True,a_front,True,b_front,False,a_front,True,b_front,False,a_front,True
CLEVR_val_000152.png,small blue rubber cube,large red metal cylinder,a_front,large,b_front,False,a_front,True,b_front,False,b_front,False,a_front,True,b_front,False
CLEVR_val_000244.png,large blue rubber cube,large blue rubber sphere,a_front,medium,a_front,True,a_front,True,b_front,False,a_front,True,b_front,False,a_front,True
CLEVR_val_000126.png,small cyan metal cylinder,small gray rubber cylinder,a_front,medium,b_front,False,a_front,True,b_front,False,b_front,False,a_front,True,b_front,False
CLEVR_val_000168.png,small red rubber cube,large gray metal cube,a_front,small,a_front,True,a_front,True,b_front,False,b_front,False,a_front,True,b_front,False
CLEVR_val_000232.png,small cyan rubber sphere,small purple metal cube,b_front,large,b_front,True,b_front,True,a_front,False,b_front,True,a_front,False,b_front,True
CLEVR_val_000261.png,small cyan rubber sphere,small green rubber cylinder,b_front,medium,a_front,False,b_front,True,a_front,False,a_front,False,b_front,True,a_front,False
CLEVR_val_000162.png,large brown rubber cube,large red metal cube,a_front,medium,b_front,False,a_front,True,b_front,False,b_front,False,a_front,True,b_front,False
CLEVR_val_000110.png,small purple metal cylinder,small yellow metal cylinder,a_front,large,a_front,True,a_front,True,b_front,False,a_front,True,a_front,True,b_front,False
CLEVR_val_000232.png,small brown metal sphere,large gray rubber cube,a_front,medium,b_front,False,a_front,True,b_front,False,b_front,False,a_front,True,b_front,False
CLEVR_val_000003.png,small yellow rubber sphere,small brown rubber cylinder,a_front,large,a_front,True,a_front,True,b_front,False,a_front,True,b_front,False,a_front,True
CLEVR_val_000169.png,large cyan metal sphere,large cyan rubber sphere,a_front,large,b_front,False,a_front,True,b_front,False,b_front,False,b_front,False,a_front,True
CLEVR_val_000165.png,large blue metal cylinder,large cyan rubber cube,a_front,large,a_front,True,a_front,True,b_front,False,a_front,True,a_front,True,b_front,False
CLEVR_val_000189.png,large brown rubber cylinder,large red rubber sphere,a_front,large,b_front,False,a_front,True,b_front,False,b_front,False,a_front,True,b_front,False
CLEVR_val_000002.png,large purple metal cube,large yellow metal sphere,a_front,medium,a_front,True,a_front,True,b_front,False,a_front,True,b_front,False,a_front,True
CLEVR_val_000178.png,large cyan metal cube,large green rubber sphere,a_front,large,b_front,False,a_front,True,b_front,False,b_front,False,b_front,False,a_front,True
CLEVR_val_000080.png,large red metal cube,small cyan metal sphere,a_front,large,a_front,True,a_front,True,b_front,False,a_front,True,b_front,False,a_front,True
CLEVR_val_000247.png,large brown metal cylinder,large green metal cylinder,b_front,small,b_front,True,b_front,True,a_front,False,b_front,True,a_front,False,b_front,True
CLEVR_val_000273.png,large gray metal sphere,small blue rubber sphere,b_front,large,a_front,False,b_front,True,a_front,False,a_front,False,b_front,True,a_front,False
CLEVR_val_000144.png,large yellow rubber sphere,small purple metal sphere,a_front,medium,b_front,False,a_front,True,b_front,False,a_front,True,b_front,False,a_front,True
CLEVR_val_000187.png,large green metal cylinder,small green metal cube,a_front,medium,a_front,True,a_front,True,b_front,False,a_front,True,b_front,False,a_front,True
CLEVR_val_000049.png,large blue metal sphere,large purple metal cylinder,a_front,large,b_front,False,a_front,True,b_front,False,b_front,False,b_front,False,a_front,True
CLEVR_val_000157.png,small green rubber cylinder,small blue rubber cube,b_front,medium,a_front,False,b_front,True,a_front,False,a_front,False,a_front,False,b_front,True
CLEVR_val_000024.png,large purple metal cylinder,small yellow metal cylinder,b_front,large,b_front,True,b_front,True,a_front,False,a_front,False,b_front,True,a_front,False
CLEVR_val_000244.png,small red metal cylinder,small yellow metal cylinder,b_front,large,a_front,False,b_front,True,a_front,False,a_front,False,a_front,False,b_front,True
CLEVR_val_000030.png,large cyan rubber cube,small purple metal cube,a_front,large,b_front,False,a_front,True,b_front,False,a_front,True,a_front,True,b_front,False
CLEVR_val_000114.png,small brown rubber cube,small yellow metal sphere,a_front,large,a_front,True,a_front,True,b_front,False,a_front,True,b_front,False,a_front,True
CLEVR_val_000217.png,small red metal cube,large purple rubber sphere,b_front,medium,b_front,True,b_front,True,a_front,False,b_front,True,a_front,False,b_front,True
CLEVR_val_000030.png,small blue rubber cylinder,small cyan rubber sphere,b_front,large,a_front,False,b_front,True,a_front,False,a_front,False,a_front,False,b_front,True
CLEVR_val_000056.png,large cyan metal cube,small brown rubber sphere,b_front,large,b_front,True,b_front,True,a_front,False,a_front,False,b_front,True,a_front,False
CLEVR_val_000104.png,small cyan rubber cube,large purple metal sphere,a_front,large,a_front,True,a_front,True,b_front,False,b_front,False,b_front,False,a_front,True
CLEVR_val_000266.png,small purple rubber sphere,large cyan rubber cylinder,b_front,large,b_front,True,b_front,True,a_front,False,b_front,True,b_front,True,a_front,False
CLEVR_val_000232.png,large cyan metal sphere,small red metal cube,a_front,large,a_front,True,a_front,True,b_front,False,a_front,True,b_front,False,a_front,True
CLEVR_val_000130.png,large purple rubber cube,small brown rubber cube,b_front,large,b_front,True,b_front,True,a_front,False,a_front,False,b_front,True,a_front,False
CLEVR_val_000122.png,small yellow metal sphere,small yellow rubber cube,a_front,large,a_front,True,a_front,True,b_front,False,a_front,True,b_front,False,a_front,True
CLEVR_val_000055.png,small green metal sphere,small gray metal cube,b_front,large,b_front,True,b_front,True,a_front,False,b_front,True,b_front,True,a_front,False
CLEVR_val_000104.png,small cyan rubber cube,small gray metal sphere,a_front,medium,a_front,True,a_front,True,b_front,False,a_front,True,a_front,True,b_front,False
CLEVR_val_000085.png,small green rubber cube,small purple rubber sphere,a_front,large,b_front,False,a_front,True,b_front,False,b_front,False,b_front,False,a_front,True
CLEVR_val_000240.png,small purple metal sphere,large blue rubber cube,b_front,large,a_front,False,b_front,True,a_front,False,b_front,True,a_front,False,b_front,True
CLEVR_val_000043.png,small cyan rubber cylinder,small gray rubber sphere,b_front,large,b_front,True,b_front,True,a_front,False,b_front,True,a_front,False,b_front,True
CLEVR_val_000055.png,small cyan rubber cylinder,small gray metal cube,b_front,large,a_front,False,b_front,True,a_front,False,a_front,False,a_front,False,b_front,True
CLEVR_val_000191.png,large gray metal sphere,large purple metal cylinder,b_front,large,b_front,True,b_front,True,a_front,False,b_front,True,b_front,True,a_front,False
CLEVR_val_000188.png,small red rubber sphere,large gray metal cylinder,a_front,medium,a_front,True,a_front,True,b_front,False,b_front,False,a_front,True,b_front,False
CLEVR_val_000270.png,small brown metal cube,small yellow metal cylinder,b_front,large,b_front,True,b_front,True,a_front,False,b_front,True,b_front,True,a_front,False
CLEVR_val_000196.png,small purple rubber cube,small brown rubber sphere,a_front,medium,a_front,True,a_front,True,b_front,False,a_front,True,a_front,True,b_front,False
CLEVR_val_000125.png,small brown rubber sphere,large blue metal cube,b_front,large,b_front,True,b_front,True,a_front,False,b_front,True,b_front,True,a_front,False
CLEVR_val_000113.png,large cyan rubber cube,small green metal cylinder,b_front,medium,a_front,False,b_front,True,a_front,False,a_front,False,b_front,True,a_front,False
CLEVR_val_000102.png,small blue rubber cylinder,small blue metal cube,a_front,medium,b_front,False,a_front,True,b_front,False,b_front,False,a_front,True,b_front,False
CLEVR_val_000215.png,large blue rubber cylinder,large yellow rubber cylinder,a_front,large,a_front,True,a_front,True,b_front,False,a_front,True,b_front,False,a_front,True
CLEVR_val_000261.png,large blue rubber sphere,large red metal cylinder,b_front,large,b_front,True,b_front,True,a_front,False,b_front,True,b_front,True,a_front,False
CLEVR_val_000124.png,small red rubber cube,small purple rubber cylinder,b_front,small,a_front,False,b_front,True,a_front,False,a_front,False,a_front,False,b_front,True
CLEVR_val_000044.png,small cyan metal cylinder,small green rubber cylinder,a_front,large,b_front,False,a_front,True,b_front,False,b_front,False,a_front,True,b_front,False
CLEVR_val_000191.png,large purple rubber sphere,large gray metal sphere,a_front,large,a_front,True,a_front,True,b_front,False,a_front,True,b_front,False,a_front,True
CLEVR_val_000165.png,large cyan rubber sphere,small gray metal cylinder,b_front,large,b_front,True,b_front,True,a_front,False,a_front,False,a_front,False,b_front,True
CLEVR_val_000232.png,small cyan rubber sphere,small brown metal sphere,a_front,large,a_front,True,a_front,True,b_front,False,a_front,True,a_front,True,b_front,False
CLEVR_val_000261.png,large blue rubber sphere,small green rubber cylinder,b_front,large,b_front,True,b_front,True,a_front,False,a_front,False,b_front,True,a_front,False
CLEVR_val_000067.png,large gray metal sphere,small brown rubber sphere,a_front,large,a_front,True,a_front,True,b_front,False,a_front,True,b_front,False,a_front,True
CLEVR_val_000030.png,large cyan rubber cube,small blue rubber cylinder,a_front,large,b_front,False,a_front,True,b_front,False,a_front,True,b_front,False,a_front,True
CLEVR_val_000160.png,large cyan rubber cube,small blue rubber sphere,b_front,medium,a_front,False,b_front,True,a_front,False,a_front,False,b_front,True,a_front,False
CLEVR_val_000044.png,small gray rubber sphere,small cyan metal cylinder,b_front,large,b_front,True,b_front,True,a_front,False,b_front,True,b_front,True,a_front,False
CLEVR_val_000173.png,large blue rubber cube,large yellow metal sphere,b_front,large,a_front,False,b_front,True,a_front,False,a_front,False,a_front,False,b_front,True
CLEVR_val_000237.png,small purple metal cube,small red rubber cylinder,a_front,medium,b_front,False,a_front,True,b_front,False,b_front,False,a_front,True,b_front,False
CLEVR_val_000043.png,small gray rubber sphere,large red rubber sphere,b_front,medium,a_front,False,b_front,True,a_front,False,b_front,True,a_front,False,b_front,True
CLEVR_val_000121.png,small purple rubber cube,small cyan metal cylinder,a_front,large,b_front,False,a_front,True,b_front,False,b_front,False,a_front,True,b_front,False
CLEVR_val_000193.png,large gray metal cube,large cyan rubber cube,b_front,large,a_front,False,b_front,True,a_front,False,a_front,False,b_front,True,a_front,False
CLEVR_val_000170.png,small cyan metal cylinder,small red rubber cube,a_front,large,b_front,False,a_front,True,b_front,False,b_front,False,a_front,True,b_front,False
CLEVR_val_000173.png,small red metal cube,large blue rubber cube,a_front,large,a_front,True,a_front,True,b_front,False,b_front,False,b_front,False,a_front,True
CLEVR_val_000173.png,large green metal sphere,large yellow metal sphere,a_front,medium,b_front,False,a_front,True,b_front,False,b_front,False,a_front,True,b_front,False
CLEVR_val_000161.png,large purple metal sphere,large cyan metal sphere,b_front,large,a_front,False,b_front,True,a_front,False,a_front,False,b_front,True,a_front,False
CLEVR_val_000144.png,small cyan rubber cube,large yellow rubber sphere,b_front,large,b_front,True,b_front,True,a_front,False,b_front,True,b_front,True,a_front,False
CLEVR_val_000183.png,small brown rubber cube,small purple rubber cylinder,a_front,large,a_front,True,a_front,True,b_front,False,a_front,True,b_front,False,a_front,True
CLEVR_val_000274.png,small red rubber cube,small purple rubber cube,b_front,medium,b_front,True,b_front,True,a_front,False,b_front,True,a_front,False,b_front,True
CLEVR_val_000073.png,small green metal sphere,large gray rubber sphere,b_front,large,a_front,False,b_front,True,a_front,False,b_front,True,b_front,True,a_front,False
CLEVR_val_000196.png,large red rubber cube,small brown rubber sphere,a_front,large,b_front,False,a_front,True,b_front,False,a_front,True,a_front,True,b_front,False
CLEVR_val_000156.png,small gray metal cylinder,large green rubber cube,a_front,large,a_front,True,a_front,True,b_front,False,b_front,False,b_front,False,a_front,True
CLEVR_val_000284.png,small red rubber cylinder,small blue rubber cube,a_front,medium,b_front,False,a_front,True,b_front,False,b_front,False,a_front,True,b_front,False
CLEVR_val_000023.png,large brown rubber cube,large gray metal cylinder,b_front,medium,a_front,False,b_front,True,a_front,False,a_front,False,b_front,True,a_front,False
CLEVR_val_000254.png,large brown rubber cylinder,large red rubber cube,a_front,medium,b_front,False,a_front,True,b_front,False,b_front,False,b_front,False,a_front,True
CLEVR_val_000041.png,large gray rubber sphere,large yellow metal sphere,b_front,medium,a_front,False,b_front,True,a_front,False,a_front,False,b_front,True,a_front,False
CLEVR_val_000131.png,small brown metal cube,small red rubber sphere,b_front,large,b_front,True,b_front,True,a_front,False,b_front,True,a_front,False,b_front,True
CLEVR_val_000165.png,large red metal cube,small brown metal cylinder,a_front,medium,a_front,True,a_front,True,b_front,False,a_front,True,a_front,True,b_front,False
CLEVR_val_000017.png,small cyan metal cylinder,small yellow metal cylinder,b_front,large,b_front,True,b_front,True,a_front,False,b_front,True,b_front,True,a_front,False
CLEVR_val_000129.png,large red rubber cylinder,large red metal sphere,a_front,medium,a_front,True,a_front,True,b_front,False,a_front,True,b_front,False,a_front,True
CLEVR_val_000241.png,small purple metal cube,small yellow rubber cube,b_front,large,b_front,True,b_front,True,a_front,False,b_front,True,a_front,False,b_front,True
CLEVR_val_000218.png,large green metal sphere,large green metal cube,a_front,large,a_front,True,a_front,True,b_front,False,a_front,True,b_front,False,a_front,True
CLEVR_val_000041.png,small gray metal sphere,large brown metal cube,b_front,large,b_front,True,b_front,True,a_front,False,b_front,True,b_front,True,a_front,False
CLEVR_val_000057.png,small cyan metal sphere,large gray metal cube,b_front,medium,a_front,False,b_front,True,a_front,False,b_front,True,b_front,True,a_front,False
CLEVR_val_000170.png,small brown metal cylinder,small yellow metal sphere,a_front,medium,b_front,False,a_front,True,b_front,False,b_front,False,a_front,True,b_front,False
CLEVR_val_000117.png,large yellow rubber sphere,small brown metal cube,a_front,large,a_front,True,a_front,True,b_front,False,a_front,True,a_front,True,b_front,False
CLEVR_val_000003.png,small yellow rubber sphere,large blue metal cylinder,a_front,large,b_front,False,a_front,True,b_front,False,b_front,False,a_front,True,b_front,False
CLEVR_val_000161.png,large green metal cylinder,large brown rubber sphere,b_front,medium,a_front,False,b_front,True,a_front,False,a_front,False,a_front,False,b_front,True
CLEVR_val_000168.png,small brown rubber sphere,small cyan rubber sphere,b_front,large,b_front,True,b_front,True,a_front,False,b_front,True,b_front,True,a_front,False
CLEVR_val_000134.png,large cyan metal sphere,large gray rubber cube,a_front,large,a_front,True,a_front,True,b_front,False,a_front,True,b_front,False,a_front,True
CLEVR_val_000146.png,small gray metal cube,small purple metal cylinder,b_front,large,b_front,True,b_front,True,a_front,False,b_front,True,a_front,False,b_front,True
CLEVR_val_000178.png,large blue rubber sphere,small red metal cylinder,a_front,large,a_front,True,a_front,True,b_front,False,a_front,True,a_front,True,b_front,False
CLEVR_val_000160.png,large yellow metal cylinder,small green metal cube,a_front,medium,b_front,False,a_front,True,b_front,False,a_front,True,b_front,False,a_front,True
CLEVR_val_000165.png,large cyan rubber sphere,large brown metal cube,a_front,large,a_front,True,a_front,True,b_front,False,a_front,True,a_front,True,b_front,False
CLEVR_val_000025.png,small cyan metal cylinder,large gray metal cylinder,b_front,small,b_front,True,a_front,False,b_front,True,b_front,True,b_front,True,a_front,False
CLEVR_val_000172.png,large green metal sphere,small blue metal sphere,b_front,large,a_front,False,b_front,True,a_front,False,a_front,False,b_front,True,a_front,False
CLEVR_val_000170.png,small blue rubber cube,small cyan metal cylinder,b_front,large,b_front,True,b_front,True,a_front,False,b_front,True,b_front,True,a_front,False
CLEVR_val_000266.png,small purple rubber sphere,small blue metal cube,a_front,medium,a_front,True,a_front,True,b_front,False,a_front,True,b_front,False,a_front,True
CLEVR_val_000157.png,small cyan rubber cube,small brown rubber cylinder,b_front,medium,b_front,True,b_front,True,a_front,False,b_front,True,b_front,True,a_front,False
CLEVR_val_000082.png,small gray rubber cylinder,small red metal cube,a_front,large,a_front,True,a_front,True,b_front,False,a_front,True,a_front,True,b_front,False
CLEVR_val_000086.png,large purple rubber cylinder,large cyan rubber cylinder,b_front,medium,b_front,True,b_front,True,a_front,False,b_front,True,b_front,True,a_front,False
CLEVR_val_000023.png,small green rubber cube,small yellow metal cylinder,b_front,large,a_front,False,b_front,True,a_front,False,a_front,False,b_front,True,a_front,False
CLEVR_val_000020.png,small purple rubber sphere,small blue rubber sphere,b_front,medium,b_front,True,b_front,True,a_front,False,b_front,True,a_front,False,b_front,True
CLEVR_val_000195.png,small gray rubber sphere,large green rubber sphere,a_front,medium,a_front,True,a_front,True,b_front,False,b_front,False,b_front,False,a_front,True
CLEVR_val_000002.png,large yellow metal sphere,small brown metal cylinder,b_front,medium,b_front,True,b_front,True,a_front,False,a_front,False,b_front,True,a_front,False
CLEVR_val_000000.png,large gray rubber cube,small green rubber cylinder,a_front,large,a_front,True,a_front,True,b_front,False,a_front,True,b_front,False,a_front,True
CLEVR_val_000201.png,small purple metal cylinder,small yellow rubber sphere,b_front,medium,b_front,True,b_front,True,a_front,False,b_front,True,b_front,True,a_front,False
CLEVR_val_000164.png,small brown metal sphere,small purple metal cylinder,b_front,large,a_front,False,b_front,True,a_front,False,a_front,False,a_front,False,b_front,True
CLEVR_val_000225.png,small yellow rubber sphere,small red rubber cube,b_front,medium,b_front,True,b_front,True,a_front,False,b_front,True,a_front,False,b_front,True
CLEVR_val_000147.png,small red metal sphere,large purple rubber cylinder,b_front,large,a_front,False,b_front,True,a_front,False,b_front,True,b_front,True,a_front,False
CLEVR_val_000227.png,small red rubber cube,large green metal cylinder,a_front,large,b_front,False,a_front,True,b_front,False,b_front,False,a_front,True,b_front,False
CLEVR_val_000061.png,small green metal cylinder,small brown rubber cube,a_front,medium,a_front,True,a_front,True,b_front,False,a_front,True,a_front,True,b_front,False
CLEVR_val_000287.png,small brown rubber sphere,small red metal cube,b_front,large,b_front,True,b_front,True,a_front,False,b_front,True,a_front,False,b_front,True
CLEVR_val_000168.png,small brown rubber sphere,small red rubber cube,b_front,large,a_front,False,b_front,True,a_front,False,a_front,False,a_front,False,b_front,True
CLEVR_val_000032.png,small green metal cylinder,large yellow rubber sphere,a_front,large,b_front,False,a_front,True,b_front,False,b_front,False,b_front,False,a_front,True
CLEVR_val_000029.png,large purple rubber sphere,small gray rubber sphere,a_front,medium,a_front,True,b_front,False,a_front,True,a_front,True,a_front,True,b_front,False
CLEVR_val_000201.png,small yellow metal sphere,large cyan rubber sphere,a_front,small,b_front,False,a_front,True,b_front,False,b_front,False,a_front,True,b_front,False
CLEVR_val_000068.png,large purple metal cylinder,small red metal cube,b_front,medium,a_front,False,b_front,True,a_front,False,a_front,False,b_front,True,a_front,False
CLEVR_val_000157.png,large cyan metal cylinder,large green rubber cylinder,a_front,large,b_front,False,a_front,True,b_front,False,b_front,False,b_front,False,a_front,True
CLEVR_val_000095.png,large yellow metal sphere,large purple rubber cylinder,a_front,large,a_front,True,a_front,True,b_front,False,a_front,True,b_front,False,a_front,True
CLEVR_val_000033.png,small blue rubber cube,small yellow metal sphere,a_front,medium,b_front,False,a_front,True,b_front,False,b_front,False,b_front,False,a_front,True
CLEVR_val_000193.png,large yellow rubber cube,small green metal sphere,a_front,large,a_front,True,a_front,True,b_front,False,a_front,True,a_front,True,b_front,False
CLEVR_val_000148.png,small gray rubber sphere,small red metal cylinder,a_front,large,b_front,False,a_front,True,b_front,False,b_front,False,b_front,False,a_front,True
CLEVR_val_000064.png,small yellow rubber cube,large purple metal sphere,a_front,large,a_front,True,a_front,True,b_front,False,b_front,False,b_front,False,a_front,True
CLEVR_val_000287.png,small green rubber cube,large green metal cylinder,a_front,large,b_front,False,a_front,True,b_front,False,b_front,False,a_front,True,b_front,False
CLEVR_val_000191.png,small yellow rubber sphere,small red metal sphere,a_front,large,a_front,True,a_front,True,b_front,False,a_front,True,b_front,False,a_front,True
CLEVR_val_000137.png,small green rubber sphere,small purple metal cube,a_front,small,b_front,False,a_front,True,b_front,False,b_front,False,b_front,False,a_front,True
CLEVR_val_000170.png,small cyan metal cylinder,large red metal cylinder,b_front,medium,a_front,False,b_front,True,a_front,False,b_front,True,b_front,True,a_front,False
CLEVR_val_000131.png,large purple rubber cube,small red rubber sphere,a_front,large,b_front,False,a_front,True,b_front,False,a_front,True,a_front,True,b_front,False
CLEVR_val_000255.png,large blue rubber cube,large gray rubber sphere,b_front,large,a_front,False,b_front,True,a_front,False,a_front,False,a_front,False,b_front,True
CLEVR_val_000188.png,large brown rubber cylinder,large purple metal cylinder,a_front,small,b_front,False,a_front,True,b_front,False,b_front,False,a_front,True,b_front,False
CLEVR_val_000077.png,large purple rubber sphere,small brown metal cylinder,b_front,small,a_front,False,b_front,True,a_front,False,a_front,False,b_front,True,a_front,False
CLEVR_val_000221.png,small blue metal cylinder,small gray rubber cylinder,b_front,large,b_front,True,b_front,True,a_front,False,b_front,True,b_front,True,a_front,False
CLEVR_val_000047.png,large purple metal sphere,small red metal cube,a_front,small,a_front,True,b_front,False,a_front,True,a_front,True,b_front,False,a_front,True
CLEVR_val_000169.png,small blue rubber cube,large green metal cube,a_front,medium,b_front,False,a_front,True,b_front,False,b_front,False,a_front,True,b_front,False
CLEVR_val_000215.png,large yellow metal cube,small yellow metal sphere,a_front,large,a_front,True,a_front,True,b_front,False,a_front,True,b_front,False,a_front,True
CLEVR_val_000020.png,small blue rubber sphere,large cyan rubber cylinder,a_front,medium,b_front,False,a_front,True,b_front,False,b_front,False,b_front,False,a_front,True
CLEVR_val_000181.png,large gray rubber sphere,small yellow metal cylinder,b_front,large,a_front,False,b_front,True,a_front,False,a_front,False,a_front,False,b_front,True
CLEVR_val_000277.png,large brown rubber cylinder,large gray metal sphere,a_front,large,b_front,False,a_front,True,b_front,False,b_front,False,b_front,False,a_front,True
CLEVR_val_000161.png,large green metal cylinder,small gray metal cylinder,b_front,small,a_front,False,b_front,True,a_front,False,a_front,False,a_front,False,b_front,True
CLEVR_val_000218.png,small green metal sphere,small brown metal sphere,a_front,small,b_front,False,a_front,True,b_front,False,b_front,False,b_front,False,a_front,True
CLEVR_val_000047.png,large cyan rubber cylinder,large green metal cylinder,a_front,large,a_front,True,a_front,True,b_front,False,a_front,True,a_front,True,b_front,False
CLEVR_val_000240.png,small purple metal sphere,large purple metal cylinder,b_front,large,b_front,True,b_front,True,a_front,False,b_front,True,a_front,False,b_front,True
CLEVR_val_000033.png,small red metal sphere,small cyan rubber sphere,b_front,medium,a_front,False,b_front,True,a_front,False,a_front,False,b_front,True,a_front,False
CLEVR_val_000234.png,large gray rubber cube,large cyan rubber cube,b_front,large,b_front,True,b_front,True,a_front,False,b_front,True,b_front,True,a_front,False
CLEVR_val_000098.png,large blue rubber sphere,small blue metal sphere,b_front,large,a_front,False,b_front,True,a_front,False,a_front,False,a_front,False,b_front,True
CLEVR_val_000060.png,small blue rubber sphere,large blue metal sphere,b_front,medium,b_front,True,a_front,False,b_front,True,b_front,True,b_front,True,a_front,False
CLEVR_val_000122.png,small yellow metal sphere,small gray metal cube,a_front,large,a_front,True,a_front,True,b_front,False,a_front,True,a_front,True,b_front,False
CLEVR_val_000281.png,small yellow rubber cube,small blue metal cube,a_front,medium,b_front,False,a_front,True,b_front,False,b_front,False,a_front,True,b_front,False
CLEVR_val_000095.png,small yellow metal cube,small brown metal cube,a_front,large,a_front,True,a_front,True,b_front,False,a_front,True,b_front,False,a_front,True
CLEVR_val_000070.png,small brown metal cylinder,large purple rubber cylinder,a_front,large,b_front,False,a_front,True,b_front,False,b_front,False,b_front,False,a_front,True
CLEVR_val_000228.png,small red metal cylinder,small brown rubber sphere,b_front,large,a_front,False,b_front,True,a_front,False,a_front,False,a_front,False,b_front,True
CLEVR_val_000049.png,small green metal cube,large yellow metal cylinder,b_front,large,b_front,True,b_front,True,a_front,False,b_front,True,b_front,True,a_front,False
CLEVR_val_000144.png,large brown metal sphere,large yellow rubber sphere,a_front,large,a_front,True,a_front,True,b_front,False,a_front,True,b_front,False,a_front,True
CLEVR_val_000143.png,large brown metal cylinder,small blue rubber sphere,a_front,medium,b_front,False,a_front,True,b_front,False,a_front,True,a_front,True,b_front,False
CLEVR_val_000146.png,small red rubber cylinder,small yellow metal sphere,a_front,large,a_front,True,a_front,True,b_front,False,a_front,True,b_front,False,a_front,True
CLEVR_val_000234.png,large cyan rubber cube,large cyan metal sphere,a_front,large,b_front,False,a_front,True,b_front,False,b_front,False,b_front,False,a_front,True
CLEVR_val_000225.png,large yellow rubber sphere,small gray metal cube,b_front,medium,a_front,False,b_front,True,a_front,False,a_front,False,a_front,False,b_front,True
CLEVR_val_000134.png,large red rubber sphere,large green metal sphere,b_front,large,b_front,True,b_front,True,a_front,False,b_front,True,b_front,True,a_front,False
CLEVR_val_000198.png,small green metal cylinder,large gray rubber cylinder,b_front,large,a_front,False,b_front,True,a_front,False,b_front,True,b_front,True,a_front,False
CLEVR_val_000164.png,small gray metal cube,large cyan metal cylinder,b_front,large,b_front,True,b_front,True,a_front,False,b_front,True,a_front,False,b_front,True
CLEVR_val_000215.png,large brown rubber cube,large yellow rubber cylinder,a_front,small,a_front,True,a_front,True,b_front,False,a_front,True,b_front,False,a_front,True
CLEVR_val_000227.png,large yellow rubber cube,small red rubber cube,b_front,large,b_front,True,b_front,True,a_front,False,a_front,False,b_front,True,a_front,False
CLEVR_val_000030.png,large cyan rubber sphere,small yellow metal cube,b_front,large,a_front,False,b_front,True,a_front,False,a_front,False,b_front,True,a_front,False
CLEVR_val_000204.png,large cyan rubber sphere,small blue metal sphere,a_front,large,b_front,False,a_front,True,b_front,False,a_front,True,b_front,False,a_front,True
CLEVR_val_000201.png,small blue metal cylinder,small gray rubber cube,a_front,large,a_front,True,a_front,True,b_front,False,a_front,True,a_front,True,b_front,False
CLEVR_val_000144.png,small cyan rubber cube,large gray rubber cylinder,b_front,small,b_front,True,a_front,False,b_front,True,b_front,True,a_front,False,b_front,True
CLEVR_val_000057.png,large purple metal cube,small gray metal cube,b_front,medium,a_front,False,b_front,True,a_front,False,a_front,False,b_front,True,a_front,False
CLEVR_val_000066.png,large purple metal cylinder,small yellow rubber sphere,b_front,medium,b_front,True,b_front,True,a_front,False,a_front,False,b_front,True,a_front,False
CLEVR_val_000030.png,small green rubber sphere,small yellow metal cube,b_front,small,a_front,False,b_front,True,a_front,False,a_front,False,b_front,True,a_front,False
CLEVR_val_000028.png,large red metal cube,small red metal cube,b_front,large,b_front,True,b_front,True,a_front,False,a_front,False,b_front,True,a_front,False
CLEVR_val_000035.png,small green metal cylinder,large cyan rubber sphere,b_front,large,a_front,False,b_front,True,a_front,False,b_front,True,b_front,True,a_front,False
CLEVR_val_000273.png,small blue rubber sphere,small yellow metal sphere,b_front,large,b_front,True,b_front,True,a_front,False,b_front,True,b_front,True,a_front,False
CLEVR_val_000182.png,large purple metal cube,large brown metal cube,a_front,medium,a_front,True,a_front,True,b_front,False,a_front,True,a_front,True,b_front,False
CLEVR_val_000161.png,large brown rubber sphere,large cyan metal sphere,a_front,large,b_front,False,a_front,True,b_front,False,b_front,False,b_front,False,a_front,True
CLEVR_val_000188.png,small brown metal cylinder,large brown rubber cylinder,a_front,large,a_front,True,a_front,True,b_front,False,b_front,False,b_front,False,a_front,True
CLEVR_val_000137.png,small red metal sphere,large yellow rubber sphere,b_front,large,b_front,True,b_front,True,a_front,False,b_front,True,a_front,False,b_front,True
CLEVR_val_000071.png,small red metal cube,small gray metal cylinder,a_front,medium,a_front,True,a_front,True,b_front,False,a_front,True,b_front,False,a_front,True
CLEVR_val_000067.png,large gray metal sphere,small green metal cylinder,a_front,large,b_front,False,a_front,True,b_front,False,a_front,True,b_front,False,a_front,True
CLEVR_val_000255.png,large green metal cube,large gray rubber sphere,b_front,large,a_front,False,b_front,True,a_front,False,a_front,False,a_front,False,b_front,True
CLEVR_val_000240.png,small red rubber cylinder,small purple metal sphere,b_front,large,b_front,True,b_front,True,a_front,False,b_front,True,b_front,True,a_front,False
CLEVR_val_000190.png,small cyan metal cube,small purple rubber sphere,b_front,large,a_front,False,b_front,True,a_front,False,a_front,False,b_front,True,a_front,False
CLEVR_val_000228.png,small blue metal cube,small yellow metal cylinder,a_front,small,b_front,False,a_front,True,b_front,False,b_front,False,a_front,True,b_front,False
CLEVR_val_000195.png,small gray rubber sphere,small purple metal sphere,a_front,large,a_front,True,a_front,True,b_front,False,a_front,True,b_front,False,a_front,True
CLEVR_val_000228.png,small brown rubber cube,large purple metal cube,b_front,medium,b_front,True,b_front,True,a_front,False,b_front,True,b_front,True,a_front,False
CLEVR_val_000057.png,large gray rubber sphere,small gray metal cube,b_front,large,a_front,False,b_front,True,a_front,False,a_front,False,b_front,True,a_front,False
CLEVR_val_000282.png,small brown rubber cube,large purple metal sphere,a_front,medium,b_front,False,a_front,True,b_front,False,b_front,False,b_front,False,a_front,True
CLEVR_val_000155.png,large red rubber cube,small purple metal cylinder,b_front,large,a_front,False,b_front,True,a_front,False,a_front,False,b_front,True,a_front,False
CLEVR_val_000245.png,small blue metal cube,small gray metal sphere,b_front,medium,b_front,True,b_front,True,a_front,False,b_front,True,b_front,True,a_front,False
CLEVR_val_000230.png,large cyan rubber cylinder,small blue metal cube,a_front,large,a_front,True,a_front,True,b_front,False,a_front,True,b_front,False,a_front,True
CLEVR_val_000110.png,small brown metal cylinder,small purple metal cylinder,b_front,large,b_front,True,b_front,True,a_front,False,b_front,True,b_front,True,a_front,False
CLEVR_val_000017.png,large red rubber sphere,small brown metal cylinder,a_front,large,a_front,True,a_front,True,b_front,False,a_front,True,a_front,True,b_front,False
CLEVR_val_000127.png,large gray rubber cylinder,large blue rubber cylinder,a_front,large,b_front,False,a_front,True,b_front,False,b_front,False,a_front,True,b_front,False
CLEVR_val_000080.png,small red rubber sphere,large yellow rubber cylinder,b_front,large,a_front,False,b_front,True,a_front,False,b_front,True,a_front,False,b_front,True
CLEVR_val_000087.png,large red metal sphere,large purple metal cylinder,b_front,large,b_front,True,b_front,True,a_front,False,b_front,True,b_front,True,a_front,False
CLEVR_val_000204.png,small blue metal sphere,large red metal cylinder,b_front,large,a_front,False,b_front,True,a_front,False,b_front,True,a_front,False,b_front,True
CLEVR_val_000105.png,large red metal sphere,large red rubber cylinder,b_front,medium,b_front,True,b_front,True,a_front,False,b_front,True,a_front,False,b_front,True
CLEVR_val_000099.png,large purple metal sphere,small gray metal cube,b_front,small,a_front,False,b_front,True,a_front,False,a_front,False,b_front,True,a_front,False
CLEVR_val_000198.png,small blue metal cylinder,large gray rubber cylinder,b_front,medium,b_front,True,b_front,True,a_front,False,b_front,True,a_front,False,b_front,True
CLEVR_val_000189.png,small red rubber cube,small brown metal cylinder,b_front,large,a_front,False,b_front,True,a_front,False,a_front,False,a_front,False,b_front,True
CLEVR_val_000252.png,small brown metal cube,large yellow metal sphere,b_front,medium,b_front,True,b_front,True,a_front,False,b_front,True,a_front,False,b_front,True
CLEVR_val_000049.png,small yellow metal sphere,large purple metal cylinder,a_front,medium,a_front,True,a_front,True,b_front,False,b_front,False,a_front,True,b_front,False
CLEVR_val_000151.png,small brown metal sphere,small green rubber cube,b_front,medium,b_front,True,b_front,True,a_front,False,b_front,True,a_front,False,b_front,True
CLEVR_val_000102.png,small yellow metal cylinder,large yellow metal sphere,a_front,large,a_front,True,a_front,True,b_front,False,b_front,False,b_front,False,a_front,True
CLEVR_val_000004.png,small red rubber sphere,large gray rubber cylinder,b_front,small,b_front,True,a_front,False,b_front,True,b_front,True,a_front,False,b_front,True
CLEVR_val_000119.png,large gray rubber cube,large purple rubber cube,a_front,medium,a_front,True,a_front,True,b_front,False,a_front,True,a_front,True,b_front,False
CLEVR_val_000134.png,large cyan metal sphere,large brown metal cylinder,a_front,medium,b_front,False,a_front,True,b_front,False,b_front,False,b_front,False,a_front,True
CLEVR_val_000218.png,small brown metal sphere,large green metal cube,a_front,large,a_front,True,a_front,True,b_front,False,b_front,False,a_front,True,b_front,False
CLEVR_val_000154.png,large purple rubber cylinder,small blue metal sphere,b_front,medium,b_front,True,b_front,True,a_front,False,a_front,False,a_front,False,b_front,True
CLEVR_val_000059.png,large green metal cube,large gray metal cube,b_front,large,a_front,False,b_front,True,a_front,False,a_front,False,a_front,False,b_front,True
CLEVR_val_000084.png,large purple metal cylinder,small green rubber cube,b_front,small,b_front,True,b_front,True,a_front,False,a_front,False,b_front,True,a_front,False
CLEVR_val_000173.png,small gray rubber sphere,large gray metal cube,b_front,medium,a_front,False,b_front,True,a_front,False,b_front,True,a_front,False,b_front,True
CLEVR_val_000227.png,small red rubber cube,large gray metal cylinder,b_front,large,b_front,True,b_front,True,a_front,False,b_front,True,a_front,False,b_front,True
CLEVR_val_000287.png,small yellow metal cube,small blue metal cylinder,a_front,small,a_front,True,a_front,True,b_front,False,a_front,True,b_front,False,a_front,True
CLEVR_val_000060.png,small brown metal cube,small yellow rubber sphere,a_front,small,b_front,False,a_front,True,b_front,False,b_front,False,b_front,False,a_front,True
CLEVR_val_000267.png,small gray rubber sphere,small blue rubber cube,a_front,large,a_front,True,a_front,True,b_front,False,a_front,True,a_front,True,b_front,False
CLEVR_val_000156.png,large red metal cylinder,small blue metal cube,b_front,medium,b_front,True,b_front,True,a_front,False,a_front,False,b_front,True,a_front,False
CLEVR_val_000017.png,small brown metal cylinder,large brown rubber sphere,b_front,medium,a_front,False,b_front,True,a_front,False,b_front,True,a_front,False,b_front,True
CLEVR_val_000036.png,small red metal cylinder,small cyan metal cube,a_front,medium,b_front,False,a_front,True,b_front,False,b_front,False,a_front,True,b_front,False
CLEVR_val_000247.png,large brown metal cylinder,small blue metal cube,a_front,small,a_front,True,a_front,True,b_front,False,a_front,True,a_front,True,b_front,False
CLEVR_val_000224.png,small cyan rubber sphere,large cyan metal cube,b_front,large,b_front,True,b_front,True,a_front,False,b_front,True,a_front,False,b_front,True
CLEVR_val_000089.png,large cyan metal cylinder,large green metal cube,b_front,large,a_front,False,b_front,True,a_front,False,a_front,False,a_front,False,b_front,True
CLEVR_val_000178.png,large green rubber sphere,small brown rubber sphere,b_front,large,b_front,True,b_front,True,a_front,False,a_front,False,a_front,False,b_front,True
CLEVR_val_000195.png,large purple metal cube,small purple metal sphere,a_front,large,a_front,True,a_front,True,b_front,False,a_front,True,a_front,True,b_front,False
CLEVR_val_000031.png,small yellow rubber sphere,small red rubber cylinder,a_front,large,b_front,False,a_front,True,b_front,False,b_front,False,b_front,False,a_front,True
CLEVR_val_000090.png,small blue metal sphere,small purple rubber cylinder,b_front,small,a_front,False,b_front,True,a_front,False,a_front,False,a_front,False,b_front,True
CLEVR_val_000156.png,small blue metal cube,small red rubber cylinder,a_front,large,b_front,False,a_front,True,b_front,False,b_front,False,a_front,True,b_front,False
CLEVR_val_000075.png,large purple metal cylinder,small cyan rubber cube,b_front,large,a_front,False,b_front,True,a_front,False,a_front,False,a_front,False,b_front,True
CLEVR_val_000041.png,small green rubber sphere,large yellow metal sphere,b_front,large,b_front,True,b_front,True,a_front,False,b_front,True,b_front,True,a_front,False
CLEVR_val_000201.png,small red rubber cube,small blue metal cylinder,a_front,medium,a_front,True,a_front,True,b_front,False,a_front,True,b_front,False,a_front,True
CLEVR_val_000261.png,large red metal cylinder,small green rubber cylinder,a_front,medium,b_front,False,a_front,True,b_front,False,a_front,True,b_front,False,a_front,True
CLEVR_val_000100.png,small cyan rubber sphere,small red metal cube,a_front,medium,a_front,True,a_front,True,b_front,False,a_front,True,a_front,True,b_front,False
CLEVR_val_000122.png,small yellow metal sphere,large green metal cube,a_front,medium,b_front,False,a_front,True,b_front,False,b_front,False,a_front,True,b_front,False
CLEVR_val_000099.png,large purple metal sphere,small red rubber sphere,a_front,large,a_front,True,a_front,True,b_front,False,a_front,True,b_front,False,a_front,True
CLEVR_val_000130.png,small yellow metal cube,small brown rubber cube,a_front,medium,b_front,False,a_front,True,b_front,False,b_front,False,a_front,True,b_front,False
CLEVR_val_000028.png,large brown rubber cube,large purple rubber sphere,a_front,small,a_front,True,a_front,True,b_front,False,a_front,True,b_front,False,a_front,True
CLEVR_val_000178.png,small yellow metal cube,large cyan metal cube,b_front,large,b_front,True,b_front,True,a_front,False,b_front,True,a_front,False,b_front,True
CLEVR_val_000277.png,small cyan metal sphere,small yellow metal cube,b_front,medium,a_front,False,b_front,True,a_front,False,a_front,False,b_front,True,a_front,False
CLEVR_val_000004.png,large brown rubber sphere,large gray metal sphere,a_front,large,b_front,False,a_front,True,b_front,False,b_front,False,a_front,True,b_front,False
CLEVR_val_000180.png,small green metal sphere,small red rubber cube,b_front,medium,a_front,False,b_front,True,a_front,False,a_front,False,b_front,True,a_front,False
CLEVR_val_000211.png,small yellow rubber sphere,small cyan metal sphere,b_front,medium,b_front,True,b_front,True,a_front,False,b_front,True,b_front,True,a_front,False
CLEVR_val_000175.png,large cyan rubber cube,large blue metal sphere,a_front,small,a_front,True,a_front,True,b_front,False,a_front,True,a_front,True,b_front,False
CLEVR_val_000271.png,small blue rubber cube,large yellow rubber cube,a_front,large,b_front,False,a_front,True,b_front,False,b_front,False,a_front,True,b_front,False
CLEVR_val_000163.png,small blue metal cylinder,small red metal cylinder,b_front,large,a_front,False,b_front,True,a_front,False,a_front,False,a_front,False,b_front,True
CLEVR_val_000074.png,large yellow metal sphere,large red metal sphere,a_front,large,b_front,False,a_front,True,b_front,False,b_front,False,b_front,False,a_front,True
CLEVR_val_000247.png,large brown metal cylinder,small blue rubber sphere,a_front,large,a_front,True,a_front,True,b_front,False,a_front,True,a_front,True,b_front,False
CLEVR_val_000074.png,large red metal sphere,large brown rubber sphere,b_front,large,b_front,True,b_front,True,a_front,False,b_front,True,b_front,True,a_front,False
CLEVR_val_000215.png,small yellow rubber cylinder,large yellow rubber cylinder,a_front,large,a_front,True,a_front,True,b_front,False,b_front,False,b_front,False,a_front,True
CLEVR_val_000156.png,small purple metal sphere,large green rubber cube,a_front,medium,b_front,False,a_front,True,b_front,False,b_front,False,a_front,True,b_front,False
CLEVR_val_000228.png,small gray metal sphere,large purple metal cube,b_front,large,a_front,False,b_front,True,a_front,False,b_front,True,b_front,True,a_front,False
CLEVR_val_000041.png,large purple metal sphere,small gray metal sphere,a_front,large,b_front,False,a_front,True,b_front,False,a_front,True,a_front,True,b_front,False
CLEVR_val_000244.png,large blue metal cylinder,large blue rubber cube,b_front,large,a_front,False,b_front,True,a_front,False,a_front,False,a_front,False,b_front,True
CLEVR_val_000080.png,large cyan rubber cube,small cyan metal sphere,a_front,medium,b_front,False,a_front,True,b_front,False,a_front,True,b_front,False,a_front,True
CLEVR_val_000191.png,small green metal cube,large purple metal cylinder,b_front,large,a_front,False,b_front,True,a_front,False,b_front,True,b_front,True,a_front,False
CLEVR_val_000080.png,small purple metal cylinder,small cyan rubber cylinder,b_front,small,b_front,True,b_front,True,a_front,False,b_front,True,b_front,True,a_front,False
CLEVR_val_000173.png,small blue rubber sphere,large blue rubber cube,a_front,large,a_front,True,a_front,True,b_front,False,b_front,False,a_front,True,b_front,False
CLEVR_val_000165.png,small blue metal sphere,large cyan rubber cube,b_front,medium,b_front,True,a_front,False,b_front,True,b_front,True,a_front,False,b_front,True
CLEVR_val_000239.png,small gray rubber cube,large blue rubber cylinder,a_front,large,a_front,True,a_front,True,b_front,False,b_front,False,b_front,False,a_front,True
CLEVR_val_000038.png,large cyan metal cube,large brown metal cube,a_front,medium,b_front,False,a_front,True,b_front,False,b_front,False,a_front,True,b_front,False
CLEVR_val_000157.png,large cyan metal cylinder,small green rubber cylinder,a_front,small,a_front,True,a_front,True,b_front,False,a_front,True,b_front,False,a_front,True
CLEVR_val_000110.png,small brown rubber sphere,large cyan rubber sphere,a_front,medium,b_front,False,a_front,True,b_front,False,b_front,False,b_front,False,a_front,True
CLEVR_val_000238.png,large purple rubber sphere,small red rubber cylinder,b_front,medium,a_front,False,b_front,True,a_front,False,a_front,False,b_front,True,a_front,False
CLEVR_val_000165.png,small brown metal cylinder,large brown metal cube,a_front,large,b_front,False,a_front,True,b_front,False,b_front,False,b_front,False,a_front,True
CLEVR_val_000008.png,small purple rubber cylinder,small yellow metal cube,b_front,large,a_front,False,b_front,True,a_front,False,a_front,False,b_front,True,a_front,False
CLEVR_val_000192.png,small brown metal cylinder,small purple rubber cube,a_front,large,b_front,False,a_front,True,b_front,False,b_front,False,b_front,False,a_front,True
CLEVR_val_000075.png,large yellow rubber cylinder,small purple rubber sphere,b_front,medium,a_front,False,b_front,True,a_front,False,a_front,False,b_front,True,a_front,False
CLEVR_val_000157.png,small gray rubber sphere,large cyan metal cylinder,b_front,large,b_front,True,b_front,True,a_front,False,b_front,True,a_front,False,b_front,True
CLEVR_val_000181.png,small brown metal cylinder,large green metal cube,a_front,large,a_front,True,a_front,True,b_front,False,b_front,False,b_front,False,a_front,True
CLEVR_val_000017.png,small brown rubber cylinder,large cyan rubber cube,b_front,large,b_front,True,b_front,True,a_front,False,b_front,True,b_front,True,a_front,False
CLEVR_val_000188.png,small green rubber sphere,large purple metal cylinder,a_front,medium,a_front,True,a_front,True,b_front,False,b_front,False,a_front,True,b_front,False
CLEVR_val_000121.png,small cyan metal cylinder,large purple metal cube,b_front,large,b_front,True,b_front,True,a_front,False,b_front,True,b_front,True,a_front,False
CLEVR_val_000036.png,small cyan rubber cube,small green rubber cube,b_front,large,a_front,False,b_front,True,a_front,False,a_front,False,a_front,False,b_front,True
CLEVR_val_000152.png,small cyan metal sphere,large yellow metal sphere,a_front,medium,b_front,False,a_front,True,b_front,False,b_front,False,a_front,True,b_front,False
CLEVR_val_000241.png,small purple metal cube,large green metal cube,a_front,large,a_front,True,a_front,True,b_front,False,b_front,False,a_front,True,b_front,False
CLEVR_val_000212.png,large yellow metal cube,small cyan metal cube,b_front,large,b_front,True,b_front,True,a_front,False,a_front,False,b_front,True,a_front,False
CLEVR_val_000066.png,large purple metal cylinder,small green rubber cylinder,a_front,large,a_front,True,a_front,True,b_front,False,a_front,True,b_front,False,a_front,True
CLEVR_val_000232.png,large cyan metal sphere,small cyan rubber sphere,a_front,medium,b_front,False,b_front,False,b_front,False,a_front,True,b_front,False,a_front,True
CLEVR_val_000152.png,large yellow metal sphere,small blue rubber cube,b_front,large,a_front,False,b_front,True,a_front,False,a_front,False,b_front,True,a_front,False
CLEVR_val_000073.png,large gray rubber sphere,large red rubber sphere,a_front,large,b_front,False,a_front,True,b_front,False,b_front,False,b_front,False,a_front,True
CLEVR_val_000043.png,small yellow rubber cube,large blue metal sphere,a_front,large,a_front,True,a_front,True,b_front,False,b_front,False,a_front,True,b_front,False
CLEVR_val_000081.png,large blue metal cylinder,small brown metal sphere,b_front,large,b_front,True,b_front,True,a_front,False,a_front,False,b_front,True,a_front,False
CLEVR_val_000168.png,large gray metal sphere,small red rubber sphere,a_front,small,a_front,True,b_front,False,a_front,True,a_front,True,b_front,False,a_front,True
CLEVR_val_000217.png,small red rubber cylinder,large purple rubber sphere,b_front,large,b_front,True,b_front,True,a_front,False,b_front,True,b_front,True,a_front,False
CLEVR_val_000203.png,large green rubber cylinder,small yellow rubber sphere,b_front,large,a_front,False,b_front,True,a_front,False,a_front,False,a_front,False,b_front,True
CLEVR_val_000031.png,small blue rubber cube,large blue metal cylinder,b_front,medium,b_front,True,b_front,True,a_front,False,b_front,True,b_front,True,a_front,False
CLEVR_val_000092.png,large green rubber sphere,small yellow rubber sphere,a_front,large,a_front,True,a_front,True,b_front,False,a_front,True,a_front,True,b_front,False
CLEVR_val_000220.png,large green rubber cylinder,small yellow metal cylinder,a_front,large,b_front,False,a_front,True,b_front,False,a_front,True,b_front,False,a_front,True
CLEVR_val_000157.png,small gray rubber sphere,small green rubber cylinder,b_front,large,a_front,False,b_front,True,a_front,False,a_front,False,a_front,False,b_front,True
CLEVR_val_000219.png,small yellow metal cube,large red metal sphere,a_front,large,b_front,False,a_front,True,b_front,False,b_front,False,a_front,True,b_front,False
CLEVR_val_000137.png,large red metal cube,large yellow rubber sphere,b_front,large,a_front,False,b_front,True,a_front,False,a_front,False,b_front,True,a_front,False
CLEVR_val_000268.png,large green metal cylinder,large yellow metal cube,a_front,large,b_front,False,a_front,True,b_front,False,b_front,False,a_front,True,b_front,False
CLEVR_val_000017.png,large red rubber sphere,small yellow metal cylinder,b_front,large,a_front,False,b_front,True,a_front,False,a_front,False,a_front,False,a_front,False
CLEVR_val_000255.png,small cyan rubber cube,small purple rubber sphere,a_front,large,b_front,False,a_front,True,b_front,False,b_front,False,b_front,False,a_front,True
CLEVR_val_000155.png,large blue metal cylinder,large purple metal cube,b_front,large,a_front,False,b_front,True,a_front,False,a_front,False,a_front,False,b_front,True
CLEVR_val_000250.png,small purple metal sphere,large purple metal sphere,b_front,large,b_front,True,b_front,True,a_front,False,b_front,True,b_front,True,a_front,False
CLEVR_val_000073.png,small green metal sphere,small purple metal sphere,a_front,medium,a_front,True,a_front,True,b_front,False,a_front,True,b_front,False,a_front,True
CLEVR_val_000047.png,large cyan rubber cylinder,large purple metal sphere,a_front,large,b_front,False,a_front,True,b_front,False,b_front,False,a_front,True,b_front,False
CLEVR_val_000157.png,large green rubber cylinder,small brown metal cylinder,a_front,medium,a_front,True,a_front,True,b_front,False,a_front,True,a_front,True,b_front,False
CLEVR_val_000250.png,small purple metal sphere,small red rubber cube,b_front,large,b_front,True,b_front,True,a_front,False,b_front,True,a_front,False,b_front,True
CLEVR_val_000073.png,small purple metal sphere,small blue metal sphere,b_front,large,a_front,False,b_front,True,a_front,False,a_front,False,a_front,False,b_front,True
CLEVR_val_000074.png,large blue metal cube,large red metal sphere,a_front,large,b_front,False,a_front,True,b_front,False,b_front,False,b_front,False,a_front,True
CLEVR_val_000217.png,small red metal cube,small red rubber cylinder,a_front,large,a_front,True,a_front,True,b_front,False,a_front,True,a_front,True,b_front,False
CLEVR_val_000183.png,small brown rubber cube,small blue metal cube,b_front,small,b_front,True,b_front,True,a_front,False,b_front,True,b_front,True,a_front,False
CLEVR_val_000278.png,large blue metal cube,large cyan metal cube,a_front,large,a_front,True,a_front,True,b_front,False,a_front,True,a_front,True,b_front,False
CLEVR_val_000001.png,large purple metal sphere,small yellow rubber cylinder,b_front,small,b_front,True,b_front,True,a_front,False,a_front,False,b_front,True,a_front,False
CLEVR_val_000033.png,small blue rubber cube,small purple rubber cylinder,b_front,large,a_front,False,b_front,True,a_front,False,a_front,False,a_front,False,b_front,True
CLEVR_val_000221.png,large gray metal sphere,large cyan metal sphere,a_front,large,b_front,False,a_front,True,b_front,False,b_front,False,a_front,True,b_front,False
CLEVR_val_000020.png,large blue rubber cube,small green rubber sphere,a_front,medium,a_front,True,a_front,True,b_front,False,a_front,True,a_front,True,b_front,False
CLEVR_val_000245.png,small purple metal sphere,large cyan rubber cube,a_front,medium,b_front,False,a_front,True,b_front,False,b_front,False,a_front,True,b_front,False
CLEVR_val_000288.png,small cyan metal cube,small red rubber sphere,a_front,large,a_front,True,a_front,True,b_front,False,a_front,True,a_front,True,b_front,False
CLEVR_val_000125.png,small purple rubber cube,large green rubber cube,b_front,small,b_front,True,a_front,False,b_front,True,b_front,True,b_front,True,a_front,False
CLEVR_val_000174.png,large red rubber cylinder,small purple metal sphere,a_front,small,a_front,True,b_front,False,a_front,True,a_front,True,b_front,False,a_front,True
CLEVR_val_000266.png,large brown rubber sphere,large cyan rubber cylinder,b_front,large,b_front,True,b_front,True,a_front,False,b_front,True,a_front,False,b_front,True
CLEVR_val_000274.png,large purple rubber cube,large yellow metal cube,a_front,large,a_front,True,a_front,True,b_front,False,a_front,True,a_front,True,b_front,False
CLEVR_val_000156.png,small green rubber cylinder,large red metal cylinder,b_front,medium,b_front,True,b_front,True,a_front,False,b_front,True,a_front,False,b_front,True
CLEVR_val_000047.png,small red metal cube,large red metal cube,b_front,large,a_front,False,b_front,True,a_front,False,b_front,True,a_front,False,b_front,True
CLEVR_val_000201.png,large brown metal cube,large green metal cylinder,a_front,small,b_front,False,a_front,True,b_front,False,b_front,False,a_front,True,b_front,False
CLEVR_val_000098.png,large gray metal sphere,large brown rubber cylinder,a_front,large,a_front,True,a_front,True,b_front,False,a_front,True,a_front,True,b_front,False
CLEVR_val_000178.png,large blue rubber sphere,small brown rubber sphere,b_front,medium,b_front,True,b_front,True,a_front,False,a_front,False,a_front,False,b_front,True
CLEVR_val_000225.png,small yellow rubber sphere,large yellow rubber sphere,a_front,medium,a_front,True,a_front,True,b_front,False,b_front,False,b_front,False,a_front,True
CLEVR_val_000149.png,large green rubber sphere,large cyan rubber sphere,a_front,large,b_front,False,a_front,True,b_front,False,b_front,False,b_front,False,a_front,True
CLEVR_val_000121.png,small red rubber cylinder,large purple metal cube,a_front,small,a_front,True,a_front,True,b_front,False,b_front,False,a_front,True,b_front,False
CLEVR_val_000192.png,small purple rubber cube,small gray metal cylinder,a_front,medium,b_front,False,a_front,True,b_front,False,b_front,False,a_front,True,b_front,False
CLEVR_val_000075.png,small purple rubber sphere,small brown metal cube,b_front,medium,a_front,False,b_front,True,a_front,False,a_front,False,b_front,True,a_front,False
CLEVR_val_000109.png,large cyan rubber sphere,large brown rubber cube,b_front,medium,b_front,True,b_front,True,a_front,False,b_front,True,b_front,True,a_front,False
CLEVR_val_000072.png,large purple rubber cylinder,small purple metal cylinder,a_front,medium,a_front,True,a_front,True,b_front,False,a_front,True,a_front,True,b_front,False
CLEVR_val_000241.png,small gray rubber sphere,large green metal cube,a_front,large,b_front,False,a_front,True,b_front,False,b_front,False,a_front,True,b_front,False
CLEVR_val_000175.png,large blue metal cube,large blue metal sphere,a_front,large,a_front,True,a_front,True,b_front,False,a_front,True,a_front,True,b_front,False
CLEVR_val_000109.png,small yellow rubber cylinder,large green rubber sphere,b_front,small,b_front,True,a_front,False,b_front,True,b_front,True,b_front,True,a_front,False
CLEVR_val_000104.png,large yellow metal cube,small gray rubber cube,b_front,large,a_front,False,b_front,True,a_front,False,a_front,False,b_front,True,a_front,False
CLEVR_val_000165.png,large red metal cube,large brown rubber cube,a_front,medium,b_front,False,a_front,True,b_front,False,b_front,False,a_front,True,b_front,False
CLEVR_val_000227.png,small cyan rubber sphere,small purple rubber cylinder,a_front,small,a_front,True,a_front,True,b_front,False,a_front,True,b_front,False,a_front,True
CLEVR_val_000130.png,large red rubber cylinder,large brown metal cylinder,a_front,small,b_front,False,a_front,True,b_front,False,b_front,False,a_front,True,b_front,False
CLEVR_val_000144.png,small cyan rubber cube,large brown rubber cylinder,b_front,large,a_front,False,b_front,True,a_front,False,b_front,True,a_front,False,b_front,True
CLEVR_val_000032.png,small green metal cube,small green metal cylinder,a_front,small,b_front,False,a_front,True,b_front,False,b_front,False,a_front,True,b_front,False
CLEVR_val_000201.png,small purple metal cylinder,small blue metal cylinder,b_front,large,a_front,False,b_front,True,a_front,False,a_front,False,b_front,True,a_front,False
CLEVR_val_000152.png,large brown rubber sphere,large red metal cylinder,a_front,medium,b_front,False,a_front,True,b_front,False,b_front,False,a_front,True,b_front,False
CLEVR_val_000053.png,large blue rubber sphere,small blue metal cylinder,b_front,large,a_front,False,b_front,True,a_front,False,a_front,False,a_front,False,b_front,True
CLEVR_val_000129.png,small cyan metal sphere,large blue metal cube,b_front,small,b_front,True,a_front,False,b_front,True,b_front,True,b_front,True,a_front,False
CLEVR_val_000225.png,large blue metal cylinder,small cyan rubber cube,a_front,large,a_front,True,a_front,True,b_front,False,a_front,True,b_front,False,a_front,True
CLEVR_val_000106.png,small cyan rubber sphere,large yellow metal cube,b_front,large,b_front,True,b_front,True,a_front,False,b_front,True,b_front,True,a_front,False
CLEVR_val_000270.png,small red rubber cylinder,small blue rubber cube,a_front,large,a_front,True,a_front,True,b_front,False,a_front,True,a_front,True,b_front,False
CLEVR_val_000142.png,small cyan rubber cube,large yellow rubber sphere,b_front,small,b_front,True,a_front,False,b_front,True,b_front,True,b_front,True,a_front,False
CLEVR_val_000225.png,large blue metal cylinder,large gray rubber cube,a_front,medium,a_front,True,a_front,True,b_front,False,a_front,True,b_front,False,a_front,True
CLEVR_val_000023.png,large brown metal sphere,large brown rubber sphere,b_front,large,b_front,True,b_front,True,a_front,False,b_front,True,a_front,False,b_front,True
CLEVR_val_000137.png,large cyan rubber cube,large yellow rubber sphere,a_front,medium,a_front,True,a_front,True,b_front,False,a_front,True,b_front,False,a_front,True
CLEVR_val_000135.png,large green metal cube,small blue rubber sphere,a_front,small,b_front,False,b_front,False,b_front,False,a_front,True,a_front,True,b_front,False
CLEVR_val_000054.png,large cyan metal cylinder,small brown metal sphere,a_front,large,a_front,True,a_front,True,b_front,False,a_front,True,a_front,True,b_front,False
CLEVR_val_000165.png,large blue metal cylinder,small gray metal cylinder,b_front,small,b_front,True,b_front,True,a_front,False,a_front,False,a_front,False,b_front,True
CLEVR_val_000110.png,small brown metal cylinder,large purple metal cube,b_front,medium,a_front,False,b_front,True,a_front,False,b_front,True,a_front,False,b_front,True
CLEVR_val_000243.png,small blue rubber cube,small purple metal sphere,a_front,large,b_front,False,a_front,True,b_front,False,b_front,False,b_front,False,a_front,True
CLEVR_val_000191.png,small red metal sphere,small red rubber cylinder,a_front,medium,a_front,True,a_front,True,b_front,False,a_front,True,a_front,True,b_front,False
CLEVR_val_000109.png,small yellow rubber cube,small purple rubber cylinder,a_front,large,b_front,False,a_front,True,b_front,False,b_front,False,a_front,True,b_front,False
CLEVR_val_000236.png,small yellow metal sphere,large red rubber sphere,a_front,large,a_front,True,a_front,True,b_front,False,b_front,False,a_front,True,b_front,False
CLEVR_val_000157.png,small gray rubber sphere,large green rubber cylinder,b_front,large,b_front,True,b_front,True,a_front,False,b_front,True,b_front,True,a_front,False
CLEVR_val_000033.png,small blue rubber cube,small green metal cube,a_front,medium,a_front,True,a_front,True,b_front,False,a_front,True,a_front,True,b_front,False
CLEVR_val_000087.png,large red metal sphere,large brown metal cylinder,a_front,medium,b_front,False,a_front,True,b_front,False,b_front,False,b_front,False,a_front,True
CLEVR_val_000167.png,small yellow rubber cylinder,large red metal cylinder,b_front,medium,a_front,False,b_front,True,a_front,False,b_front,True,a_front,False,b_front,True
CLEVR_val_000020.png,small green rubber sphere,large cyan metal sphere,a_front,large,b_front,False,a_front,True,b_front,False,b_front,False,b_front,False,a_front,True
CLEVR_val_000155.png,large red rubber cube,large blue metal sphere,b_front,medium,a_front,False,b_front,True,a_front,False,a_front,False,b_front,True,a_front,False
CLEVR_val_000160.png,large yellow metal cylinder,small blue rubber sphere,a_front,medium,b_front,False,a_front,True,b_front,False,a_front,True,a_front,True,b_front,False
CLEVR_val_000110.png,small brown metal cylinder,large red metal sphere,b_front,large,a_front,False,b_front,True,a_front,False,b_front,True,a_front,False,b_front,True
CLEVR_val_000195.png,small gray rubber sphere,small red rubber cylinder,a_front,large,b_front,False,a_front,True,b_front,False,b_front,False,b_front,False,a_front,True
CLEVR_val_000218.png,small green metal sphere,large green rubber cube,b_front,small,a_front,False,a_front,False,b_front,True,b_front,True,b_front,True,a_front,False
CLEVR_val_000022.png,large brown rubber sphere,small cyan rubber cylinder,a_front,large,b_front,False,a_front,True,b_front,False,a_front,True,a_front,True,b_front,False
CLEVR_val_000167.png,small green rubber sphere,large red metal cylinder,b_front,large,a_front,False,b_front,True,a_front,False,b_front,True,b_front,True,a_front,False
CLEVR_val_000277.png,small cyan rubber sphere,large purple rubber sphere,a_front,large,b_front,False,a_front,True,b_front,False,b_front,False,b_front,False,a_front,True
CLEVR_val_000180.png,small gray rubber cube,small blue metal cylinder,a_front,small,a_front,True,a_front,True,b_front,False,a_front,True,b_front,False,a_front,True
CLEVR_val_000139.png,small purple metal cube,large purple metal sphere,b_front,medium,b_front,True,b_front,True,a_front,False,b_front,True,b_front,True,a_front,False
CLEVR_val_000205.png,small blue rubber cylinder,large yellow metal cube,b_front,medium,a_front,False,b_front,True,a_front,False,b_front,True,a_front,False,b_front,True
CLEVR_val_000227.png,small cyan rubber sphere,large yellow rubber cube,a_front,large,b_front,False,a_front,True,b_front,False,b_front,False,b_front,False,a_front,True
CLEVR_val_000049.png,large yellow metal sphere,small green metal cube,a_front,large,a_front,True,a_front,True,b_front,False,a_front,True,b_front,False,a_front,True
CLEVR_val_000122.png,small yellow metal sphere,large blue rubber cylinder,a_front,large,b_front,False,a_front,True,b_front,False,b_front,False,a_front,True,b_front,False
CLEVR_val_000243.png,small green rubber cube,small blue rubber cube,a_front,large,a_front,True,a_front,True,b_front,False,a_front,True,a_front,True,b_front,False
CLEVR_val_000077.png,large blue metal sphere,large cyan metal cube,b_front,small,b_front,True,b_front,True,a_front,False,b_front,True,a_front,False,b_front,True
CLEVR_val_000200.png,small yellow rubber cube,large brown metal cube,b_front,medium,a_front,False,b_front,True,a_front,False,b_front,True,b_front,True,a_front,False
CLEVR_val_000152.png,small brown metal cylinder,large yellow metal sphere,b_front,large,b_front,True,b_front,True,a_front,False,b_front,True,a_front,False,b_front,True
CLEVR_val_000040.png,small gray metal sphere,small green rubber sphere,b_front,medium,a_front,False,b_front,True,a_front,False,a_front,False,b_front,True,a_front,False
CLEVR_val_000216.png,small purple metal cube,small brown rubber sphere,b_front,large,b_front,True,b_front,True,a_front,False,b_front,True,b_front,True,a_front,False
CLEVR_val_000193.png,large yellow rubber cube,large cyan rubber cube,a_front,medium,a_front,True,a_front,True,b_front,False,a_front,True,a_front,True,b_front,False
CLEVR_val_000065.png,small green metal sphere,large cyan rubber sphere,b_front,large,b_front,True,b_front,True,a_front,False,b_front,True,b_front,True,a_front,False
CLEVR_val_000189.png,large red rubber sphere,small gray metal cylinder,b_front,large,a_front,False,b_front,True,a_front,False,a_front,False,b_front,True,a_front,False
CLEVR_val_000064.png,small purple rubber sphere,large purple metal sphere,a_front,large,b_front,False,a_front,True,b_front,False,b_front,False,a_front,True,b_front,False
CLEVR_val_000273.png,small cyan metal sphere,small cyan rubber cube,a_front,large,a_front,True,a_front,True,b_front,False,a_front,True,a_front,True,b_front,False
CLEVR_val_000049.png,large yellow metal cylinder,small brown rubber sphere,a_front,large,b_front,False,a_front,True,b_front,False,a_front,True,a_front,True,b_front,False
CLEVR_val_000013.png,small cyan metal cylinder,small red rubber sphere,a_front,small,a_front,True,a_front,True,b_front,False,a_front,True,a_front,True,b_front,False
CLEVR_val_000075.png,large yellow rubber cylinder,small red rubber cube,b_front,large,b_front,True,b_front,True,a_front,False,a_front,False,b_front,True,a_front,False
CLEVR_val_000247.png,small blue rubber sphere,small red metal cube,b_front,large,a_front,False,b_front,True,a_front,False,a_front,False,b_front,True,a_front,False
CLEVR_val_000028.png,large brown rubber cube,large yellow rubber sphere,b_front,large,b_front,True,b_front,True,a_front,False,b_front,True,b_front,True,a_front,False
CLEVR_val_000270.png,small gray rubber sphere,large gray rubber cylinder,a_front,large,a_front,True,a_front,True,b_front,False,b_front,False,b_front,False,a_front,True
CLEVR_val_000092.png,small brown rubber cube,large cyan rubber cube,b_front,large,b_front,True,b_front,True,a_front,False,b_front,True,a_front,False,b_front,True
CLEVR_val_000077.png,large cyan metal cube,large blue rubber cube,b_front,small,a_front,False,b_front,True,a_front,False,a_front,False,b_front,True,a_front,False
CLEVR_val_000116.png,small blue rubber sphere,large red rubber sphere,a_front,large,b_front,False,a_front,True,b_front,False,b_front,False,a_front,True,b_front,False
CLEVR_val_000013.png,small gray rubber cube,small red rubber sphere,a_front,large,a_front,True,a_front,True,b_front,False,a_front,True,a_front,True,b_front,False
CLEVR_val_000067.png,large blue rubber cube,small red metal cylinder,b_front,small,b_front,True,b_front,True,a_front,False,a_front,False,b_front,True,a_front,False
CLEVR_val_000123.png,small gray metal sphere,small brown rubber cylinder,b_front,large,a_front,False,b_front,True,a_front,False,a_front,False,a_front,False,b_front,True
CLEVR_val_000166.png,large red metal cylinder,small yellow metal cylinder,b_front,large,b_front,True,b_front,True,a_front,False,a_front,False,b_front,True,a_front,False
CLEVR_val_000240.png,large brown metal sphere,large purple metal cylinder,b_front,large,a_front,False,b_front,True,a_front,False,a_front,False,a_front,False,b_front,True
CLEVR_val_000053.png,small yellow metal cylinder,small yellow rubber sphere,a_front,large,b_front,False,a_front,True,b_front,False,b_front,False,a_front,True,b_front,False
CLEVR_val_000170.png,large purple metal cylinder,small yellow metal sphere,a_front,large,a_front,True,a_front,True,b_front,False,a_front,True,b_front,False,a_front,True
CLEVR_val_000167.png,small yellow rubber cylinder,large gray rubber cylinder,a_front,small,b_front,False,a_front,True,b_front,False,b_front,False,a_front,True,b_front,False
CLEVR_val_000027.png,large gray rubber cube,large cyan metal cylinder,a_front,small,a_front,True,a_front,True,b_front,False,a_front,True,b_front,False,a_front,True
CLEVR_val_000105.png,large red metal sphere,small cyan metal sphere,b_front,large,b_front,True,b_front,True,a_front,False,a_front,False,b_front,True,a_front,False
CLEVR_val_000175.png,large cyan rubber cube,large gray rubber cube,b_front,large,a_front,False,b_front,True,a_front,False,a_front,False,a_front,False,b_front,True
CLEVR_val_000009.png,large blue rubber cube,small blue metal cube,a_front,medium,b_front,False,a_front,True,b_front,False,a_front,True,b_front,False,a_front,True
CLEVR_val_000097.png,small cyan metal cylinder,small purple metal sphere,b_front,medium,a_front,False,b_front,True,a_front,False,a_front,False,a_front,False,b_front,True
CLEVR_val_000236.png,large gray rubber cube,small blue rubber cylinder,a_front,medium,b_front,False,a_front,True,b_front,False,a_front,True,a_front,True,b_front,False
CLEVR_val_000170.png,small blue rubber cube,large purple metal cylinder,b_front,large,a_front,False,b_front,True,a_front,False,b_front,True,a_front,False,b_front,True
CLEVR_val_000092.png,large brown rubber sphere,small brown rubber cube,a_front,small,b_front,False,b_front,False,a_front,True,a_front,True,b_front,False,a_front,True
CLEVR_val_000257.png,large red metal cylinder,large purple rubber cylinder,b_front,large,a_front,False,b_front,True,a_front,False,a_front,False,a_front,False,b_front,True
CLEVR_val_000166.png,large yellow rubber cylinder,small cyan metal cylinder,a_front,large,b_front,False,a_front,True,b_front,False,a_front,True,a_front,True,b_front,False
CLEVR_val_000220.png,small gray rubber cube,large cyan rubber cylinder,a_front,large,a_front,True,a_front,True,b_front,False,b_front,False,b_front,False,a_front,True
CLEVR_val_000192.png,small brown metal cylinder,large purple metal cylinder,a_front,large,b_front,False,a_front,True,b_front,False,b_front,False,a_front,True,b_front,False
CLEVR_val_000222.png,large blue metal sphere,large blue rubber sphere,a_front,large,a_front,True,a_front,True,b_front,False,a_front,True,a_front,True,b_front,False
CLEVR_val_000020.png,large cyan rubber cylinder,large cyan metal sphere,a_front,large,b_front,False,a_front,True,b_front,False,b_front,False,a_front,True,b_front,False
CLEVR_val_000277.png,small brown rubber cylinder,small yellow metal cube,a_front,large,a_front,True,a_front,True,b_front,False,a_front,True,a_front,True,b_front,False
CLEVR_val_000239.png,small green metal cylinder,small red metal cylinder,a_front,medium,b_front,False,a_front,True,b_front,False,b_front,False,b_front,False,a_front,True
CLEVR_val_000095.png,small yellow rubber cube,small brown metal cube,a_front,large,a_front,True,a_front,True,b_front,False,a_front,True,b_front,False,a_front,True
CLEVR_val_000238.png,small red rubber cube,small red rubber cylinder,a_front,large,b_front,False,a_front,True,b_front,False,b_front,False,b_front,False,a_front,True
CLEVR_val_000169.png,small yellow rubber cylinder,large cyan metal sphere,b_front,large,a_front,False,b_front,True,a_front,False,b_front,True,b_front,True,a_front,False
CLEVR_val_000188.png,small purple rubber cylinder,large purple metal cylinder,a_front,large,b_front,False,a_front,True,b_front,False,b_front,False,a_front,True,b_front,False
CLEVR_val_000078.png,small blue rubber sphere,small brown metal cylinder,a_front,large,a_front,True,a_front,True,b_front,False,a_front,True,a_front,True,b_front,False
CLEVR_val_000137.png,small brown metal sphere,large yellow rubber sphere,b_front,large,b_front,True,b_front,True,a_front,False,b_front,True,b_front,True,a_front,False
CLEVR_val_000245.png,large red rubber sphere,large cyan rubber cube,a_front,large,a_front,True,a_front,True,b_front,False,a_front,True,a_front,True,b_front,False
CLEVR_val_000098.png,large cyan metal sphere,large brown rubber cylinder,a_front,large,b_front,False,a_front,True,b_front,False,b_front,False,a_front,True,b_front,False
CLEVR_val_000155.png,small blue rubber cylinder,large purple metal cube,a_front,small,a_front,True,a_front,True,b_front,False,b_front,False,a_front,True,b_front,False
CLEVR_val_000198.png,small blue metal cylinder,small cyan metal cube,a_front,medium,b_front,False,a_front,True,b_front,False,b_front,False,a_front,True,b_front,False
CLEVR_val_000087.png,small red metal cylinder,small purple rubber cylinder,b_front,large,a_front,False,b_front,True,a_front,False,a_front,False,a_front,False,b_front,True
CLEVR_val_000040.png,large purple metal sphere,small green rubber sphere,a_front,medium,b_front,False,a_front,True,b_front,False,a_front,True,b_front,False,a_front,True
CLEVR_val_000046.png,small green rubber cube,small cyan rubber cylinder,b_front,large,a_front,False,b_front,True,a_front,False,a_front,False,b_front,True,a_front,False
CLEVR_val_000126.png,large blue metal cylinder,small red metal cube,a_front,large,b_front,False,a_front,True,b_front,False,a_front,True,b_front,False,a_front,True
CLEVR_val_000003.png,large blue metal cylinder,large gray rubber cube,b_front,large,a_front,False,b_front,True,a_front,False,a_front,False,b_front,True,a_front,False
CLEVR_val_000121.png,small green rubber sphere,small cyan metal cylinder,a_front,large,b_front,False,a_front,True,b_front,False,b_front,False,b_front,False,a_front,True
CLEVR_val_000209.png,small cyan rubber sphere,small blue metal cube,b_front,large,a_front,False,b_front,True,a_front,False,a_front,False,a_front,False,b_front,True
CLEVR_val_000189.png,large cyan rubber cylinder,small brown metal cylinder,a_front,medium,b_front,False,a_front,True,b_front,False,a_front,True,a_front,True,b_front,False
CLEVR_val_000188.png,small red rubber sphere,small purple rubber cylinder,b_front,large,a_front,False,b_front,True,a_front,False,a_front,False,b_front,True,a_front,False
CLEVR_val_000176.png,large gray metal cylinder,large brown metal sphere,b_front,large,b_front,True,b_front,True,a_front,False,b_front,True,a_front,False,b_front,True
CLEVR_val_000236.png,small green metal sphere,small blue rubber cylinder,a_front,large,a_front,True,a_front,True,b_front,False,a_front,True,b_front,False,a_front,True
CLEVR_val_000217.png,small red metal cube,small brown metal sphere,a_front,medium,b_front,False,a_front,True,b_front,False,b_front,False,a_front,True,b_front,False
CLEVR_val_000040.png,small gray metal cube,large purple metal sphere,b_front,medium,a_front,False,b_front,True,a_front,False,b_front,True,a_front,False,b_front,True
CLEVR_val_000232.png,small cyan rubber sphere,large gray rubber cube,a_front,large,b_front,False,a_front,True,b_front,False,b_front,False,a_front,True,b_front,False
CLEVR_val_000156.png,small green rubber cylinder,small gray metal cylinder,b_front,large,a_front,False,b_front,True,a_front,False,a_front,False,a_front,False,b_front,True
CLEVR_val_000110.png,small brown rubber sphere,large purple rubber cylinder,a_front,large,b_front,False,a_front,True,b_front,False,b_front,False,a_front,True,b_front,False
CLEVR_val_000196.png,small purple metal sphere,large gray metal sphere,b_front,large,a_front,False,b_front,True,a_front,False,b_front,True,b_front,True,a_front,False
CLEVR_val_000068.png,large purple metal cylinder,small cyan metal cube,a_front,medium,b_front,False,a_front,True,b_front,False,a_front,True,b_front,False,a_front,True
CLEVR_val_000200.png,large brown metal cube,large purple metal cube,a_front,large,a_front,True,a_front,True,b_front,False,a_front,True,b_front,False,a_front,True
CLEVR_val_000011.png,small red metal cylinder,small red metal cube,b_front,large,b_front,True,b_front,True,a_front,False,b_front,True,a_front,False,b_front,True
CLEVR_val_000183.png,small purple rubber cylinder,small green metal cube,b_front,medium,a_front,False,b_front,True,a_front,False,a_front,False,b_front,True,a_front,False
CLEVR_val_000164.png,small brown metal cylinder,large cyan metal cylinder,b_front,large,b_front,True,b_front,True,a_front,False,b_front,True,b_front,True,a_front,False
CLEVR_val_000234.png,large red metal cube,large gray metal cube,b_front,large,a_front,False,b_front,True,a_front,False,a_front,False,b_front,True,a_front,False
CLEVR_val_000002.png,small blue metal cube,large purple metal cylinder,b_front,medium,b_front,True,b_front,True,a_front,False,b_front,True,a_front,False,b_front,True
CLEVR_val_000142.png,large purple metal sphere,small cyan metal cube,a_front,large,a_front,True,a_front,True,b_front,False,a_front,True,b_front,False,a_front,True
CLEVR_val_000190.png,small green rubber sphere,small purple rubber sphere,b_front,large,b_front,True,b_front,True,a_front,False,b_front,True,a_front,False,b_front,True
CLEVR_val_000075.png,small purple rubber cylinder,small brown rubber sphere,b_front,medium,a_front,False,b_front,True,a_front,False,a_front,False,b_front,True,a_front,False
CLEVR_val_000157.png,small gray rubber sphere,small brown metal cylinder,b_front,medium,b_front,True,b_front,True,a_front,False,b_front,True,a_front,False,b_front,True
CLEVR_val_000267.png,small blue rubber cube,small green rubber cube,b_front,large,a_front,False,b_front,True,a_front,False,a_front,False,b_front,True,a_front,False
CLEVR_val_000077.png,large blue metal sphere,small brown metal cylinder,a_front,small,b_front,False,b_front,False,a_front,True,a_front,True,b_front,False,a_front,True
CLEVR_val_000003.png,large gray rubber cube,small brown metal cylinder,a_front,medium,a_front,True,a_front,True,b_front,False,a_front,True,a_front,True,b_front,False
CLEVR_val_000268.png,large yellow metal cube,large red rubber cylinder,b_front,medium,b_front,True,b_front,True,a_front,False,b_front,True,b_front,True,a_front,False
CLEVR_val_000260.png,large cyan metal sphere,small yellow metal cube,a_front,medium,a_front,True,a_front,True,b_front,False,a_front,True,b_front,False,a_front,True
CLEVR_val_000049.png,large blue metal sphere,small yellow metal sphere,a_front,large,b_front,False,a_front,True,b_front,False,a_front,True,b_front,False,a_front,True
CLEVR_val_000047.png,large purple metal sphere,large red metal cube,b_front,large,a_front,False,b_front,True,a_front,False,a_front,False,a_front,False,b_front,True
CLEVR_val_000236.png,small brown metal cube,small blue rubber cylinder,a_front,large,b_front,False,a_front,True,b_front,False,b_front,False,a_front,True,b_front,False
CLEVR_val_000050.png,large purple metal cylinder,small red rubber sphere,a_front,large,a_front,True,a_front,True,b_front,False,a_front,True,b_front,False,a_front,True
CLEVR_val_000239.png,small green metal cylinder,large blue rubber cylinder,a_front,large,b_front,False,a_front,True,b_front,False,b_front,False,b_front,False,a_front,True
CLEVR_val_000183.png,small yellow metal cube,small blue metal cube,b_front,large,a_front,False,b_front,True,a_front,False,a_front,False,b_front,True,a_front,False
CLEVR_val_000126.png,small cyan metal cylinder,small green rubber cylinder,a_front,large,b_front,False,a_front,True,b_front,False,b_front,False,a_front,True,b_front,False
CLEVR_val_000066.png,small red metal cylinder,large blue rubber cube,a_front,large,a_front,True,a_front,True,b_front,False,b_front,False,a_front,True,b_front,False
CLEVR_val_000028.png,large purple metal sphere,large purple rubber sphere,b_front,medium,b_front,True,b_front,True,a_front,False,b_front,True,b_front,True,a_front,False
CLEVR_val_000168.png,small brown rubber sphere,large gray metal cube,b_front,medium,a_front,False,b_front,True,a_front,False,b_front,True,a_front,False,b_front,True
CLEVR_val_000177.png,large gray metal sphere,small gray rubber cube,a_front,large,b_front,False,a_front,True,b_front,False,a_front,True,a_front,True,b_front,False
CLEVR_val_000040.png,large purple metal sphere,small gray metal sphere,a_front,large,a_front,True,a_front,True,b_front,False,a_front,True,b_front,False,a_front,True
CLEVR_val_000125.png,small brown rubber sphere,large green rubber cube,b_front,large,b_front,True,b_front,True,a_front,False,b_front,True,b_front,True,a_front,False
CLEVR_val_000009.png,large blue rubber cube,small purple metal cube,a_front,large,a_front,True,a_front,True,b_front,False,a_front,True,b_front,False,a_front,True
CLEVR_val_000102.png,small red rubber cube,small cyan metal cube,b_front,medium,b_front,True,b_front,True,a_front,False,b_front,True,b_front,True,a_front,False
CLEVR_val_000028.png,large purple metal sphere,small gray rubber cylinder,a_front,medium,a_front,True,b_front,False,a_front,True,a_front,True,a_front,True,b_front,False
CLEVR_val_000191.png,large purple rubber sphere,small brown metal cube,b_front,large,b_front,True,b_front,True,a_front,False,a_front,False,a_front,False,b_front,True
CLEVR_val_000167.png,large blue rubber cylinder,large gray rubber cylinder,b_front,large,a_front,False,b_front,True,a_front,False,a_front,False,a_front,False,b_front,True
CLEVR_val_000218.png,small red metal sphere,large green rubber cube,b_front,large,b_front,True,b_front,True,a_front,False,b_front,True,b_front,True,a_front,False
CLEVR_val_000002.png,large yellow metal sphere,small green metal sphere,b_front,large,a_front,False,b_front,True,a_front,False,a_front,False,a_front,False,b_front,True
CLEVR_val_000025.png,large green metal cylinder,large cyan rubber cylinder,b_front,large,b_front,True,b_front,True,a_front,False,b_front,True,a_front,False,b_front,True
CLEVR_val_000054.png,small yellow metal cylinder,large purple metal cylinder,a_front,large,a_front,True,a_front,True,b_front,False,b_front,False,a_front,True,b_front,False
CLEVR_val_000167.png,small green rubber sphere,small red rubber cube,b_front,large,b_front,True,b_front,True,a_front,False,b_front,True,b_front,True,a_front,False
CLEVR_val_000119.png,small red metal cube,large blue metal sphere,a_front,large,a_front,True,a_front,True,b_front,False,b_front,False,b_front,False,a_front,True
CLEVR_val_000255.png,small blue rubber sphere,small purple rubber sphere,a_front,large,b_front,False,a_front,True,b_front,False,b_front,False,b_front,False,a_front,True
CLEVR_val_000156.png,large green rubber cube,large yellow rubber cube,b_front,large,a_front,False,b_front,True,a_front,False,a_front,False,b_front,True,a_front,False
CLEVR_val_000148.png,large brown metal sphere,small red metal cylinder,a_front,large,b_front,False,a_front,True,b_front,False,a_front,True,a_front,True,b_front,False
CLEVR_val_000234.png,large purple rubber cube,small green rubber sphere,b_front,medium,a_front,False,b_front,True,a_front,False,a_front,False,a_front,False,b_front,True
CLEVR_val_000041.png,small gray rubber cylinder,large yellow metal sphere,b_front,large,b_front,True,b_front,True,a_front,False,b_front,True,b_front,True,a_front,False
CLEVR_val_000059.png,large gray metal cube,small cyan metal sphere,a_front,medium,a_front,True,a_front,True,b_front,False,a_front,True,b_front,False,a_front,True
CLEVR_val_000196.png,small blue metal cube,large gray metal sphere,b_front,large,b_front,True,b_front,True,a_front,False,b_front,True,b_front,True,a_front,False
CLEVR_val_000201.png,large cyan rubber sphere,small yellow rubber sphere,a_front,small,a_front,True,b_front,False,a_front,True,a_front,True,b_front,False,a_front,True
CLEVR_val_000031.png,small red rubber cylinder,small green rubber cube,b_front,large,b_front,True,b_front,True,a_front,False,b_front,True,b_front,True,a_front,False
CLEVR_val_000190.png,small cyan metal cube,small green rubber sphere,b_front,large,a_front,False,b_front,True,a_front,False,a_front,False,b_front,True,a_front,False
CLEVR_val_000170.png,large green metal cylinder,large red metal cylinder,a_front,medium,b_front,False,a_front,True,b_front,False,b_front,False,b_front,False,a_front,True
CLEVR_val_000024.png,small yellow metal cylinder,small brown rubber cube,b_front,large,a_front,False,b_front,True,a_front,False,a_front,False,a_front,False,b_front,True
CLEVR_val_000031.png,large blue metal cylinder,small green rubber sphere,b_front,medium,b_front,True,b_front,True,a_front,False,a_front,False,a_front,False,b_front,True
CLEVR_val_000196.png,small yellow rubber sphere,large red rubber cube,b_front,large,a_front,False,b_front,True,a_front,False,b_front,True,a_front,False,b_front,True
CLEVR_val_000009.png,large blue rubber cube,large brown rubber cylinder,b_front,small,b_front,True,b_front,True,a_front,False,b_front,True,b_front,True,a_front,False
CLEVR_val_000070.png,small gray metal cube,large blue rubber cylinder,b_front,large,a_front,False,b_front,True,a_front,False,b_front,True,b_front,True,a_front,False
CLEVR_val_000073.png,small blue metal sphere,small blue rubber cube,b_front,medium,b_front,True,b_front,True,a_front,False,b_front,True,b_front,True,a_front,False
CLEVR_val_000200.png,large gray rubber cylinder,small yellow rubber cube,a_front,large,a_front,True,a_front,True,b_front,False,a_front,True,a_front,True,b_front,False
CLEVR_val_000262.png,small cyan metal sphere,large blue metal cylinder,a_front,medium,b_front,False,a_front,True,b_front,False,b_front,False,a_front,True,b_front,False
CLEVR_val_000195.png,small red rubber cylinder,small cyan rubber cube,b_front,large,a_front,False,b_front,True,a_front,False,a_front,False,b_front,True,a_front,False
CLEVR_val_000223.png,small yellow rubber cube,small yellow rubber sphere,a_front,large,b_front,False,a_front,True,b_front,False,b_front,False,b_front,False,a_front,True
CLEVR_val_000179.png,small gray rubber cube,small gray metal sphere,a_front,large,a_front,True,a_front,True,b_front,False,a_front,True,b_front,False,a_front,True
CLEVR_val_000142.png,large purple metal sphere,small cyan rubber cube,b_front,small,b_front,True,b_front,True,a_front,False,a_front,False,b_front,True,a_front,False
CLEVR_val_000077.png,small brown metal cylinder,small green rubber cube,b_front,large,a_front,False,b_front,True,a_front,False,a_front,False,a_front,False,b_front,True
CLEVR_val_000134.png,small yellow rubber cube,large green metal sphere,a_front,medium,b_front,False,a_front,True,b_front,False,b_front,False,b_front,False,a_front,True
CLEVR_val_000058.png,small cyan rubber cylinder,small purple rubber cube,b_front,large,a_front,False,b_front,True,a_front,False,a_front,False,a_front,False,b_front,True
CLEVR_val_000276.png,small cyan metal cylinder,large cyan metal cube,b_front,medium,b_front,True,b_front,True,a_front,False,b_front,True,b_front,True,a_front,False
CLEVR_val_000185.png,large yellow metal sphere,small yellow rubber sphere,a_front,small,a_front,True,a_front,True,b_front,False,a_front,True,b_front,False,a_front,True
CLEVR_val_000063.png,small brown metal sphere,small gray metal sphere,a_front,medium,b_front,False,a_front,True,b_front,False,b_front,False,a_front,True,b_front,False
CLEVR_val_000031.png,small green rubber sphere,small cyan rubber cylinder,b_front,medium,a_front,False,b_front,True,a_front,False,a_front,False,b_front,True,a_front,False
CLEVR_val_000236.png,small cyan rubber sphere,large gray rubber cube,a_front,large,b_front,False,a_front,True,b_front,False,b_front,False,a_front,True,b_front,False
CLEVR_val_000229.png,small gray metal sphere,small yellow metal sphere,a_front,large,a_front,True,a_front,True,b_front,False,a_front,True,b_front,False,a_front,True
CLEVR_val_000084.png,small green rubber sphere,large purple metal sphere,b_front,large,b_front,True,b_front,True,a_front,False,b_front,True,a_front,False,b_front,True
CLEVR_val_000201.png,large cyan rubber sphere,large green metal cylinder,b_front,medium,a_front,False,b_front,True,a_front,False,a_front,False,a_front,False,b_front,True
CLEVR_val_000253.png,large green metal cube,small red metal cylinder,a_front,medium,b_front,False,a_front,True,b_front,False,a_front,True,a_front,True,b_front,False
CLEVR_val_000195.png,large gray rubber cylinder,small red rubber cylinder,a_front,large,a_front,True,a_front,True,b_front,False,a_front,True,b_front,False,a_front,True
CLEVR_val_000252.png,large yellow metal sphere,large gray metal sphere,a_front,large,b_front,False,a_front,True,b_front,False,b_front,False,b_front,False,a_front,True
CLEVR_val_000073.png,large purple rubber sphere,small blue rubber cube,b_front,small,a_front,False,b_front,True,a_front,False,a_front,False,a_front,False,b_front,True
CLEVR_val_000180.png,large brown metal cube,large green rubber cylinder,a_front,large,b_front,False,a_front,True,b_front,False,b_front,False,b_front,False,a_front,True
CLEVR_val_000178.png,small yellow metal cube,small cyan metal cylinder,b_front,large,a_front,False,b_front,True,a_front,False,a_front,False,a_front,False,b_front,True
CLEVR_val_000167.png,large red metal cylinder,large gray rubber cylinder,a_front,medium,b_front,False,a_front,True,b_front,False,b_front,False,a_front,True,b_front,False
CLEVR_val_000215.png,small yellow metal sphere,small gray metal cube,b_front,medium,a_front,False,b_front,True,a_front,False,a_front,False,a_front,False,b_front,True
CLEVR_val_000269.png,large cyan rubber cube,large green rubber cube,b_front,large,b_front,True,b_front,True,a_front,False,b_front,True,a_front,False,b_front,True
CLEVR_val_000093.png,large green metal cylinder,small yellow metal cube,a_front,large,a_front,True,a_front,True,b_front,False,a_front,True,a_front,True,b_front,False
CLEVR_val_000165.png,small blue metal sphere,large brown rubber cube,b_front,large,b_front,True,b_front,True,a_front,False,b_front,True,a_front,False,b_front,True
CLEVR_val_000269.png,large cyan rubber cube,small yellow metal cylinder,b_front,medium,a_front,False,b_front,True,a_front,False,a_front,False,a_front,False,b_front,True
CLEVR_val_000053.png,small yellow metal cylinder,large blue rubber sphere,a_front,large,b_front,False,a_front,True,b_front,False,b_front,False,b_front,False,a_front,True
CLEVR_val_000088.png,large blue rubber cube,large cyan metal cube,a_front,medium,a_front,True,a_front,True,b_front,False,a_front,True,a_front,True,b_front,False
CLEVR_val_000284.png,large green metal cylinder,small red rubber cylinder,b_front,medium,b_front,True,b_front,True,a_front,False,a_front,False,b_front,True,a_front,False
CLEVR_val_000146.png,small gray metal cube,large brown rubber cylinder,b_front,large,a_front,False,b_front,True,a_front,False,b_front,True,b_front,True,a_front,False
CLEVR_val_000072.png,large yellow metal cylinder,large blue metal cylinder,a_front,medium,b_front,False,a_front,True,b_front,False,b_front,False,b_front,False,a_front,True
CLEVR_val_000020.png,large cyan metal cylinder,small green rubber sphere,b_front,large,a_front,False,b_front,True,a_front,False,a_front,False,b_front,True,a_front,False
CLEVR_val_000282.png,large purple metal sphere,large gray rubber cube,b_front,large,b_front,True,b_front,True,a_front,False,b_front,True,a_front,False,b_front,True
CLEVR_val_000028.png,large brown rubber cube,small brown metal sphere,b_front,medium,a_front,False,b_front,True,a_front,False,a_front,False,b_front,True,a_front,False
CLEVR_val_000228.png,small blue metal cube,small gray metal sphere,a_front,large,b_front,False,a_front,True,b_front,False,b_front,False,b_front,False,a_front,True
CLEVR_val_000136.png,large gray rubber sphere,small blue metal cube,b_front,small,a_front,False,b_front,True,a_front,False,a_front,False,b_front,True,a_front,False
CLEVR_val_000253.png,large red metal sphere,large purple metal cylinder,b_front,small,b_front,True,b_front,True,a_front,False,b_front,True,a_front,False,b_front,True
CLEVR_val_000274.png,small red rubber cube,large purple rubber cube,b_front,small,a_front,False,a_front,False,b_front,True,b_front,True,a_front,False,b_front,True
CLEVR_val_000236.png,small brown metal sphere,large green rubber cylinder,a_front,medium,b_front,False,a_front,True,b_front,False,b_front,False,a_front,True,b_front,False
CLEVR_val_000155.png,large purple metal cube,small purple metal cylinder,b_front,medium,a_front,False,b_front,True,a_front,False,a_front,False,b_front,True,a_front,False
CLEVR_val_000279.png,small blue rubber cylinder,large yellow rubber cylinder,a_front,large,b_front,False,a_front,True,b_front,False,b_front,False,b_front,False,a_front,True
CLEVR_val_000067.png,large purple metal sphere,small brown rubber sphere,a_front,large,a_front,True,a_front,True,b_front,False,a_front,True,a_front,True,b_front,False
CLEVR_val_000263.png,large cyan rubber cube,small gray rubber cube,b_front,small,b_front,True,b_front,True,a_front,False,a_front,False,a_front,False,b_front,True
CLEVR_val_000043.png,large blue metal sphere,large red rubber sphere,b_front,large,a_front,False,b_front,True,a_front,False,a_front,False,a_front,False,b_front,True
CLEVR_val_000197.png,small blue rubber cylinder,small cyan rubber cylinder,a_front,small,b_front,False,a_front,True,b_front,False,b_front,False,b_front,False,a_front,True
CLEVR_val_000072.png,large cyan metal cube,large purple rubber cylinder,b_front,large,a_front,False,b_front,True,a_front,False,a_front,False,a_front,False,b_front,True
CLEVR_val_000191.png,small red rubber sphere,small red rubber cylinder,a_front,large,b_front,False,a_front,True,b_front,False,b_front,False,b_front,False,a_front,True
CLEVR_val_000102.png,small green rubber cylinder,small red rubber cube,a_front,small,a_front,True,a_front,True,b_front,False,a_front,True,a_front,True,b_front,False
CLEVR_val_000026.png,large red rubber cylinder,small cyan metal sphere,b_front,large,b_front,True,b_front,True,a_front,False,a_front,False,b_front,True,a_front,False
CLEVR_val_000053.png,small yellow rubber cube,small blue metal cylinder,a_front,medium,a_front,True,a_front,True,b_front,False,a_front,True,a_front,True,b_front,False
CLEVR_val_000192.png,large purple metal cylinder,small gray metal cylinder,a_front,medium,b_front,False,a_front,True,b_front,False,a_front,True,b_front,False,a_front,True
CLEVR_val_000172.png,large purple rubber cylinder,small gray metal cube,a_front,small,a_front,True,b_front,False,a_front,True,a_front,True,b_front,False,a_front,True
CLEVR_val_000241.png,large green metal cube,large purple metal cylinder,b_front,medium,b_front,True,b_front,True,a_front,False,b_front,True,b_front,True,a_front,False
CLEVR_val_000185.png,large purple rubber sphere,large red metal cylinder,a_front,medium,a_front,True,a_front,True,b_front,False,a_front,True,a_front,True,b_front,False
CLEVR_val_000196.png,small brown rubber sphere,large gray metal sphere,b_front,large,b_front,True,b_front,True,a_front,False,b_front,True,b_front,True,a_front,False
CLEVR_val_000184.png,large green metal cube,small red rubber sphere,a_front,large,a_front,True,a_front,True,b_front,False,a_front,True,a_front,True,b_front,False
CLEVR_val_000180.png,small green metal sphere,large brown metal cube,b_front,large,b_front,True,b_front,True,a_front,False,b_front,True,b_front,True,a_front,False
CLEVR_val_000273.png,large gray metal sphere,small cyan metal sphere,b_front,large,a_front,False,b_front,True,a_front,False,a_front,False,b_front,True,a_front,False
CLEVR_val_000254.png,large green metal cube,small red rubber sphere,a_front,large,b_front,False,a_front,True,b_front,False,a_front,True,b_front,False,a_front,True
CLEVR_val_000219.png,large red metal cube,large green metal sphere,b_front,medium,a_front,False,b_front,True,a_front,False,a_front,False,b_front,True,a_front,False
CLEVR_val_000228.png,small brown rubber sphere,large purple metal cube,b_front,small,b_front,True,a_front,False,b_front,True,b_front,True,b_front,True,a_front,False
CLEVR_val_000002.png,small brown metal cylinder,large yellow rubber cube,b_front,large,a_front,False,b_front,True,a_front,False,b_front,True,a_front,False,b_front,True
CLEVR_val_000019.png,large yellow metal cube,large green metal cube,a_front,large,b_front,False,a_front,True,b_front,False,b_front,False,a_front,True,b_front,False
CLEVR_val_000050.png,small cyan metal sphere,small red rubber sphere,a_front,large,a_front,True,a_front,True,b_front,False,a_front,True,b_front,False,a_front,True
CLEVR_val_000274.png,large cyan metal sphere,small purple rubber cube,a_front,large,b_front,False,a_front,True,b_front,False,a_front,True,a_front,True,b_front,False
CLEVR_val_000273.png,small red metal cube,small yellow rubber cube,b_front,large,a_front,False,b_front,True,a_front,False,a_front,False,b_front,True,a_front,False
CLEVR_val_000030.png,small purple metal cube,small blue rubber cylinder,b_front,medium,b_front,True,b_front,True,a_front,False,b_front,True,b_front,True,a_front,False
CLEVR_val_000060.png,large purple metal cylinder,small yellow rubber sphere,a_front,large,a_front,True,a_front,True,b_front,False,a_front,True,b_front,False,a_front,True
CLEVR_val_000168.png,small brown rubber sphere,small red rubber sphere,b_front,small,b_front,True,b_front,True,a_front,False,b_front,True,b_front,True,a_front,False
CLEVR_val_000090.png,small purple rubber cylinder,small gray metal sphere,a_front,large,a_front,True,a_front,True,b_front,False,a_front,True,b_front,False,a_front,True
CLEVR_val_000149.png,large cyan rubber sphere,large cyan rubber cube,b_front,large,b_front,True,b_front,True,a_front,False,b_front,True,b_front,True,a_front,False
CLEVR_val_000207.png,large green rubber cylinder,large brown rubber cube,b_front,medium,a_front,False,b_front,True,a_front,False,a_front,False,a_front,False,b_front,True
CLEVR_val_000222.png,large blue metal sphere,small blue rubber sphere,a_front,large,b_front,False,a_front,True,b_front,False,a_front,True,b_front,False,a_front,True
CLEVR_val_000287.png,small brown rubber sphere,small yellow metal cube,b_front,large,a_front,False,b_front,True,a_front,False,a_front,False,a_front,False,b_front,True
CLEVR_val_000125.png,large blue metal cube,large purple rubber sphere,a_front,large,b_front,False,a_front,True,b_front,False,b_front,False,a_front,True,b_front,False
CLEVR_val_000142.png,small cyan metal cube,large brown rubber cylinder,a_front,medium,a_front,True,a_front,True,b_front,False,b_front,False,b_front,False,a_front,True
CLEVR_val_000283.png,large purple rubber cube,small purple rubber cylinder,a_front,large,b_front,False,a_front,True,b_front,False,a_front,True,b_front,False,a_front,True
CLEVR_val_000087.png,large brown rubber sphere,large purple metal cylinder,a_front,small,a_front,True,a_front,True,b_front,False,a_front,True,a_front,True,b_front,False
CLEVR_val_000166.png,large green rubber cube,small purple metal cube,a_front,large,b_front,False,a_front,True,b_front,False,a_front,True,a_front,True,b_front,False
CLEVR_val_000057.png,small brown rubber cylinder,large purple metal cube,b_front,medium,a_front,False,b_front,True,a_front,False,b_front,True,a_front,False,b_front,True
CLEVR_val_000060.png,small blue rubber sphere,small yellow rubber sphere,b_front,medium,b_front,True,b_front,True,a_front,False,b_front,True,b_front,True,a_front,False
CLEVR_val_000054.png,small cyan metal cylinder,large yellow rubber cylinder,a_front,large,a_front,True,a_front,True,b_front,False,b_front,False,a_front,True,b_front,False
CLEVR_val_000181.png,small brown metal cylinder,large gray rubber sphere,a_front,small,b_front,False,a_front,True,b_front,False,b_front,False,b_front,False,a_front,True
CLEVR_val_000044.png,large green rubber cube,small yellow rubber sphere,b_front,large,a_front,False,b_front,True,a_front,False,a_front,False,a_front,False,b_front,True
CLEVR_val_000158.png,small red rubber sphere,large gray rubber cube,b_front,large,b_front,True,b_front,True,a_front,False,b_front,True,a_front,False,b_front,True
CLEVR_val_000059.png,large brown rubber sphere,small cyan metal sphere,a_front,small,a_front,True,b_front,False,a_front,True,a_front,True,b_front,False,a_front,True
CLEVR_val_000144.png,large brown metal cube,large brown rubber cylinder,a_front,medium,b_front,False,a_front,True,b_front,False,b_front,False,a_front,True,b_front,False
CLEVR_val_000029.png,large yellow metal cube,small gray rubber sphere,a_front,large,a_front,True,a_front,True,b_front,False,a_front,True,a_front,True,b_front,False
CLEVR_val_000122.png,large green metal sphere,small yellow rubber cube,a_front,large,b_front,False,a_front,True,b_front,False,a_front,True,a_front,True,b_front,False
CLEVR_val_000049.png,small yellow metal sphere,large yellow metal cylinder,b_front,large,a_front,False,b_front,True,a_front,False,b_front,True,b_front,True,a_front,False
CLEVR_val_000246.png,small purple rubber sphere,small yellow metal cube,a_front,medium,b_front,False,a_front,True,b_front,False,b_front,False,a_front,True,b_front,False
CLEVR_val_000017.png,large cyan rubber cube,large brown rubber sphere,a_front,large,a_front,True,a_front,True,b_front,False,a_front,True,a_front,True,b_front,False
CLEVR_val_000039.png,large brown metal cube,small yellow metal cylinder,b_front,medium,b_front,True,b_front,True,a_front,False,a_front,False,a_front,False,b_front,True
CLEVR_val_000234.png,large purple rubber cube,small cyan metal cube,a_front,large,a_front,True,a_front,True,b_front,False,a_front,True,a_front,True,b_front,False
CLEVR_val_000023.png,small blue rubber sphere,large gray metal cylinder,b_front,small,b_front,True,a_front,False,b_front,True,b_front,True,b_front,True,a_front,False
CLEVR_val_000054.png,large purple metal cylinder,large yellow rubber cylinder,a_front,large,a_front,True,a_front,True,b_front,False,a_front,True,b_front,False,a_front,True
CLEVR_val_000218.png,large red rubber cylinder,large green metal cube,a_front,large,b_front,False,a_front,True,b_front,False,b_front,False,a_front,True,b_front,False
CLEVR_val_000198.png,large blue rubber sphere,small cyan metal cube,a_front,small,a_front,True,b_front,False,a_front,True,a_front,True,a_front,True,b_front,False
CLEVR_val_000243.png,small purple rubber cylinder,small brown rubber cylinder,b_front,large,b_front,True,b_front,True,a_front,False,b_front,True,b_front,True,a_front,False
CLEVR_val_000048.png,large red metal sphere,small green metal cylinder,a_front,large,a_front,True,a_front,True,b_front,False,a_front,True,a_front,True,b_front,False
CLEVR_val_000095.png,small gray rubber cylinder,large blue metal sphere,b_front,large,b_front,True,b_front,True,a_front,False,b_front,True,b_front,True,a_front,False
CLEVR_val_000033.png,small yellow metal sphere,small purple rubber cylinder,b_front,large,a_front,False,b_front,True,a_front,False,a_front,False,a_front,False,b_front,True
CLEVR_val_000168.png,small red rubber sphere,small red rubber cube,b_front,medium,b_front,True,b_front,True,a_front,False,b_front,True,a_front,False,b_front,True
CLEVR_val_000042.png,small blue metal cylinder,large brown rubber cylinder,b_front,large,a_front,False,b_front,True,a_front,False,b_front,True,b_front,True,a_front,False
CLEVR_val_000073.png,small purple metal sphere,large red rubber sphere,b_front,small,b_front,True,a_front,False,b_front,True,b_front,True,b_front,True,a_front,False
CLEVR_val_000270.png,small yellow metal cylinder,small blue rubber cube,a_front,large,a_front,True,a_front,True,b_front,False,a_front,True,a_front,True,b_front,False
CLEVR_val_000068.png,small red metal cube,large cyan rubber cylinder,a_front,large,b_front,False,a_front,True,b_front,False,b_front,False,b_front,False,a_front,True
CLEVR_val_000049.png,small yellow metal sphere,small yellow rubber sphere,b_front,large,a_front,False,b_front,True,a_front,False,a_front,False,b_front,True,a_front,False
CLEVR_val_000009.png,small purple metal cube,small gray rubber cube,b_front,large,b_front,True,b_front,True,a_front,False,b_front,True,b_front,True,a_front,False
CLEVR_val_000100.png,large green metal sphere,small red metal cube,a_front,large,a_front,True,a_front,True,b_front,False,a_front,True,a_front,True,b_front,False
CLEVR_val_000157.png,small brown rubber cylinder,large cyan metal cylinder,b_front,medium,b_front,True,b_front,True,a_front,False,b_front,True,a_front,False,b_front,True
CLEVR_val_000202.png,small yellow rubber cylinder,small red metal cylinder,b_front,large,a_front,False,b_front,True,a_front,False,a_front,False,a_front,False,b_front,True
CLEVR_val_000109.png,small red metal cube,large brown rubber cube,a_front,large,b_front,False,a_front,True,b_front,False,b_front,False,b_front,False,a_front,True
CLEVR_val_000144.png,large brown metal sphere,large brown metal cube,a_front,medium,a_front,True,a_front,True,b_front,False,a_front,True,b_front,False,a_front,True
CLEVR_val_000044.png,small gray rubber sphere,small green rubber cylinder,b_front,large,b_front,True,b_front,True,a_front,False,b_front,True,a_front,False,b_front,True
CLEVR_val_000129.png,small cyan metal sphere,small gray metal cylinder,a_front,small,a_front,True,a_front,True,b_front,False,a_front,True,b_front,False,a_front,True
CLEVR_val_000070.png,small brown metal cylinder,large gray metal cube,b_front,large,b_front,True,b_front,True,a_front,False,b_front,True,b_front,True,a_front,False
CLEVR_val_000152.png,small cyan metal sphere,large brown rubber sphere,b_front,medium,a_front,False,b_front,True,a_front,False,b_front,True,a_front,False,b_front,True
CLEVR_val_000169.png,large green rubber cylinder,large cyan metal sphere,b_front,small,b_front,True,b_front,True,a_front,False,b_front,True,b_front,True,a_front,False
CLEVR_val_000088.png,large blue rubber cube,large yellow metal cylinder,b_front,large,a_front,False,b_front,True,a_front,False,a_front,False,b_front,True,a_front,False
CLEVR_val_000053.png,small yellow rubber sphere,small blue metal cylinder,b_front,large,b_front,True,b_front,True,a_front,False,b_front,True,b_front,True,a_front,False
CLEVR_val_000111.png,large cyan rubber cylinder,small gray metal cylinder,a_front,small,a_front,True,b_front,False,a_front,True,a_front,True,b_front,False,a_front,True
CLEVR_val_000074.png,large red metal sphere,small purple metal cylinder,b_front,large,b_front,True,b_front,True,a_front,False,a_front,False,b_front,True,a_front,False
CLEVR_val_000160.png,large yellow metal cylinder,large cyan rubber cube,a_front,large,a_front,True,a_front,True,b_front,False,a_front,True,a_front,True,b_front,False
CLEVR_val_000023.png,large brown metal sphere,small green rubber cube,a_front,medium,b_front,False,a_front,True,b_front,False,a_front,True,a_front,True,b_front,False
CLEVR_val_000254.png,small cyan rubber cube,large yellow metal cube,b_front,small,a_front,False,a_front,False,b_front,True,b_front,True,b_front,True,a_front,False
CLEVR_val_000240.png,large blue rubber cube,large blue rubber cylinder,a_front,large,b_front,False,a_front,True,b_front,False,b_front,False,a_front,True,b_front,False
CLEVR_val_000024.png,large gray rubber sphere,large gray metal cube,b_front,large,a_front,False,b_front,True,a_front,False,a_front,False,b_front,True,a_front,False
CLEVR_val_000126.png,small green rubber cylinder,small red metal cube,b_front,small,b_front,True,b_front,True,a_front,False,b_front,True,b_front,True,a_front,False
CLEVR_val_000001.png,small cyan metal cube,small green metal cylinder,b_front,large,a_front,False,b_front,True,a_front,False,a_front,False,b_front,True,a_front,False
CLEVR_val_000263.png,large cyan rubber cube,small gray rubber cylinder,a_front,large,b_front,False,a_front,True,b_front,False,a_front,True,b_front,False,a_front,True
CLEVR_val_000009.png,large brown rubber cylinder,small blue metal cube,a_front,medium,a_front,True,a_front,True,b_front,False,a_front,True,a_front,True,b_front,False
CLEVR_val_000257.png,large gray metal cylinder,small purple rubber sphere,b_front,small,b_front,True,b_front,True,a_front,False,a_front,False,a_front,False,b_front,True
CLEVR_val_000121.png,small green rubber sphere,large blue rubber sphere,b_front,medium,a_front,False,b_front,True,a_front,False,b_front,True,b_front,True,a_front,False
CLEVR_val_000141.png,small blue metal cube,small gray rubber cube,a_front,large,b_front,False,a_front,True,b_front,False,b_front,False,b_front,False,a_front,True
CLEVR_val_000050.png,small gray metal sphere,small red rubber sphere,a_front,large,a_front,True,a_front,True,b_front,False,a_front,True,b_front,False,a_front,True
CLEVR_val_000004.png,large gray rubber cylinder,large gray metal sphere,a_front,large,b_front,False,a_front,True,b_front,False,b_front,False,b_front,False,a_front,True
CLEVR_val_000246.png,small green rubber cylinder,large blue rubber sphere,a_front,large,a_front,True,a_front,True,b_front,False,b_front,False,b_front,False,a_front,True
CLEVR_val_000219.png,large red metal cube,small yellow metal cube,a_front,small,b_front,False,a_front,True,b_front,False,a_front,True,b_front,False,a_front,True
CLEVR_val_000274.png,large cyan metal sphere,small red rubber cube,a_front,large,a_front,True,a_front,True,b_front,False,a_front,True,b_front,False,a_front,True
CLEVR_val_000122.png,large green metal cube,small yellow rubber cube,a_front,large,b_front,False,a_front,True,b_front,False,a_front,True,b_front,False,a_front,True
CLEVR_val_000175.png,large purple rubber cube,large gray rubber cube,b_front,large,a_front,False,b_front,True,a_front,False,a_front,False,a_front,False,b_front,True
CLEVR_val_000198.png,small cyan rubber cylinder,small blue metal cylinder,b_front,large,b_front,True,b_front,True,a_front,False,b_front,True,b_front,True,a_front,False
CLEVR_val_000044.png,small green rubber cube,small green rubber cylinder,a_front,small,a_front,True,a_front,True,b_front,False,a_front,True,a_front,True,b_front,False
CLEVR_val_000125.png,large green rubber sphere,large blue rubber cylinder,b_front,large,b_front,True,b_front,True,a_front,False,b_front,True,a_front,False,b_front,True
CLEVR_val_000071.png,small red metal cube,large red rubber cube,a_front,large,a_front,True,a_front,True,b_front,False,b_front,False,b_front,False,a_front,True
CLEVR_val_000212.png,large red metal cylinder,small green rubber cube,a_front,medium,b_front,False,a_front,True,b_front,False,a_front,True,b_front,False,a_front,True
CLEVR_val_000107.png,large blue rubber cylinder,small green metal sphere,a_front,large,a_front,True,a_front,True,b_front,False,a_front,True,a_front,True,b_front,False
CLEVR_val_000013.png,large blue metal sphere,large gray metal cylinder,b_front,small,b_front,True,b_front,True,a_front,False,b_front,True,a_front,False,b_front,True
CLEVR_val_000047.png,large purple metal sphere,large green metal cylinder,a_front,large,a_front,True,a_front,True,b_front,False,a_front,True,b_front,False,a_front,True
CLEVR_val_000212.png,small cyan metal cube,small green rubber cube,a_front,large,b_front,False,a_front,True,b_front,False,b_front,False,a_front,True,b_front,False
CLEVR_val_000006.png,large green rubber cube,small gray rubber sphere,b_front,large,a_front,False,b_front,True,a_front,False,a_front,False,a_front,False,b_front,True
CLEVR_val_000061.png,small green metal cylinder,small purple metal sphere,a_front,large,b_front,False,a_front,True,b_front,False,b_front,False,b_front,False,a_front,True
CLEVR_val_000129.png,large red metal sphere,small gray metal cylinder,b_front,large,a_front,False,b_front,True,a_front,False,a_front,False,a_front,False,b_front,True
CLEVR_val_000110.png,small purple metal cylinder,large red metal sphere,b_front,large,b_front,True,b_front,True,a_front,False,b_front,True,a_front,False,b_front,True
CLEVR_val_000089.png,small gray rubber cylinder,small brown metal cylinder,b_front,large,a_front,False,b_front,True,a_front,False,a_front,False,a_front,False,b_front,True
CLEVR_val_000126.png,small green metal cube,small yellow metal cylinder,a_front,medium,b_front,False,a_front,True,b_front,False,b_front,False,b_front,False,a_front,True
CLEVR_val_000106.png,large yellow metal cube,small yellow metal cylinder,a_front,large,a_front,True,a_front,True,b_front,False,a_front,True,a_front,True,b_front,False
CLEVR_val_000240.png,small red rubber cylinder,large cyan metal cube,a_front,small,b_front,False,a_front,True,b_front,False,b_front,False,b_front,False,a_front,True
CLEVR_val_000243.png,large yellow metal sphere,small brown rubber cylinder,b_front,large,a_front,False,b_front,True,a_front,False,a_front,False,b_front,True,a_front,False
CLEVR_val_000028.png,small red metal cube,large purple rubber sphere,a_front,large,b_front,False,a_front,True,b_front,False,b_front,False,b_front,False,a_front,True
CLEVR_val_000228.png,small brown rubber sphere,large purple rubber cylinder,a_front,large,a_front,True,a_front,True,b_front,False,b_front,False,b_front,False,a_front,True
CLEVR_val_000001.png,small yellow metal cube,small green metal cylinder,b_front,large,b_front,True,b_front,True,a_front,False,b_front,True,b_front,True,a_front,False
CLEVR_val_000141.png,small cyan metal cylinder,small gray rubber cube,a_front,medium,a_front,True,a_front,True,b_front,False,a_front,True,b_front,False,a_front,True
CLEVR_val_000209.png,small yellow rubber cylinder,small blue metal cube,b_front,large,b_front,True,b_front,True,a_front,False,b_front,True,a_front,False,b_front,True
CLEVR_val_000156.png,small green rubber cylinder,large green rubber cube,a_front,large,a_front,True,a_front,True,b_front,False,b_front,False,a_front,True,b_front,False
CLEVR_val_000268.png,small red rubber sphere,large blue rubber cylinder,a_front,large,b_front,False,a_front,True,b_front,False,b_front,False,a_front,True,b_front,False
CLEVR_val_000189.png,small red rubber cube,large red rubber sphere,b_front,medium,a_front,False,b_front,True,a_front,False,b_front,True,a_front,False,b_front,True
CLEVR_val_000008.png,small gray metal sphere,large yellow metal sphere,a_front,large,b_front,False,a_front,True,b_front,False,b_front,False,a_front,True,b_front,False
CLEVR_val_000254.png,large yellow metal cube,large red rubber cube,b_front,large,a_front,False,b_front,True,a_front,False,a_front,False,a_front,False,b_front,True
CLEVR_val_000171.png,small blue metal sphere,large cyan rubber cylinder,a_front,large,b_front,False,a_front,True,b_front,False,b_front,False,b_front,False,a_front,True
CLEVR_val_000252.png,small green rubber cube,large yellow metal sphere,b_front,large,a_front,False,b_front,True,a_front,False,b_front,True,b_front,True,a_front,False
CLEVR_val_000211.png,small red rubber cylinder,small cyan metal sphere,a_front,small,b_front,False,a_front,True,b_front,False,b_front,False,b_front,False,a_front,True
CLEVR_val_000146.png,small gray metal cube,small cyan rubber cube,b_front,large,a_front,False,b_front,True,a_front,False,a_front,False,a_front,False,b_front,True
CLEVR_val_000068.png,small red metal cube,large gray metal cube,a_front,large,b_front,False,a_front,True,b_front,False,b_front,False,a_front,True,b_front,False
CLEVR_val_000173.png,small blue rubber sphere,large yellow metal sphere,b_front,medium,a_front,False,b_front,True,a_front,False,b_front,True,a_front,False,b_front,True
CLEVR_val_000273.png,small red metal cube,small yellow metal sphere,b_front,large,b_front,True,b_front,True,a_front,False,b_front,True,b_front,True,a_front,False
CLEVR_val_000258.png,large gray metal sphere,large yellow rubber cube,b_front,small,a_front,False,b_front,True,a_front,False,a_front,False,a_front,False,b_front,True
CLEVR_val_000072.png,large cyan metal cube,small purple metal cylinder,b_front,large,b_front,True,b_front,True,a_front,False,a_front,False,a_front,False,b_front,True
CLEVR_val_000104.png,large yellow metal cube,large purple metal sphere,a_front,medium,a_front,True,a_front,True,b_front,False,a_front,True,b_front,False,a_front,True
CLEVR_val_000179.png,small green rubber cylinder,large brown metal cube,b_front,large,b_front,True,b_front,True,a_front,False,b_front,True,a_front,False,b_front,True
CLEVR_val_000252.png,large red metal cube,small blue rubber cube,a_front,medium,a_front,True,a_front,True,b_front,False,a_front,True,b_front,False,a_front,True
CLEVR_val_000116.png,small yellow metal cylinder,large yellow metal cylinder,a_front,medium,b_front,False,a_front,True,b_front,False,b_front,False,b_front,False,a_front,True
CLEVR_val_000215.png,large brown rubber cube,small brown rubber sphere,b_front,medium,a_front,False,b_front,True,a_front,False,a_front,False,a_front,False,b_front,True
CLEVR_val_000022.png,large yellow metal cube,small cyan rubber cylinder,b_front,medium,b_front,True,b_front,True,a_front,False,a_front,False,a_front,False,b_front,True
CLEVR_val_000248.png,large red metal cube,large green rubber sphere,a_front,large,a_front,True,a_front,True,b_front,False,a_front,True,a_front,True,b_front,False
CLEVR_val_000158.png,large gray metal sphere,small cyan rubber sphere,b_front,large,b_front,True,b_front,True,a_front,False,a_front,False,a_front,False,b_front,True
CLEVR_val_000048.png,small blue metal sphere,small green metal cylinder,b_front,medium,a_front,False,b_front,True,a_front,False,a_front,False,b_front,True,a_front,False
CLEVR_val_000111.png,large yellow metal cube,large cyan rubber cylinder,b_front,large,b_front,True,b_front,True,a_front,False,b_front,True,a_front,False,b_front,True
CLEVR_val_000130.png,large brown rubber cylinder,large brown metal cylinder,a_front,medium,a_front,True,a_front,True,b_front,False,a_front,True,a_front,True,b_front,False
CLEVR_val_000273.png,small yellow metal sphere,small cyan rubber cube,a_front,large,b_front,False,a_front,True,b_front,False,b_front,False,a_front,True,b_front,False
CLEVR_val_000077.png,small brown rubber sphere,small cyan metal cylinder,b_front,large,a_front,False,b_front,True,a_front,False,a_front,False,b_front,True,a_front,False
CLEVR_val_000268.png,large green metal cylinder,large red rubber cylinder,a_front,large,b_front,False,a_front,True,b_front,False,b_front,False,b_front,False,a_front,True
CLEVR_val_000152.png,small cyan metal sphere,small brown metal sphere,a_front,medium,a_front,True,a_front,True,b_front,False,a_front,True,a_front,True,b_front,False
CLEVR_val_000114.png,small brown rubber cube,small brown metal cube,a_front,large,b_front,False,a_front,True,b_front,False,b_front,False,b_front,False,a_front,True
CLEVR_val_000231.png,large yellow metal cylinder,large red metal cylinder,b_front,small,a_front,False,b_front,True,a_front,False,a_front,False,a_front,False,b_front,True
CLEVR_val_000177.png,small gray rubber cylinder,large gray metal sphere,a_front,medium,b_front,False,a_front,True,b_front,False,b_front,False,b_front,False,a_front,True
CLEVR_val_000129.png,large gray metal sphere,small cyan metal sphere,b_front,large,a_front,False,b_front,True,a_front,False,a_front,False,a_front,False,b_front,True
CLEVR_val_000089.png,large cyan metal cylinder,small brown metal cylinder,b_front,large,b_front,True,b_front,True,a_front,False,a_front,False,a_front,False,b_front,True
CLEVR_val_000023.png,large brown rubber cube,small red rubber sphere,b_front,large,a_front,False,b_front,True,a_front,False,a_front,False,b_front,True,a_front,False
CLEVR_val_000072.png,large cyan metal cube,small green rubber cylinder,a_front,large,b_front,False,a_front,True,b_front,False,a_front,True,a_front,True,b_front,False
CLEVR_val_000017.png,small brown rubber cylinder,large brown rubber sphere,a_front,small,a_front,True,a_front,True,b_front,False,b_front,False,a_front,True,b_front,False
CLEVR_val_000023.png,small red rubber sphere,large gray metal cylinder,a_front,large,b_front,False,a_front,True,b_front,False,b_front,False,b_front,False,a_front,True
CLEVR_val_000130.png,large brown rubber cylinder,small brown rubber cube,b_front,small,a_front,False,b_front,True,a_front,False,a_front,False,b_front,True,a_front,False
CLEVR_val_000188.png,small brown metal cylinder,large purple metal cylinder,a_front,large,b_front,False,a_front,True,b_front,False,b_front,False,b_front,False,a_front,True
CLEVR_val_000195.png,large green rubber sphere,large purple metal cube,b_front,large,a_front,False,b_front,True,a_front,False,a_front,False,b_front,True,a_front,False
CLEVR_val_000158.png,small red rubber sphere,small purple metal cylinder,b_front,large,b_front,True,b_front,True,a_front,False,b_front,True,b_front,True,a_front,False
CLEVR_val_000283.png,large purple rubber cube,small gray rubber sphere,a_front,medium,a_front,True,a_front,True,b_front,False,a_front,True,a_front,True,b_front,False
CLEVR_val_000120.png,large green metal sphere,small purple rubber cube,a_front,large,b_front,False,a_front,True,b_front,False,a_front,True,a_front,True,b_front,False
CLEVR_val_000036.png,large red metal sphere,small green rubber cube,b_front,large,a_front,False,b_front,True,a_front,False,a_front,False,a_front,False,b_front,True
CLEVR_val_000057.png,small cyan metal sphere,large gray rubber sphere,a_front,large,b_front,False,a_front,True,b_front,False,b_front,False,b_front,False,a_front,True
CLEVR_val_000192.png,small purple rubber sphere,small gray metal cylinder,a_front,small,a_front,True,a_front,True,b_front,False,a_front,True,a_front,True,b_front,False
CLEVR_val_000181.png,small blue rubber sphere,small yellow rubber cylinder,b_front,large,b_front,True,b_front,True,a_front,False,b_front,True,a_front,False,b_front,True
CLEVR_val_000025.png,small yellow rubber cube,large gray metal cylinder,a_front,large,a_front,True,a_front,True,b_front,False,b_front,False,a_front,True,b_front,False
CLEVR_val_000263.png,large purple metal cube,small yellow metal cylinder,b_front,large,b_front,True,b_front,True,a_front,False,a_front,False,a_front,False,b_front,True
CLEVR_val_000060.png,large blue metal sphere,small yellow rubber sphere,b_front,medium,a_front,False,b_front,True,a_front,False,a_front,False,b_front,True,a_front,False
CLEVR_val_000188.png,large brown rubber cylinder,small purple rubber cylinder,b_front,medium,b_front,True,b_front,True,a_front,False,a_front,False,a_front,False,b_front,True
CLEVR_val_000152.png,large yellow metal sphere,small purple rubber cylinder,b_front,large,a_front,False,b_front,True,a_front,False,a_front,False,b_front,True,a_front,False
CLEVR_val_000044.png,large green rubber cube,small cyan metal cylinder,b_front,large,b_front,True,b_front,True,a_front,False,a_front,False,a_front,False,b_front,True
CLEVR_val_000168.png,small red rubber cube,small gray rubber sphere,a_front,large,a_front,True,a_front,True,b_front,False,a_front,True,b_front,False,a_front,True
CLEVR_val_000023.png,small yellow metal sphere,large brown metal sphere,a_front,large,b_front,False,a_front,True,b_front,False,b_front,False,b_front,False,a_front,True
CLEVR_val_000177.png,small yellow metal sphere,small gray rubber cube,a_front,large,a_front,True,a_front,True,b_front,False,a_front,True,b_front,False,a_front,True
CLEVR_val_000243.png,small purple metal cylinder,large brown metal cube,b_front,small,b_front,True,b_front,True,a_front,False,b_front,True,b_front,True,a_front,False
CLEVR_val_000248.png,large red metal cube,small cyan rubber cylinder,a_front,large,a_front,True,a_front,True,b_front,False,a_front,True,a_front,True,b_front,False
CLEVR_val_000146.png,small purple metal cylinder,small cyan rubber cube,a_front,medium,b_front,False,a_front,True,b_front,False,b_front,False,a_front,True,b_front,False
CLEVR_val_000137.png,small green rubber sphere,small blue rubber sphere,b_front,medium,a_front,False,b_front,True,a_front,False,a_front,False,b_front,True,a_front,False
CLEVR_val_000222.png,small cyan metal sphere,large green rubber cylinder,a_front,large,b_front,False,a_front,True,b_front,False,b_front,False,b_front,False,a_front,True
CLEVR_val_000225.png,small yellow rubber sphere,large blue metal cylinder,b_front,large,a_front,False,b_front,True,a_front,False,b_front,True,b_front,True,a_front,False
CLEVR_val_000144.png,large brown metal sphere,small green metal sphere,a_front,large,b_front,False,a_front,True,b_front,False,a_front,True,b_front,False,a_front,True
CLEVR_val_000002.png,large yellow metal sphere,large gray rubber cylinder,b_front,large,a_front,False,b_front,True,a_front,False,a_front,False,a_front,False,b_front,True
CLEVR_val_000075.png,small purple rubber cylinder,small red rubber cube,b_front,large,b_front,True,b_front,True,a_front,False,b_front,True,b_front,True,a_front,False
CLEVR_val_000110.png,small yellow metal cylinder,large purple rubber cylinder,a_front,large,a_front,True,a_front,True,b_front,False,b_front,False,a_front,True,b_front,False
CLEVR_val_000041.png,large purple metal sphere,small green rubber sphere,a_front,large,b_front,False,a_front,True,b_front,False,a_front,True,a_front,True,b_front,False
CLEVR_val_000000.png,large brown rubber cylinder,large purple metal sphere,a_front,large,a_front,True,a_front,True,b_front,False,a_front,True,a_front,True,b_front,False
CLEVR_val_000073.png,small blue rubber sphere,large gray rubber sphere,b_front,medium,b_front,True,b_front,True,a_front,False,b_front,True,b_front,True,a_front,False
CLEVR_val_000015.png,small red metal sphere,small gray metal cube,a_front,large,a_front,True,a_front,True,b_front,False,a_front,True,a_front,True,b_front,False
CLEVR_val_000069.png,large green rubber cube,small green rubber cube,b_front,medium,b_front,True,b_front,True,a_front,False,a_front,False,b_front,True,a_front,False
CLEVR_val_000077.png,small cyan metal cylinder,large blue rubber cube,a_front,large,a_front,True,a_front,True,b_front,False,b_front,False,b_front,False,a_front,True
CLEVR_val_000025.png,small cyan metal cylinder,large cyan rubber cylinder,b_front,large,b_front,True,b_front,True,a_front,False,b_front,True,b_front,True,a_front,False
CLEVR_val_000158.png,large gray metal sphere,large purple rubber sphere,b_front,large,a_front,False,b_front,True,a_front,False,a_front,False,a_front,False,b_front,True
CLEVR_val_000252.png,small brown metal cube,large cyan metal cube,a_front,medium,b_front,False,a_front,True,b_front,False,b_front,False,a_front,True,b_front,False
CLEVR_val_000046.png,large purple metal cylinder,small green rubber sphere,a_front,large,a_front,True,a_front,True,b_front,False,a_front,True,b_front,False,a_front,True
CLEVR_val_000201.png,small yellow rubber sphere,small blue metal cylinder,b_front,large,b_front,True,b_front,True,a_front,False,b_front,True,b_front,True,a_front,False
CLEVR_val_000188.png,small red metal sphere,large green rubber sphere,b_front,small,a_front,False,b_front,True,a_front,False,b_front,True,b_front,True,a_front,False
CLEVR_val_000035.png,large cyan rubber cylinder,small brown rubber cylinder,a_front,large,b_front,False,a_front,True,b_front,False,a_front,True,b_front,False,a_front,True
CLEVR_val_000125.png,small brown rubber sphere,small brown rubber cube,b_front,large,a_front,False,b_front,True,a_front,False,a_front,False,a_front,False,b_front,True
CLEVR_val_000148.png,large brown metal sphere,small gray rubber sphere,b_front,small,b_front,True,b_front,True,a_front,False,a_front,False,a_front,False,b_front,True
CLEVR_val_000244.png,large red rubber cube,large purple metal cube,b_front,medium,a_front,False,b_front,True,a_front,False,a_front,False,a_front,False,b_front,True
CLEVR_val_000095.png,large blue metal sphere,large yellow metal sphere,a_front,small,b_front,False,a_front,True,b_front,False,b_front,False,a_front,True,b_front,False
CLEVR_val_000277.png,large purple rubber sphere,large brown rubber sphere,b_front,large,a_front,False,b_front,True,a_front,False,a_front,False,a_front,False,b_front,True
CLEVR_val_000111.png,small yellow metal cube,large purple rubber cylinder,b_front,large,b_front,True,b_front,True,a_front,False,b_front,True,a_front,False,b_front,True
CLEVR_val_000248.png,small green metal sphere,large green rubber sphere,a_front,large,a_front,True,a_front,True,b_front,False,b_front,False,a_front,True,b_front,False
CLEVR_val_000097.png,large purple rubber sphere,small cyan metal cylinder,b_front,medium,b_front,True,b_front,True,a_front,False,a_front,False,b_front,True,a_front,False
CLEVR_val_000261.png,large yellow metal cylinder,large green rubber cube,a_front,large,a_front,True,a_front,True,b_front,False,a_front,True,a_front,True,b_front,False
CLEVR_val_000138.png,large blue metal sphere,large brown rubber cube,b_front,large,b_front,True,b_front,True,a_front,False,b_front,True,b_front,True,a_front,False
CLEVR_val_000201.png,small yellow metal sphere,small blue metal cylinder,b_front,large,a_front,False,b_front,True,a_front,False,a_front,False,a_front,False,b_front,True
CLEVR_val_000018.png,large red metal cylinder,small cyan rubber cylinder,a_front,medium,b_front,False,a_front,True,b_front,False,a_front,True,b_front,False,a_front,True
CLEVR_val_000184.png,small red rubber sphere,large cyan rubber cylinder,b_front,medium,a_front,False,b_front,True,a_front,False,b_front,True,b_front,True,a_front,False
CLEVR_val_000221.png,small blue metal cylinder,large cyan metal sphere,b_front,large,b_front,True,b_front,True,a_front,False,b_front,True,a_front,False,b_front,True
CLEVR_val_000203.png,small cyan metal cube,small gray metal cube,a_front,medium,a_front,True,a_front,True,b_front,False,a_front,True,a_front,True,b_front,False
CLEVR_val_000057.png,small cyan rubber cylinder,small brown rubber cylinder,b_front,large,b_front,True,b_front,True,a_front,False,b_front,True,b_front,True,a_front,False
CLEVR_val_000203.png,small yellow metal cube,large green rubber cylinder,a_front,large,a_front,True,a_front,True,b_front,False,b_front,False,a_front,True,b_front,False
CLEVR_val_000227.png,small red rubber cylinder,large gray metal cylinder,b_front,large,b_front,True,b_front,True,a_front,False,b_front,True,b_front,True,a_front,False
CLEVR_val_000157.png,small gray rubber sphere,large cyan rubber cylinder,b_front,large,a_front,False,b_front,True,a_front,False,b_front,True,a_front,False,b_front,True
CLEVR_val_000204.png,small green rubber cylinder,large cyan rubber sphere,b_front,large,b_front,True,b_front,True,a_front,False,b_front,True,a_front,False,b_front,True
CLEVR_val_000236.png,small yellow metal sphere,large green metal cylinder,a_front,large,a_front,True,a_front,True,b_front,False,b_front,False,b_front,False,a_front,True
CLEVR_val_000152.png,large yellow metal sphere,large red metal cylinder,b_front,small,b_front,True,b_front,True,a_front,False,b_front,True,a_front,False,b_front,True
CLEVR_val_000278.png,large cyan metal cube,small blue metal cube,b_front,large,a_front,False,b_front,True,a_front,False,a_front,False,b_front,True,a_front,False
CLEVR_val_000183.png,small yellow metal cube,large brown metal sphere,a_front,small,b_front,False,a_front,True,b_front,False,b_front,False,b_front,False,a_front,True
CLEVR_val_000248.png,large green rubber sphere,small cyan rubber cylinder,b_front,large,a_front,False,b_front,True,a_front,False,a_front,False,b_front,True,a_front,False
CLEVR_val_000270.png,small red rubber cylinder,large yellow rubber sphere,a_front,large,b_front,False,a_front,True,b_front,False,b_front,False,a_front,True,b_front,False
CLEVR_val_000181.png,small brown metal cube,large green metal cube,a_front,large,a_front,True,a_front,True,b_front,False,b_front,False,a_front,True,b_front,False
CLEVR_val_000134.png,small gray rubber cylinder,large brown metal cylinder,a_front,large,b_front,False,a_front,True,b_front,False,b_front,False,b_front,False,a_front,True
CLEVR_val_000138.png,small red metal sphere,large brown rubber cube,b_front,medium,a_front,False,b_front,True,a_front,False,b_front,True,b_front,True,a_front,False
CLEVR_val_000216.png,small purple metal cube,large green rubber cylinder,b_front,large,b_front,True,b_front,True,a_front,False,b_front,True,b_front,True,a_front,False
CLEVR_val_000068.png,large purple metal cylinder,small red rubber cylinder,b_front,large,a_front,False,b_front,True,a_front,False,a_front,False,b_front,True,a_front,False
CLEVR_val_000083.png,small green rubber cylinder,small brown metal sphere,a_front,large,b_front,False,a_front,True,b_front,False,b_front,False,a_front,True,b_front,False
CLEVR_val_000152.png,small brown metal cylinder,small blue rubber cylinder,b_front,large,a_front,False,b_front,True,a_front,False,a_front,False,a_front,False,b_front,True
CLEVR_val_000156.png,small purple metal sphere,small blue metal cube,b_front,large,b_front,True,b_front,True,a_front,False,b_front,True,a_front,False,b_front,True
CLEVR_val_000008.png,large yellow metal sphere,small yellow metal cube,b_front,large,a_front,False,b_front,True,a_front,False,a_front,False,a_front,False,b_front,True
CLEVR_val_000001.png,small blue metal cylinder,small yellow rubber cylinder,b_front,large,b_front,True,b_front,True,a_front,False,b_front,True,b_front,True,a_front,False
CLEVR_val_000259.png,large brown rubber sphere,small red metal cube,b_front,large,a_front,False,b_front,True,a_front,False,a_front,False,b_front,True,a_front,False
CLEVR_val_000074.png,large blue metal cube,large yellow metal sphere,a_front,large,b_front,False,a_front,True,b_front,False,b_front,False,a_front,True,b_front,False
CLEVR_val_000146.png,small gray metal cube,small red metal sphere,b_front,large,a_front,False,b_front,True,a_front,False,a_front,False,a_front,False,b_front,True
CLEVR_val_000240.png,large blue metal cube,large cyan metal cube,a_front,large,b_front,False,a_front,True,b_front,False,b_front,False,a_front,True,b_front,False
CLEVR_val_000122.png,large green metal sphere,large green metal cube,a_front,small,a_front,True,a_front,True,b_front,False,a_front,True,a_front,True,b_front,False
CLEVR_val_000173.png,large green metal sphere,small red metal cube,a_front,medium,b_front,False,a_front,True,b_front,False,a_front,True,a_front,True,b_front,False
CLEVR_val_000217.png,small cyan metal cube,large cyan rubber cylinder,a_front,medium,a_front,True,a_front,True,b_front,False,b_front,False,b_front,False,a_front,True
CLEVR_val_000220.png,small brown metal cylinder,small yellow metal cylinder,a_front,large,b_front,False,a_front,True,b_front,False,b_front,False,b_front,False,a_front,True
CLEVR_val_000073.png,large purple rubber sphere,small green metal sphere,a_front,medium,a_front,True,a_front,True,b_front,False,a_front,True,a_front,True,b_front,False
CLEVR_val_000178.png,large green rubber sphere,small red metal cylinder,a_front,medium,b_front,False,a_front,True,b_front,False,a_front,True,b_front,False,a_front,True
CLEVR_val_000287.png,small brown rubber sphere,large green metal cylinder,a_front,medium,a_front,True,a_front,True,b_front,False,b_front,False,a_front,True,b_front,False
CLEVR_val_000175.png,small red rubber cylinder,large blue metal sphere,a_front,large,b_front,False,a_front,True,b_front,False,b_front,False,a_front,True,b_front,False
CLEVR_val_000137.png,small brown metal sphere,small red metal sphere,b_front,medium,a_front,False,b_front,True,a_front,False,a_front,False,b_front,True,a_front,False
CLEVR_val_000245.png,large red rubber sphere,small gray metal sphere,b_front,large,b_front,True,b_front,True,a_front,False,a_front,False,a_front,False,b_front,True
CLEVR_val_000036.png,small cyan metal cube,small yellow metal cylinder,b_front,small,a_front,False,b_front,True,a_front,False,a_front,False,b_front,True,a_front,False
CLEVR_val_000179.png,large cyan rubber cylinder,large brown metal cube,b_front,large,b_front,True,b_front,True,a_front,False,b_front,True,b_front,True,a_front,False
CLEVR_val_000166.png,small purple metal cube,large red metal cylinder,b_front,large,a_front,False,b_front,True,a_front,False,b_front,True,a_front,False,b_front,True
CLEVR_val_000283.png,small purple rubber cylinder,large brown metal cylinder,b_front,large,b_front,True,b_front,True,a_front,False,b_front,True,a_front,False,b_front,True
CLEVR_val_000232.png,small brown metal sphere,large purple metal cylinder,b_front,large,a_front,False,b_front,True,a_front,False,b_front,True,a_front,False,b_front,True
CLEVR_val_000087.png,small purple rubber cylinder,large brown metal cylinder,a_front,large,b_front,False,a_front,True,b_front,False,b_front,False,b_front,False,a_front,True
CLEVR_val_000242.png,large yellow metal sphere,large red rubber sphere,b_front,medium,a_front,False,b_front,True,a_front,False,a_front,False,a_front,False,b_front,True
CLEVR_val_000236.png,small cyan rubber sphere,small brown metal cube,a_front,medium,b_front,False,a_front,True,b_front,False,b_front,False,a_front,True,b_front,False
CLEVR_val_000078.png,small gray rubber cylinder,large gray rubber cylinder,a_front,large,a_front,True,a_front,True,b_front,False,b_front,False,b_front,False,a_front,True
CLEVR_val_000036.png,large red metal sphere,small red metal cylinder,a_front,large,b_front,False,a_front,True,b_front,False,a_front,True,a_front,True,b_front,False
CLEVR_val_000196.png,small purple metal sphere,small purple rubber cube,b_front,large,a_front,False,b_front,True,a_front,False,a_front,False,b_front,True,a_front,False
CLEVR_val_000170.png,large red metal cylinder,large green metal cube,a_front,medium,b_front,False,a_front,True,b_front,False,b_front,False,a_front,True,b_front,False
CLEVR_val_000078.png,small purple metal cylinder,large gray rubber cylinder,a_front,large,a_front,True,a_front,True,b_front,False,b_front,False,b_front,False,a_front,True
CLEVR_val_000127.png,large cyan metal cylinder,large green rubber cube,b_front,small,b_front,True,b_front,True,a_front,False,b_front,True,a_front,False,b_front,True
CLEVR_val_000196.png,small yellow rubber sphere,small purple metal sphere,a_front,medium,a_front,True,a_front,True,b_front,False,a_front,True,a_front,True,b_front,False
CLEVR_val_000053.png,small red rubber cube,large blue rubber sphere,a_front,large,b_front,False,a_front,True,b_front,False,b_front,False,a_front,True,b_front,False
CLEVR_val_000123.png,small brown rubber cylinder,small gray metal cube,a_front,medium,a_front,True,a_front,True,b_front,False,a_front,True,a_front,True,b_front,False
CLEVR_val_000045.png,small brown rubber sphere,large purple metal sphere,a_front,large,b_front,False,a_front,True,b_front,False,b_front,False,a_front,True,b_front,False
CLEVR_val_000247.png,small blue rubber sphere,large green metal cylinder,b_front,large,a_front,False,b_front,True,a_front,False,b_front,True,a_front,False,b_front,True
CLEVR_val_000043.png,small yellow rubber cube,small cyan rubber cylinder,a_front,large,b_front,False,a_front,True,b_front,False,b_front,False,b_front,False,a_front,True
CLEVR_val_000236.png,small green metal sphere,small brown metal sphere,a_front,large,a_front,True,a_front,True,b_front,False,a_front,True,b_front,False,a_front,True
CLEVR_val_000228.png,small brown rubber cube,small brown rubber sphere,b_front,small,b_front,True,b_front,True,a_front,False,b_front,True,a_front,False,b_front,True
CLEVR_val_000234.png,large purple rubber cube,large red metal cube,a_front,small,a_front,True,a_front,True,b_front,False,a_front,True,a_front,True,b_front,False
CLEVR_val_000196.png,small blue metal cube,small yellow metal cube,b_front,small,b_front,True,b_front,True,a_front,False,b_front,True,b_front,True,a_front,False
CLEVR_val_000110.png,small brown metal cylinder,small brown rubber cylinder,a_front,small,a_front,True,a_front,True,b_front,False,a_front,True,a_front,True,b_front,False
CLEVR_val_000167.png,large gray rubber cylinder,large purple rubber cylinder,a_front,medium,b_front,False,a_front,True,b_front,False,b_front,False,b_front,False,a_front,True
CLEVR_val_000237.png,small green metal cylinder,large brown metal sphere,a_front,medium,a_front,True,a_front,True,b_front,False,b_front,False,a_front,True,b_front,False
CLEVR_val_000287.png,small purple metal sphere,small yellow metal cube,b_front,large,b_front,True,b_front,True,a_front,False,b_front,True,a_front,False,b_front,True
CLEVR_val_000110.png,large blue rubber cylinder,large red metal sphere,b_front,large,a_front,False,b_front,True,a_front,False,a_front,False,b_front,True,a_front,False
CLEVR_val_000071.png,small green rubber sphere,small purple rubber cylinder,a_front,large,b_front,False,a_front,True,b_front,False,b_front,False,a_front,True,b_front,False
CLEVR_val_000200.png,large green metal sphere,large purple metal cube,a_front,small,a_front,True,a_front,True,b_front,False,a_front,True,b_front,False,a_front,True
CLEVR_val_000195.png,large cyan metal sphere,large green rubber sphere,b_front,large,b_front,True,b_front,True,a_front,False,b_front,True,a_front,False,b_front,True
CLEVR_val_000217.png,small brown metal sphere,large cyan rubber cylinder,a_front,large,a_front,True,a_front,True,b_front,False,b_front,False,b_front,False,a_front,True
CLEVR_val_000144.png,large gray rubber cylinder,large brown rubber cylinder,b_front,large,b_front,True,b_front,True,a_front,False,b_front,True,a_front,False,b_front,True
CLEVR_val_000116.png,small blue rubber sphere,small yellow metal cylinder,a_front,medium,a_front,True,a_front,True,b_front,False,a_front,True,a_front,True,b_front,False
CLEVR_val_000001.png,small cyan rubber cylinder,large blue metal cube,a_front,large,b_front,False,a_front,True,b_front,False,b_front,False,a_front,True,b_front,False
CLEVR_val_000185.png,large purple rubber sphere,small yellow rubber sphere,b_front,medium,a_front,False,b_front,True,a_front,False,a_front,False,b_front,True,a_front,False
CLEVR_val_000198.png,large blue rubber sphere,large red metal cube,a_front,large,b_front,False,a_front,True,b_front,False,b_front,False,b_front,False,a_front,True
CLEVR_val_000191.png,small yellow metal cube,small brown metal cube,a_front,small,a_front,True,a_front,True,b_front,False,a_front,True,a_front,True,b_front,False
CLEVR_val_000032.png,small gray rubber cylinder,small purple metal cylinder,a_front,small,b_front,False,a_front,True,b_front,False,b_front,False,a_front,True,b_front,False
CLEVR_val_000243.png,small purple metal cylinder,small blue rubber cube,a_front,medium,a_front,True,a_front,True,b_front,False,a_front,True,a_front,True,b_front,False
CLEVR_val_000172.png,small brown metal cylinder,large green metal sphere,b_front,large,b_front,True,b_front,True,a_front,False,b_front,True,a_front,False,b_front,True
CLEVR_val_000287.png,small red metal cube,small blue metal cylinder,a_front,medium,a_front,True,a_front,True,b_front,False,a_front,True,b_front,False,a_front,True
CLEVR_val_000188.png,small brown metal cylinder,small red metal sphere,b_front,small,b_front,True,b_front,True,a_front,False,b_front,True,b_front,True,a_front,False
CLEVR_val_000111.png,large cyan rubber cylinder,large green rubber sphere,a_front,large,a_front,True,a_front,True,b_front,False,a_front,True,b_front,False,a_front,True
CLEVR_val_000106.png,small yellow metal cylinder,large green rubber cube,b_front,large,b_front,True,b_front,True,a_front,False,b_front,True,a_front,False,b_front,True
CLEVR_val_000171.png,small brown rubber cylinder,small blue metal sphere,a_front,large,a_front,True,a_front,True,b_front,False,a_front,True,a_front,True,b_front,False
CLEVR_val_000031.png,small red rubber cylinder,large gray metal cube,b_front,medium,b_front,True,b_front,True,a_front,False,b_front,True,a_front,False,b_front,True
CLEVR_val_000239.png,large cyan rubber cylinder,small purple rubber cylinder,b_front,large,a_front,False,b_front,True,a_front,False,a_front,False,a_front,False,b_front,True
CLEVR_val_000160.png,small cyan metal sphere,large red rubber cylinder,b_front,medium,b_front,True,b_front,True,a_front,False,b_front,True,b_front,True,a_front,False
CLEVR_val_000129.png,large gray metal sphere,small brown metal cylinder,b_front,large,a_front,False,b_front,True,a_front,False,a_front,False,a_front,False,b_front,True
CLEVR_val_000077.png,large purple rubber sphere,large blue rubber cube,b_front,large,b_front,True,b_front,True,a_front,False,b_front,True,b_front,True,a_front,False
CLEVR_val_000014.png,small brown rubber cylinder,large green rubber cylinder,a_front,large,a_front,True,a_front,True,b_front,False,b_front,False,b_front,False,a_front,True
CLEVR_val_000004.png,small red rubber sphere,small purple rubber cylinder,a_front,large,b_front,False,a_front,True,b_front,False,b_front,False,a_front,True,b_front,False
CLEVR_val_000068.png,small cyan metal cube,small red metal cube,b_front,large,a_front,False,b_front,True,a_front,False,a_front,False,a_front,False,b_front,True
CLEVR_val_000075.png,large purple metal cylinder,small brown metal cube,b_front,small,b_front,True,b_front,True,a_front,False,a_front,False,b_front,True,a_front,False
CLEVR_val_000030.png,large cyan rubber sphere,large cyan rubber cube,b_front,large,a_front,False,b_front,True,a_front,False,a_front,False,a_front,False,b_front,True
CLEVR_val_000118.png,small blue rubber cube,small brown rubber cube,b_front,medium,b_front,True,b_front,True,a_front,False,b_front,True,a_front,False,b_front,True
CLEVR_val_000225.png,large brown rubber cube,small cyan rubber cube,a_front,large,a_front,True,a_front,True,b_front,False,a_front,True,b_front,False,a_front,True
CLEVR_val_000242.png,large cyan metal sphere,large red rubber sphere,b_front,large,b_front,True,b_front,True,a_front,False,b_front,True,b_front,True,a_front,False
CLEVR_val_000247.png,small blue rubber sphere,small blue metal cube,b_front,large,a_front,False,b_front,True,a_front,False,a_front,False,a_front,False,b_front,True
CLEVR_val_000127.png,large green rubber cube,small red metal sphere,a_front,large,b_front,False,a_front,True,b_front,False,a_front,True,b_front,False,a_front,True
CLEVR_val_000109.png,small gray rubber cylinder,small yellow rubber cylinder,b_front,small,a_front,False,b_front,True,a_front,False,a_front,False,a_front,False,b_front,True
CLEVR_val_000142.png,small cyan rubber cube,small green metal cylinder,a_front,large,b_front,False,a_front,True,b_front,False,b_front,False,b_front,False,a_front,True
CLEVR_val_000071.png,large red rubber cube,small purple rubber cylinder,b_front,medium,a_front,False,b_front,True,a_front,False,a_front,False,a_front,False,b_front,True
CLEVR_val_000155.png,small blue rubber cylinder,large purple metal sphere,a_front,medium,b_front,False,a_front,True,b_front,False,b_front,False,b_front,False,a_front,True
CLEVR_val_000246.png,large blue rubber sphere,small yellow metal cube,b_front,large,a_front,False,b_front,True,a_front,False,a_front,False,a_front,False,b_front,True
CLEVR_val_000028.png,large red metal cube,large purple metal sphere,a_front,large,b_front,False,a_front,True,b_front,False,b_front,False,b_front,False,a_front,True
